,0
im,440
like,392
think,330
people,275
dont,271
esfj,264
one,243
know,222
type,214
thing,192
get,189
time,184
really,180
would,179
feel,158
love,152
lot,150
much,140
ive,140
friend,140
esfjs,136
make,134
well,120
good,115
want,115
way,114
say,105
though,101
something,99
also,99
always,95
fe,92
find,92
see,92
year,92
someone,89
thats,87
lol,86
hundred,85
sure,83
even,82
help,80
two,78
intp,78
guy,75
first,74
need,73
life,73
could,72
youre,72
id,72
function,71
go,69
probably,69
mean,67
sometimes,66
cant,66
relationship,65
come,65
take,65
person,64
feeling,62
maybe,62
best,62
going,61
pretty,61
agree,60
many,60
thought,59
happy,59
others,59
said,57
yes,57
still,56
never,56
read,54
thank,53
question,53
right,53
post,52
tell,52
thanks,52
definitely,52
thread,52
anything,52
little,51
http,51
personality,51
actually,51
kind,51
great,50
back,50
hard,50
mbti,49
sound,49
talking,48
new,47
try,47
test,46
seem,46
didnt,46
doesnt,46
forum,46
work,45
ne,45
let,45
different,45
got,45
infp,45
may,45
thousand,44
around,43
might,43
usually,42
talk,42
everyone,42
yeah,42
enfp,41
since,41
reason,41
understand,41
problem,41
intj,41
day,41
entp,41
look,40
welcome,40
trying,40
quite,40
using,40
better,39
fun,39
si,39
intps,39
believe,39
tend,39
ill,39
long,39
another,39
ti,39
nice,38
show,38
interesting,38
ever,38
every,38
isfj,37
bad,36
shes,36
everything,35
seems,35
enough,35
keep,35
fi,35
three,35
true,35
infj,35
give,35
often,35
school,35
bit,34
isfp,34
anyone,34
part,34
getting,33
idea,33
use,33
last,33
used,33
close,32
word,32
thinking,32
sense,32
sent,32
ask,31
oh,31
high,31
havent,31
ni,30
personally,30
twenty,30
ten,30
mind,29
iphone,29
movie,29
especially,28
past,28
se,28
enfj,28
point,28
start,28
else,28
made,28
saying,27
book,27
however,27
place,27
big,27
experience,27
took,27
tapatalk,27
guess,27
theyre,27
far,26
thirty,26
favorite,26
sorry,26
care,26
mom,26
already,26
esfp,26
girl,26
hey,26
almost,25
enjoy,25
either,25
arent,25
five,25
enneagram,25
alone,25
social,25
situation,25
done,24
change,24
hate,24
isnt,24
found,24
ago,24
hi,24
based,24
along,24
four,24
seen,24
sister,24
least,24
together,23
youve,23
estj,23
month,23
relate,23
put,23
interested,23
value,23
example,23
please,22
general,22
looking,22
exactly,22
introvert,22
istj,22
hope,22
funny,21
whether,21
sort,21
wish,21
hello,21
kid,21
appreciate,21
emotional,21
play,21
world,21
completely,21
ninety,20
answer,20
description,20
eye,20
conversation,20
certain,20
although,20
without,20
self,20
rather,20
real,20
cognitive,20
across,19
job,19
issue,19
family,19
end,19
man,19
case,19
making,19
meet,19
yet,19
six,19
currently,19
wrong,19
list,18
matter,18
home,18
entj,18
male,18
ok,18
emotion,18
fifty,18
crazy,18
fit,18
wanted,18
site,18
away,17
open,17
knew,17
working,17
strong,17
topic,17
reply,17
consider,17
dominant,17
cry,17
stop,17
te,17
stuff,17
isfps,17
nine,17
fact,17
cool,17
eight,17
hurt,17
moment,16
le,16
user,16
behavior,16
mostly,16
married,16
husband,16
half,16
college,16
understanding,16
aware,16
reading,16
typing,16
glad,16
interest,16
head,16
female,16
second,16
live,16
started,15
haha,15
known,15
briggs,15
wouldnt,15
perfect,15
listen,15
felt,15
dom,15
course,15
similar,15
asking,15
easily,15
sensitive,15
istp,15
watching,15
song,15
physical,15
taking,15
fight,15
recently,15
sad,15
woman,15
brother,15
later,15
liked,15
myers,15
tongue,14
couple,14
must,14
extrovert,14
able,14
music,14
input,14
remember,14
view,14
decision,14
figure,14
share,14
number,14
quote,14
unless,14
random,14
seven,14
intjs,14
living,14
learn,14
coming,14
heard,14
told,14
weird,14
video,14
fairly,14
wow,14
hear,14
whats,14
couldnt,14
advice,14
speak,13
honest,13
deal,13
easier,13
meant,13
late,13
watch,13
week,13
men,13
honestly,13
act,13
response,13
dad,13
na,13
wont,13
anyway,13
name,13
story,13
difference,13
totally,13
stay,13
group,13
healthy,13
language,13
trust,13
introverted,13
starting,13
stand,13
inferior,12
sex,12
loved,12
xd,12
instead,12
given,12
quality,12
difficult,12
whole,12
lonely,12
saw,12
possible,12
shy,12
generally,12
character,12
order,12
call,12
extroverted,12
learning,12
confused,12
posted,12
disney,12
absolutely,12
etc,12
okay,12
next,12
message,12
isfjs,12
mood,12
seriously,12
upset,12
add,12
sx,12
prefer,12
single,11
lead,11
pain,11
natural,11
helping,11
discussion,11
depends,11
dislike,11
child,11
seeing,11
old,11
extremely,11
hand,11
laugh,11
listening,11
easy,11
check,11
sleep,11
common,11
match,11
met,11
perspective,11
finding,11
whenever,11
stupid,11
boyfriend,11
write,11
suppose,11
break,11
young,11
fast,11
truly,11
nothing,11
english,11
amazing,11
bored,11
dating,11
posting,10
gave,10
explain,10
link,10
win,10
mine,10
certainly,10
annoying,10
individual,10
joke,10
free,10
finished,10
attention,10
wondering,10
happens,10
stereotype,10
particularly,10
parent,10
letter,10
important,10
ha,10
door,10
food,10
tired,10
super,10
estp,10
spend,10
watched,10
thinker,10
notice,10
awesome,10
party,10
taken,10
trait,10
eighty,10
mentioned,10
date,10
voice,10
deep,10
album,10
result,10
entps,10
level,10
term,10
whatever,10
room,10
knowing,9
typed,9
depressed,9
understood,9
proud,9
boy,9
non,9
million,9
friendly,9
estjs,9
join,9
fall,9
teacher,9
inside,9
trouble,9
follow,9
color,9
insight,9
computer,9
angry,9
study,9
class,9
bring,9
accurate,9
infps,9
realized,9
laughing,9
tv,9
wait,9
romantic,9
environment,9
picture,9
enfjs,9
incredibly,9
comment,9
coffee,9
waiting,9
action,9
god,9
typical,9
called,9
heavy,9
chance,9
writing,9
statement,9
heart,9
knowledge,9
sensor,9
choice,9
eleven,9
cat,9
towards,9
wasnt,9
wonder,9
major,9
forty,9
information,8
admit,8
gotten,8
ability,8
chat,8
hit,8
changed,8
learned,8
naturally,8
ex,8
communication,8
helpful,8
bother,8
game,8
opinion,8
car,8
istps,8
realize,8
describe,8
miss,8
fine,8
planning,8
rule,8
hobby,8
drink,8
fifteen,8
blue,8
op,8
fan,8
control,8
talked,8
avoid,8
argument,8
plan,8
worry,8
seventy,8
dear,8
tendency,8
positive,8
happen,8
version,8
sensing,8
wan,8
preference,8
worst,8
personal,8
messy,8
beautiful,8
likely,8
happiness,8
top,8
dream,8
cheese,8
comfortable,8
possibility,8
literally,8
behind,8
imagine,8
sp,8
tried,8
finally,8
curious,8
series,8
update,8
disagree,8
photo,8
avatar,8
weve,8
telling,8
vary,8
lived,8
specific,8
emotionally,8
father,8
future,8
full,8
opposite,8
side,8
perfectly,8
line,8
degree,8
strange,7
pay,7
hold,7
approach,7
meaning,7
smile,7
detail,7
today,7
stranger,7
member,7
adult,7
sign,7
considered,7
studied,7
shouldnt,7
pick,7
hair,7
gif,7
energy,7
drive,7
attracted,7
giving,7
childhood,7
grow,7
cooking,7
role,7
theory,7
dead,7
area,7
mad,7
friendship,7
accept,7
complete,7
strongly,7
hour,7
identify,7
become,7
perc,7
worth,7
unfortunately,7
main,7
sitting,7
season,7
possibly,7
small,7
dated,7
serious,7
mother,7
internet,7
wife,7
leave,7
desire,7
basically,7
face,7
truth,7
continue,7
holiday,7
3w2,7
creative,7
awkward,7
appreciated,7
unsure,7
somebody,7
teaching,7
shared,7
meeting,7
express,7
recommend,7
related,7
push,7
impossible,7
terrible,7
society,7
french,7
period,7
sixty,7
constantly,7
happened,7
sentence,7
medium,7
form,7
throughout,7
christmas,7
unhealthy,7
night,7
annoyed,7
correct,7
subject,7
enfps,7
wink,7
asked,7
developed,7
due,7
original,6
youd,6
wanting,6
sixteen,6
die,6
borderline,6
drawn,6
esfps,6
youll,6
needed,6
attractive,6
kinda,6
alot,6
cute,6
definite,6
company,6
hug,6
somewhere,6
pic,6
tomorrow,6
style,6
note,6
hang,6
supposed,6
source,6
sweet,6
fourteen,6
death,6
short,6
perhaps,6
memory,6
belief,6
turn,6
higher,6
friday,6
final,6
anime,6
playing,6
hoping,6
infjs,6
ya,6
entire,6
leaving,6
fix,6
popular,6
benefit,6
birthday,6
luck,6
among,6
nobody,6
brown,6
comfort,6
partner,6
mental,6
somewhat,6
worked,6
math,6
9w8,6
coldnobility,6
middle,6
odd,6
compare,6
hobbit,6
entirely,6
necessarily,6
argue,6
police,6
black,6
japanese,6
amount,6
confidence,6
ended,6
sick,6
quiet,6
hell,6
dark,6
intuition,6
tested,6
process,6
lack,6
confident,6
wonderful,6
article,6
came,6
concrete,6
skill,6
awhile,6
nt,6
except,6
describing,6
support,6
medical,6
reminds,6
goal,6
stereotypical,6
organized,6
questionnaire,6
highly,6
low,6
adventure,6
spirit,6
cause,6
text,6
scared,6
sticking,6
art,6
brought,6
growing,6
nearly,6
gone,5
de,5
send,5
history,5
putting,5
regarding,5
harder,5
mysterious,5
health,5
normally,5
habit,5
touch,5
soul,5
7w8,5
shell,5
roommate,5
effort,5
spoiler,5
shit,5
set,5
dealing,5
nerd,5
looked,5
nail,5
jealousy,5
score,5
typically,5
state,5
gon,5
excuse,5
obvious,5
within,5
joking,5
responding,5
selfish,5
yay,5
typology,5
noticed,5
wear,5
american,5
introversion,5
normal,5
answering,5
buy,5
curiosity,5
country,5
logic,5
key,5
conscious,5
upon,5
brain,5
saturday,5
discovered,5
space,5
bos,5
lenabelle,5
felix,5
spot,5
speaking,5
careful,5
literature,5
frustrating,5
explains,5
compatibility,5
winchie,5
security,5
lean,5
ignore,5
analyze,5
extraverted,5
edition,5
master,5
affirmation,5
earlier,5
impression,5
harsh,5
gift,5
adhd,5
film,5
christian,5
poor,5
fantastic,5
fellow,5
research,5
loving,5
hasnt,5
admire,5
sharing,5
described,5
age,5
poster,5
1w2,5
count,5
tough,5
pattern,5
offer,5
sexy,5
definition,5
balance,5
classic,5
cafe,5
feedback,5
mention,5
btw,5
xntp,5
field,5
mistake,5
practical,5
willing,5
therapist,5
led,5
cough,5
green,5
exact,5
regina,5
tradition,5
fear,5
soon,5
solution,5
stress,5
philosophical,5
hint,5
shallow,5
considering,5
finish,5
eating,5
anxiety,5
mess,5
pet,5
losing,5
beauty,5
deeply,5
recent,5
physically,5
respond,5
connect,5
planned,5
vegetarian,5
older,5
younger,5
busy,5
connection,5
combination,5
went,5
belong,5
double,5
clear,5
assume,5
tag,5
judging,5
outside,5
apparently,5
spent,4
drawing,4
seemed,4
partially,4
appeal,4
regard,4
left,4
shocked,4
respect,4
compliment,4
bunch,4
tbh,4
provide,4
running,4
journey,4
restaurant,4
object,4
interview,4
academic,4
outwardly,4
snail,4
risk,4
animal,4
personalikitty,4
istjs,4
français,4
category,4
early,4
false,4
pop,4
hmm,4
properly,4
external,4
asleep,4
flower,4
current,4
forgot,4
fantasy,4
objective,4
wrote,4
conflict,4
feeler,4
weak,4
mid,4
distance,4
rock,4
socially,4
cure,4
everybody,4
active,4
intuitives,4
cared,4
logical,4
event,4
rarely,4
front,4
clarify,4
anymore,4
forever,4
ah,4
available,4
condition,4
passionate,4
quickly,4
cold,4
majority,4
overwhelmed,4
breakup,4
suggestion,4
doubt,4
create,4
genuinely,4
attitude,4
twelve,4
appreciation,4
grocery,4
bed,4
scare,4
sun,4
board,4
ton,4
particular,4
stare,4
um,4
solid,4
aside,4
surroundings,4
3w4,4
folk,4
corner,4
scored,4
prone,4
none,4
alike,4
joined,4
clubhouse,4
mr,4
debut,4
excited,4
semi,4
equally,4
blonde,4
shut,4
perceived,4
concept,4
several,4
title,4
image,4
frieza,4
data,4
intellectual,4
multiple,4
becoming,4
regardless,4
compatible,4
smart,4
humor,4
filter,4
artist,4
career,4
exclusive,4
mutual,4
imo,4
german,4
lately,4
otis,4
mac,4
viewpoint,4
routine,4
lose,4
trusting,4
confrontation,4
hahaha,4
strength,4
special,4
interacting,4
deny,4
shyness,4
community,4
yesterday,4
engineering,4
walk,4
hanging,4
huge,4
hatred,4
boring,4
fucking,4
experiencing,4
checking,4
majoring,4
lost,4
estps,4
agreed,4
ugh,4
toward,4
section,4
kill,4
forget,4
clearly,4
mouth,4
business,4
forth,4
fair,4
pressure,4
girlfriend,4
monopoly,4
judge,4
fully,4
psychology,4
falling,4
vous,4
mainly,4
growth,4
attached,4
gossip,4
abusive,4
program,4
nature,4
idealistic,4
barely,4
excellent,4
weakness,4
zombie,4
mate,4
focus,4
eat,4
acceptable,4
science,4
essentially,4
affect,4
simple,4
stuck,4
closest,4
anyways,4
activity,4
train,4
randomly,4
useful,4
office,4
socionics,4
smell,4
tool,4
dry,4
reference,4
run,4
project,4
acting,4
success,4
cried,4
became,4
pink,4
vibe,4
6w5,4
motivate,4
water,4
rest,4
blame,4
importance,4
grade,4
insightful,4
continuing,4
bitch,4
opening,4
afraid,4
longer,4
search,4
online,4
react,4
discus,4
choose,4
political,4
riso,4
position,4
written,4
advantage,4
minute,4
whoop,3
yep,3
connecting,3
oddly,3
patient,3
ring,3
hahahaha,3
scenario,3
fixing,3
complex,3
confusing,3
guitar,3
dog,3
signature,3
tear,3
debate,3
town,3
psat,3
yea,3
floyd,3
profile,3
marriage,3
broke,3
diagnosed,3
twice,3
edge,3
doms,3
obsessed,3
concerned,3
pie,3
attempt,3
surprise,3
torn,3
scary,3
pasta,3
bleh,3
unique,3
competition,3
grim,3
claim,3
combo,3
morning,3
previously,3
ect,3
nf,3
werent,3
shoe,3
mistyped,3
fly,3
driving,3
queen,3
sophomore,3
sarah,3
apart,3
sapphire,3
machine,3
club,3
somehow,3
escape,3
gain,3
ubuntu,3
irl,3
intuitive,3
defining,3
born,3
anywhere,3
fail,3
depth,3
pretend,3
require,3
ideal,3
explaining,3
beatles,3
direction,3
guilty,3
je,3
fresh,3
followed,3
observation,3
superior,3
username,3
page,3
intention,3
dance,3
joe,3
dumb,3
strategy,3
challenge,3
esteem,3
apple,3
hide,3
simply,3
genius,3
loss,3
creativity,3
calling,3
violently,3
outer,3
misconception,3
correctly,3
skiing,3
lover,3
anytime,3
near,3
energized,3
androgynous,3
tune,3
immediate,3
hole,3
reach,3
creature,3
team,3
neither,3
engage,3
silly,3
applicable,3
negative,3
traditional,3
opportunity,3
expert,3
rejection,3
bag,3
pumpkin,3
education,3
stopped,3
kindness,3
samantha,3
sit,3
observed,3
comparison,3
drunk,3
human,3
inner,3
critical,3
hur,3
ease,3
star,3
feminine,3
kidding,3
factor,3
theyll,3
receive,3
originally,3
blossom,3
culture,3
yall,3
failed,3
private,3
missed,3
wide,3
qualify,3
bringing,3
worse,3
resource,3
john,3
thirteen,3
beyond,3
philosophy,3
moved,3
walking,3
system,3
brings,3
jerk,3
urge,3
includes,3
happy29,3
seeking,3
sport,3
sjs,3
spectrum,3
theyd,3
rainbow,3
elementary,3
draining,3
surprised,3
fb,3
answered,3
jam,3
king,3
mainstream,3
visit,3
reflecting,3
campus,3
relative,3
dude,3
wed,3
therefore,3
scientific,3
matthew,3
conclusion,3
teen,3
hr,3
marzipan01,3
casual,3
fake,3
quick,3
hmmm,3
nfp,3
kudos,3
maturity,3
abuse,3
norm,3
clue,3
difficulty,3
involves,3
president,3
depending,3
exception,3
aspect,3
taught,3
ridiculous,3
joining,3
focused,3
sage,3
bedroom,3
pleasant,3
redding,3
entjs,3
engaged,3
distracted,3
affection,3
taste,3
theyve,3
lazy,3
indeed,3
phone,3
clash,3
responded,3
matt,3
gin,3
trilogy,3
fond,3
store,3
driven,3
overall,3
large,3
bought,3
installed,3
messed,3
blog,3
disorder,3
delicious,3
impatient,3
breathing,3
radio,3
inherently,3
danger,3
despite,3
stressful,3
mellow,3
6w7,3
band,3
account,3
straight,3
applies,3
confirm,3
suggest,3
linked,3
genuine,3
fiction,3
christina,3
differently,3
extent,3
mistaken,3
extreme,3
reacting,3
added,3
reaction,3
variation,3
adorable,3
otherwise,3
command,3
clip,3
repressed,3
2nd,3
passive,3
divorce,3
box,3
gathering,3
decent,3
scream,3
spread,3
omg,3
religious,3
fascinating,3
piano,3
instinctual,3
waste,3
track,3
ultimately,3
novel,3
becomes,3
total,3
minded,3
fragile,3
chill,3
william,3
overly,3
move,3
sigh,3
grudge,3
picked,3
grew,3
enjoying,3
holding,3
hated,3
depression,3
engineer,3
hilarious,3
length,3
whose,3
hardest,3
expect,3
appear,3
fashion,3
eh,3
bitchiest,3
duals,3
shower,3
option,3
third,3
warm,3
save,3
perceiving,3
theoretical,3
persona,3
convince,3
withdrawn,3
fascinated,3
handle,3
dig,3
exaggeration,3
surprisingly,3
uncomfortable,3
idk,3
xsfjs,3
stage,3
rare,3
moving,3
dropping,3
everyones,3
writer,3
interaction,3
behave,3
inclined,3
magic,3
nope,3
badly,3
crush,3
nervous,3
hornet,3
nowadays,3
exist,3
anybody,3
step,3
googled,2
according,2
paula,2
sat,2
ahead,2
rice,2
howl,2
ganondorf,2
typism,2
embody,2
affliction,2
treatment,2
outcast,2
decipher,2
background,2
onto,2
compared,2
manga,2
trick,2
automatically,2
baby,2
dictate,2
signing,2
guessing,2
freshman,2
admin,2
disappointment,2
stereotyped,2
survive,2
minor,2
bow,2
achieve,2
ice,2
searching,2
rational,2
merit,2
showing,2
zelda,2
simpler,2
frank,2
silent,2
silver,2
draw,2
extroversion,2
underlying,2
contradiction,2
grab,2
method,2
cite,2
air,2
evidence,2
tucked,2
8w9,2
temptation,2
david,2
gallery,2
banned,2
attraction,2
initially,2
marginal,2
soup,2
blooming,2
chad,2
boundary,2
flatlander,2
effective,2
largely,2
seduce,2
imagination,2
helped,2
suddenly,2
pushover,2
bebop,2
fault,2
wing,2
baggins,2
root,2
forced,2
charismatic,2
basic,2
chart,2
marked,2
conservative,2
eighteen,2
theme,2
consensus,2
slowly,2
local,2
nowhere,2
flirt,2
complicated,2
summer,2
performance,2
pursue,2
bipolar,2
uncommon,2
5w6,2
fighting,2
vulnerable,2
sensitivity,2
enjoys,2
hunter,2
loud,2
extra,2
occurs,2
ignorant,2
persuaded,2
blushed,2
hudson,2
processing,2
lacking,2
profession,2
traffic,2
sell,2
butter,2
episode,2
smooth,2
dealt,2
hyper,2
enormous,2
homemade,2
training,2
shall,2
error,2
edit,2
pairing,2
crab,2
lennon,2
frenemy,2
5w4,2
legend,2
pencil,2
gf,2
gun,2
expand,2
remembering,2
sam,2
feed,2
chaotic,2
moral,2
ending,2
deeper,2
mechanism,2
kept,2
completed,2
gemini,2
phoenix,2
comedy,2
lifeboat,2
kick,2
programming,2
bottom,2
refreshing,2
dominate,2
shed,2
jasmine,2
parler,2
lord,2
land,2
code,2
significant,2
apologize,2
qui,2
south,2
loneliness,2
admirable,2
snoop,2
gradually,2
preferred,2
player,2
hot,2
james,2
global,2
utter,2
confusion,2
hidden,2
admitted,2
dismiss,2
smarter,2
spirited,2
fm,2
seventeen,2
money,2
accomplish,2
info,2
grandfather,2
popularity,2
achiever,2
drain,2
quarter,2
indicate,2
piss,2
thered,2
cloud,2
tertiary,2
inconsiderate,2
harm,2
disappear,2
relaxing,2
rococo,2
bet,2
exploring,2
chinese,2
whilst,2
constant,2
red,2
sympathy,2
creepy,2
updated,2
vampire,2
locked,2
cognition,2
peace,2
favourite,2
questioning,2
struggling,2
acknowledge,2
initiative,2
actively,2
wisdom,2
hm,2
promote,2
blanche,2
chatting,2
trump,2
victimized,2
researching,2
judgemental,2
islam,2
hospital,2
street,2
horrible,2
seriousness,2
chameleon,2
poetry,2
soft,2
calm,2
contact,2
sight,2
accomplished,2
experienced,2
gosh,2
national,2
honesty,2
harmony,2
reasoning,2
brief,2
procrastinator,2
painter,2
regular,2
enemy,2
nineteen,2
percafe,2
item,2
travel,2
element,2
tho,2
alright,2
heroine,2
masculine,2
reasonably,2
imperial,2
bush,2
striking,2
bruno,2
wall,2
dash,2
spektor,2
owned,2
separated,2
mic,2
paranoia,2
evil,2
mode,2
promise,2
rely,2
behaved,2
rofl,2
np,2
weed,2
practice,2
responsibility,2
socializing,2
rarity,2
hearing,2
fried,2
fortunate,2
tolerate,2
que,2
tick,2
laid,2
implying,2
musk,2
forcing,2
artistic,2
appearance,2
involved,2
sub,2
white,2
brilliant,2
dang,2
creedence,2
till,2
loop,2
bpd,2
highest,2
library,2
variant,2
request,2
taylor,2
panic,2
window,2
suggested,2
headed,2
stroganoff,2
cosmia,2
impressed,2
worded,2
sporadically,2
youtube,2
broken,2
bacon,2
el,2
butterfly,2
procastination,2
accordingly,2
slice,2
shutting,2
convey,2
royal,2
melt,2
breakdown,2
foreign,2
foot,2
deserve,2
safe,2
abstract,2
subway,2
indecisiveness,2
freak,2
offend,2
deen,2
quil,2
chuckle,2
picking,2
therapy,2
scene,2
mature,2
standard,2
rude,2
insult,2
wave,2
steam,2
directly,2
slim,2
unusual,2
charles,2
bone,2
grand,2
mask,2
gay,2
service,2
arrogant,2
pray,2
temperament,2
winter,2
naomi,2
frozen,2
direct,2
mixed,2
candy,2
including,2
smoke,2
mo,2
broad,2
spin,2
futuristic,2
january,2
dramatic,2
wholeheartedly,2
listener,2
dean,2
usual,2
skye,2
sting,2
build,2
goodness,2
generalization,2
visual,2
stack,2
demonstrate,2
teddy564339,2
aww,2
cafebot,2
beleive,2
shakespeare,2
stressed,2
excel,2
stimulating,2
captured,2
kindred,2
esxx,2
biggest,2
closer,2
technically,2
fictional,2
fearful,2
entertained,2
pair,2
stupidity,2
split,2
balanced,2
examine,2
explore,2
handling,2
februarystars,2
duty,2
polr,2
detached,2
basis,2
existence,2
baking,2
woo,2
discovery,2
harshly,2
deviantcode,2
semester,2
prompt,2
stable,2
mushroom,2
sweetie,2
anxious,2
cycle,2
weekend,2
deciding,2
refuse,2
versatile,2
investigating,2
attract,2
relatable,2
core,2
amused,2
mail,2
ding,2
hartwick,2
apology,2
studying,2
inward,2
misunderstood,2
kindle,2
tmlt,2
replied,2
besides,2
externally,2
publishing,2
internal,2
phrase,2
delicate,2
incapable,2
exercise,2
sword,2
eyebrow,2
philosopher,2
jeffries,2
nicest,2
organization,2
slightly,2
range,2
daily,2
granted,2
prior,2
supervisor,2
associated,2
scott,2
blind,2
evident,2
instrumentals,2
familiar,2
industry,2
recall,2
dominated,2
duality,2
wager,2
thankfully,2
runner,2
gurlygurl,2
facebook,2
reality,2
björk,2
speed,2
commitment,2
weirdly,2
gold,2
ixtp,2
bright,2
actual,2
elsewhere,2
dunno,2
expressing,2
sweetheart,2
pepper,2
bible,2
offensive,2
dragonball,2
bird,2
cliche,2
suit,2
adam,2
eb44345,2
oops,2
devil,2
characteristic,2
judgement,2
charlie,2
church,2
sexual,2
body,2
auxiliary,2
invite,2
tiny,2
following,2
turned,2
potential,2
ck,2
exfx,2
wild,2
imply,2
realistic,2
widely,2
leadership,2
disturb,2
hormone,2
committed,2
cook,2
kpop,2
gifs,2
bite,2
concentrate,2
labille,2
xntjs,2
fool,2
miserable,2
filled,2
9w1,2
authority,2
aeternus,2
giant,2
channel,2
4w3,2
combat,2
spirituality,2
molecular,2
horror,2
catholic,2
pinky,2
ocean,2
raised,2
desk,2
bounce,2
referring,2
bigger,2
precise,2
mtbi,2
slightest,2
decided,2
determine,2
sj,2
collection,2
bias,2
niceness,2
established,2
station,2
subjective,2
contrary,2
dynamic,2
notification,2
xstjs,2
assignment,2
played,2
advance,2
pc,2
analyzing,2
intrigued,2
throwing,2
deemed,2
east,2
accidentally,2
orange,2
sometime,2
shooting,2
pile,2
created,2
ray,2
ta,2
suspect,2
bear,2
wise,2
ignoring,2
aggressive,2
mythical,2
inxp,2
hopefully,2
intense,2
marvel,2
nana,2
correlation,2
effectively,2
swear,2
junior,2
orderly,2
power,2
facepalm,2
meme,2
suck,2
itll,2
musical,2
obligation,2
sensation,2
specifically,2
teasing,2
th,2
knight,2
tom,2
wizard,2
psychiatrist,2
inventing,2
nah,2
placing,2
impressive,2
web,2
influence,2
insulting,2
apply,2
yr,2
communicate,2
bilbo,2
jessica,2
peeve,2
un,2
task,2
despise,2
earth,2
jumping,2
couldve,2
exhibit,2
influenced,2
dish,2
poem,2
lane,2
revival,2
eventually,2
pork,2
pa,2
cheer,2
clearwater,2
mulan,2
wishing,2
cease,2
warming,2
developing,2
dabbled,2
puer,2
literal,2
similarity,2
worried,2
visionary,2
swing,2
asks,2
voting,2
fuck,2
successful,2
identifying,2
exists,2
guiard,2
tale,2
immature,2
discussed,2
korea,2
rhyme,2
talented,2
officially,2
grumpy,2
remind,2
burned,2
smoking,2
consideration,2
status,2
com,2
randall,2
card,2
news,2
grilled,2
needy,2
8th,2
icon,2
compulsion,2
west,2
buried,2
sea,2
outgoing,2
giggle,2
medication,2
house,2
bowl,2
roll,2
voted,2
linux,2
expectation,2
flowing,2
battle,2
solely,2
grip,2
obligated,2
dug,2
instagram,2
integrated,2
kink,2
separate,2
idealism,2
enthusiast,2
diploma,2
adore,2
trash,2
gender,2
chose,2
observe,2
defense,2
various,2
per,2
force,2
reasonable,2
shop,2
ftw,2
louis,2
eclectic,2
congratulation,2
product,2
shyest,2
skip,2
aendern,2
obsessive,2
testing,2
purple,2
component,2
kelsi,2
forward,2
convert,2
dose,2
shoulder,2
enjoyed,2
blank,2
attribute,2
nightmare,2
stigma,2
humble,2
necessity,2
senior,2
defend,2
strike,2
intensity,2
rubbed,2
damn,2
suspicion,2
previous,2
newton,2
une,2
sudden,2
dedicated,2
pissed,2
snob,1
some1,1
server,1
official,1
wage,1
approval,1
loosing,1
daves,1
enneatype,1
tempered,1
evolution,1
petit,1
blow,1
16personailities,1
illogical,1
moreover,1
courtesy,1
performer,1
hah,1
concentration,1
indefinitely,1
aret,1
ruggedly,1
plane,1
studio,1
reassurance,1
mindset,1
crepe,1
sterile,1
lit,1
dummy,1
overcome,1
christianity,1
distinctly,1
connaissais,1
coginitive,1
recover,1
contribution,1
informed,1
palahniuk,1
punch,1
gump,1
baffling,1
pour,1
crayon,1
ladda,1
offs,1
cheap,1
scrolling,1
elitism,1
mobilizing,1
begrudgingly,1
parody,1
pumping,1
valued,1
utterly,1
kristina,1
shroud,1
overdid,1
printing,1
rue,1
guidance,1
presenting,1
progress,1
dashner,1
presently,1
disclosure,1
dispenser,1
everytime,1
stride,1
accountable,1
bliss,1
likewise,1
adjust,1
hahahas,1
barred,1
improv,1
greeting,1
electrify,1
lauren,1
hurry,1
refused,1
incorrectly,1
hank,1
intent,1
statistic,1
shooter,1
corresponds,1
appropriate,1
inwardly,1
feelingnot,1
dijon,1
labeled,1
mountain,1
boost,1
convinced,1
occasionally,1
navid,1
methinks,1
independence,1
pace,1
nearest,1
flirting,1
oooh,1
debating,1
triggered,1
thankyou,1
unorganized,1
nacho,1
kissed,1
anchored,1
password,1
clothes,1
exampel,1
siamese,1
inregardstomyself,1
externalizing,1
produced,1
voulez,1
funk,1
impractical,1
embraced,1
televoting,1
insect,1
hiding,1
hunting,1
pursuing,1
screwed,1
laurentiis,1
kite,1
grain,1
blinkblink,1
continued,1
bye,1
acted,1
contacter,1
tentative,1
humor50,1
attest,1
perusing,1
zoe,1
pat,1
straightened,1
unaware,1
fluttershy,1
spätzle,1
scandal,1
lanling,1
nurture,1
drowning,1
appears,1
funimation,1
littlemermaid,1
othello,1
missing,1
motivational,1
wearying,1
competitiveness,1
compassionate,1
valentine,1
arises,1
isolation,1
ukulele,1
spellcheck,1
mypersonality,1
elite,1
yup,1
slow,1
childlike,1
ignite,1
worker,1
entertaining,1
hardly,1
arctic,1
macbeth,1
jargon,1
remixes,1
lame,1
ambivert,1
conversing,1
itnps,1
organ,1
creates,1
biology,1
sunshine,1
specialize,1
genkis,1
pippin,1
jennifer,1
passage,1
quirky,1
enlightening,1
skilled,1
grilling,1
ambivalent,1
clan,1
snes,1
hepburn,1
minus,1
browse,1
dwight,1
ideally,1
prayed,1
ixfx,1
bevis,1
whetting,1
spiritual,1
wand,1
abode,1
co,1
outlet,1
planner,1
principal,1
honey,1
electricity,1
professionally,1
kitteh,1
rain,1
stood,1
blissfulwish,1
crocs,1
multiplayer,1
mango,1
spade,1
erm,1
initial,1
hypothesis,1
division,1
fighter,1
xntx,1
thick,1
phrasing,1
nonetheless,1
joel,1
jin,1
idealize,1
nsfw,1
stereotypus,1
6a,1
filmmaker,1
managed,1
weather,1
gladly,1
hugging,1
public,1
kanye,1
jones,1
naivety,1
bachelor,1
whisper,1
circumventing,1
hence,1
yoshitaka,1
waaaay,1
magnet,1
adelaide,1
ironic,1
speculation,1
sansa,1
kenneth,1
isolated,1
jehneefur,1
volunteer,1
newspaper,1
hallmark,1
sequitur,1
inspiration,1
similiar,1
daniel,1
quirk,1
editor,1
austria,1
scapegoat,1
patience,1
thrill,1
translator,1
paying,1
pride,1
nurturing,1
agreeable,1
vague,1
smith,1
unfavorably,1
nfj,1
sheep,1
cuddle,1
stem,1
limitless,1
cozy,1
hammock,1
invest,1
millennials,1
tainted,1
deconstruction,1
tweaking,1
pearl,1
intuituves,1
tail,1
reaching,1
kirby,1
eccentric,1
virgin,1
mumbled,1
drinking,1
mooni,1
cousin,1
fourth,1
niche,1
keen,1
army,1
blunt,1
skulking,1
bio,1
outlandos,1
switched,1
loltengu,1
juliet,1
meeeee,1
haphazard,1
suspected,1
frown,1
informal,1
log,1
aura,1
poison,1
meat,1
cave,1
combined,1
breathe,1
plenty,1
interests72,1
instinct,1
decides,1
awww,1
portion,1
awwwww,1
rise,1
rich,1
insidious,1
author,1
valley,1
subconsciously,1
pity,1
hop,1
cerenach,1
jointed,1
exfjs,1
presentation,1
unlikely,1
strengthens,1
hoped,1
boredom,1
handsome,1
concert,1
protest,1
favor,1
duncan,1
courage,1
violence,1
chengen,1
stereotyping,1
pushing,1
worldwide,1
dropped,1
transphobia,1
friendliness,1
em,1
suspicious,1
observing,1
sharon,1
vista,1
graduate,1
outlasts,1
trifix,1
deliberately,1
jeallouuusss,1
jump,1
belle,1
pokeball,1
contemplate,1
motivated,1
kitten,1
pro,1
dodger,1
flare,1
stongly,1
disturbed,1
violates,1
deenergizers,1
contributing,1
goofy,1
arriving,1
eckis,1
mary,1
skewed,1
assumption,1
report,1
outsider,1
interrupt,1
crams,1
viceversa,1
expressive,1
suspenseful,1
skycloud86,1
illness,1
usss,1
deliberate,1
artwork,1
maintaining,1
berserk,1
bass,1
apparent,1
assure,1
affirming,1
adélaïde,1
rekindling,1
brian,1
encouraging,1
stimulates,1
audrey,1
genious,1
infxs,1
atheist,1
behaves,1
barbecued,1
debatable,1
jelly,1
barakiel,1
breaking,1
repelled,1
formal,1
default,1
context,1
bilbos,1
instance,1
rocky,1
western,1
stroll,1
morbid,1
rant,1
pancake,1
ariel,1
spider,1
chaos,1
sleepier,1
identity,1
hufflepuff,1
dropout,1
sugar,1
giada,1
cheery,1
extravert,1
specially,1
modern,1
impress,1
gadea,1
abstracting,1
photography,1
downside,1
knock,1
lul,1
curly,1
mistype,1
effect,1
painted,1
hierarchical,1
iheart80s,1
1in,1
digimon,1
coolest,1
received,1
duckie,1
dis,1
spelling,1
fieri,1
sunday,1
ole,1
jogging,1
someday,1
military,1
deo,1
cooked,1
acquire,1
smaller,1
compromised,1
finishing,1
centered,1
fading,1
crafted,1
advanced,1
instruction,1
mp3,1
edited,1
gauging,1
incence,1
tragedy,1
postcard,1
ixtx,1
picturing,1
beginning,1
deviantart,1
ile,1
nevermind,1
il,1
concise,1
reversed,1
alfredo,1
dying,1
darnedest,1
mdma,1
fastest,1
heap,1
feeldumps,1
adrenaline,1
listens,1
rexmaximus,1
holla,1
unfair,1
virginity,1
boatload,1
ambient,1
fashioned,1
threat,1
corporate,1
app,1
lying,1
unknowingly,1
foggy,1
innumerable,1
resembles,1
throw,1
epic,1
glue,1
passion,1
sing,1
worship,1
supernatural,1
shirt,1
clamoring,1
wedding,1
pump,1
fifthofnovember,1
liking,1
manipulative,1
drew,1
morn,1
soulmate,1
followup,1
befriended,1
treated,1
autre,1
stone,1
xxxj,1
woud,1
tobira,1
conscience,1
base,1
relating,1
methodical,1
fixed,1
cosmic,1
initiating,1
vigee,1
hooray,1
circumstance,1
downloaded,1
advocate,1
beingcured,1
reggata,1
apologizing,1
religion,1
oreo,1
jim,1
blood,1
extraordinarily,1
criticism,1
tasking,1
unethical,1
legitimate,1
address,1
weeb,1
ramblings,1
huckabees,1
nifty,1
describes,1
monologue,1
congrats,1
behold,1
leftover,1
mild,1
calgary,1
scarface,1
copy,1
spare,1
communal,1
reminded,1
misunderstand,1
redo,1
bill,1
cmae1186,1
pill,1
constrict,1
gaiman,1
rolling,1
compensate,1
surfaced,1
rosetti,1
equal,1
physiology,1
angelic,1
introduce,1
distraction,1
finger,1
oven,1
disliked,1
lowmusic,1
wrt,1
barnes,1
unexpected,1
eternity,1
complain,1
wallet,1
boreanaz,1
demanding,1
beat,1
proven,1
satisfy,1
binary,1
sale,1
fourm,1
pea,1
realizing,1
absorb,1
hating,1
beneath,1
consistent,1
marquis,1
enchanting,1
duck,1
apa,1
cuisine,1
bubbly,1
invention,1
bus,1
alittle,1
upsetting,1
storage,1
heartily,1
florence,1
graduated,1
voracious,1
fought,1
indian,1
initiated,1
wickedqueen,1
messenger,1
quest,1
subscribe,1
generic,1
weezer,1
tim,1
houston,1
endless,1
haste,1
inverse,1
lifted,1
overlapping,1
quiz,1
titan,1
caffeine,1
psychiatry,1
misunderstanding,1
mp3s,1
devoted,1
belt,1
concentrated,1
disliking,1
erin,1
mentally,1
rewatch,1
hobbitholes,1
sle,1
metal,1
homebase,1
implication,1
hooked,1
lyric,1
fonder,1
immerse,1
luna,1
shepard,1
esfx,1
disorganized,1
stonewall,1
ivy,1
bf,1
included,1
ili,1
nurse,1
needing,1
disease,1
desirable,1
openly,1
targeting,1
dust,1
madame,1
popping,1
bugger,1
jcal,1
larger,1
edged,1
onboard,1
everybodies,1
morrison,1
discipline,1
cereal,1
roundish,1
nationality,1
sen,1
nomura,1
applejack,1
tritype,1
evaluate,1
filipino,1
screaming,1
explanatory,1
acknowledgement,1
strangely,1
maskednicci,1
wooden,1
rumbly,1
rip,1
misintepret,1
identical,1
thatll,1
priebe,1
canine,1
satisfied,1
dgheafcb,1
adulting,1
feature,1
universe,1
indie,1
sauteed,1
height,1
holed,1
thanked,1
deviate,1
brun,1
sigur,1
standing,1
grate,1
burton,1
buddha,1
infidelity,1
unmercifully,1
acceptance,1
thai,1
pleasing,1
bouncy,1
venus,1
desperately,1
bestie,1
ixtj,1
solved,1
behalf,1
landed,1
panel,1
maaya,1
extrapolate,1
la,1
eagle,1
ran,1
prolly,1
sail,1
april,1
embroidery,1
nameless,1
tumblrs,1
shape,1
quicker,1
kate,1
stubborn,1
university,1
tourist,1
monkey,1
alert,1
gullible,1
oscar,1
deactivated,1
rossetti,1
cripplingly,1
occurring,1
proficiency,1
percieved,1
tris,1
xenomorh,1
enthusiasm,1
elixir,1
sake,1
ayasullivan,1
insufferable,1
detailed,1
loose,1
yield,1
mascot,1
longs,1
prompted,1
apartment,1
shifter,1
peaceful,1
relieved,1
playful,1
ocelot,1
staying,1
sadness,1
higurashi,1
poker,1
counterbalance,1
medicine,1
chorus,1
receiving,1
disciplined,1
sentiment,1
controller,1
aquarius,1
measurement,1
smashing,1
lastfm,1
fiercely,1
lyricist,1
fade,1
crap,1
servant,1
died,1
irony,1
sentimental,1
xxtp,1
vu,1
señor,1
azrael,1
actuality,1
stickied,1
moon,1
solder,1
doubtful,1
insecurity,1
smarties,1
gyroscope,1
statue,1
faithful,1
individualistic,1
acoustic,1
firefox,1
boat,1
sunglass,1
enforce,1
session,1
systematical,1
wreath,1
measuring,1
reserved,1
ambassador,1
august,1
uplifting,1
boxing,1
cocaine,1
camp,1
complaining,1
spike,1
dichotomy,1
yo,1
meantime,1
rhetorical,1
funniest,1
indecision,1
andy,1
agreement,1
mass,1
soured,1
retrieve,1
tellement,1
indicator,1
pinina,1
xsfp,1
consciousness,1
stemming,1
hermit,1
princess,1
netrebkos,1
gameboy,1
milddude,1
youngest,1
ups,1
conrad,1
overview,1
decide,1
riftswrx,1
accommodate,1
albeit,1
clever,1
ecstasy,1
pasteurized,1
betrays,1
tenderloin,1
thee,1
ventrilo,1
nfs,1
namely,1
yknow,1
tonsil,1
yeahhhh,1
politically,1
department,1
warn,1
park,1
receives,1
deflowered,1
ruined,1
buttahfly,1
ohh,1
acquaintance,1
eluquise,1
fishing,1
victorian,1
unity,1
uhm,1
daria,1
willow,1
disaree,1
cyamitide,1
warhol,1
activated,1
reluctant,1
rex,1
perfectionist,1
subboard,1
typological,1
takeover,1
lmao,1
paragraph,1
croissant,1
addict,1
unknown,1
roth,1
dans,1
lab,1
ache,1
slept,1
innately,1
painful,1
flight,1
disclaimer,1
ahhhh,1
prepared,1
marauding,1
rough,1
homeschooled,1
riding,1
reek,1
lock,1
rockabilly,1
explode,1
bugging,1
vacation,1
occur,1
rewatched,1
glass,1
commonly,1
rainquility,1
dinner,1
scout,1
proved,1
hydra,1
sir,1
forgive,1
uh,1
admirer,1
keeping,1
commit,1
greatest,1
accent,1
fraction,1
appreciating,1
silk,1
bro,1
blech,1
awful,1
idiot,1
intelligence,1
lolpersonalikitty,1
anomaly,1
legit,1
trip,1
emotive,1
reflects,1
discerning,1
undergrad,1
refrain,1
eno,1
isxj,1
detest,1
sincerely,1
yell,1
skype,1
sitcom,1
nakamori,1
vent,1
caroline,1
convertableprobably,1
bury,1
mystic,1
gregory,1
territory,1
chicken,1
reduced,1
annie,1
piper,1
discrimination,1
leadintea,1
gravitate,1
purchased,1
pronounces,1
grabbing,1
nigella,1
creamer,1
smoothly,1
compiled,1
cue,1
clueless,1
limiting,1
mod,1
pasted,1
everywhere,1
tree,1
blackout,1
oriented,1
bruce,1
2w3,1
pointed,1
haaaate,1
wayside,1
ground,1
solo,1
ixf,1
accurately,1
baladàn,1
agoraphobic,1
horrified,1
swimming,1
obscure,1
hunny,1
frankly,1
romeo,1
boiled,1
forer,1
easiest,1
randomshadowpersonality,1
behaviour,1
rename,1
burrito,1
iheartradio,1
societal,1
intentionally,1
avitar,1
deserves,1
encyclopedia,1
drug,1
decisive,1
castle,1
elliot,1
cupboard,1
tighter,1
stick,1
static,1
scorning,1
specialized,1
quietly,1
frenetic,1
prison,1
deprived,1
melodramatic,1
butthead,1
snack,1
attacked,1
pen,1
ixtjs,1
playstation,1
retreat,1
achy,1
teach,1
sober,1
infographic,1
resolute,1
hooch,1
light,1
undesirable,1
nursing,1
outright,1
fatboy,1
alan,1
bob,1
flyer,1
charm,1
rotten,1
integrate,1
unlike,1
collect,1
foundation,1
biased,1
sweeping,1
optometry,1
resort,1
recognition,1
impulsiveness,1
killing,1
automatic,1
wherein,1
pulled,1
elaborate,1
ocd,1
macduff,1
songling,1
frequently,1
baroque,1
grammatical,1
asshole,1
guarded,1
dreamed,1
coster,1
textbook,1
attracting,1
assassin,1
resultat,1
pgrowth,1
aib,1
elaborating,1
spray,1
yves,1
mimic,1
disregard,1
discover,1
opinionated,1
tiff,1
sonic,1
maxwell,1
reconnect,1
poll,1
cog,1
dooont,1
hype,1
drastically,1
pluto,1
hurtful,1
compilation,1
identified,1
mull,1
invalidate,1
radar,1
robert,1
marylins,1
laguna,1
soothing,1
max,1
oneself,1
arguing,1
cusp,1
punctual,1
pov,1
wouldve,1
consciously,1
professor,1
paper,1
unexpectedly,1
phantom,1
symbolic,1
clicked,1
triple,1
prospect,1
cheshire,1
thea,1
symptom,1
ted,1
langue,1
milk,1
justification,1
coincides,1
virgo,1
nevertheless,1
corp,1
tine,1
navigate,1
ethnicity,1
reporting,1
emboldened,1
lung,1
aweee,1
leader,1
pure,1
explained,1
manager,1
shadow,1
pouvez,1
nailed,1
dipping,1
griffith,1
cell,1
cheated,1
scattered,1
gap,1
bazinga187,1
stolen,1
vision,1
hipster,1
leaning,1
opposed,1
frequent,1
avoiding,1
puppy,1
reassure,1
offends,1
victimizing,1
zeek,1
shark,1
clarifying,1
bothering,1
respectively,1
mushr00m,1
ball,1
schedule,1
environmental,1
pup,1
composition,1
craft,1
aurora,1
humour,1
tenth,1
sunset,1
counseling,1
boooooo,1
prada,1
lasted,1
occasional,1
injustice,1
malkovich,1
softer,1
naked,1
sooner,1
bank,1
transcend,1
motivation,1
struggle,1
overwhelming,1
kinesiology,1
xnfp,1
wold,1
ego,1
sociology,1
paranormal,1
drape,1
returning,1
lycée,1
overemotional,1
babel,1
clinging,1
wrath,1
improve,1
aggressiv,1
copied,1
partly,1
brewed,1
wailing,1
yooooo,1
misnomer,1
tedious,1
inherent,1
wearing,1
predicament,1
burnt,1
connected,1
coincidence,1
misguided,1
figureskater,1
noted,1
tenacity,1
collaborating,1
agreeing,1
joga,1
bon,1
abbasi,1
ruin,1
twilight,1
spit,1
beneficial,1
mum,1
relatively,1
introspection,1
perfume,1
tumblr,1
smartphones,1
gabriella,1
butting,1
believing,1
charmed,1
meager,1
flaking,1
enter,1
pandora,1
resume,1
halo,1
haunt,1
marry,1
fixating,1
optometrist,1
bientôt,1
calvin,1
nomming,1
starbucks,1
grandma,1
virtue,1
expression,1
struggled,1
cake,1
realise,1
hesitant,1
polish,1
crosby,1
dress,1
ntps,1
paid,1
chess,1
unannounced,1
drool,1
exfj,1
scyllla,1
widow,1
controllable,1
mash,1
tanstaafl28,1
snapshot,1
bragging,1
nintendo,1
trek,1
hospitality,1
lad,1
specification,1
occupant,1
revisit,1
uncaring,1
guitarkat,1
urm,1
receptive,1
xavier,1
purely,1
eco,1
reminding,1
xyz,1
parlez,1
highschool,1
eloquently,1
felicity,1
limited,1
15th,1
orb,1
trendy,1
moreso,1
gown,1
stock,1
disappointed,1
comparing,1
nerdy,1
rank,1
neat,1
garbage,1
useless,1
spends,1
slip,1
pronounce,1
mechanical,1
pursuits76,1
loooooooooove,1
rural,1
greener,1
aide,1
choosing,1
mimimum,1
entirety,1
narci,1
exhaust,1
generalist,1
disgusting,1
piece,1
maternal,1
drake,1
outrun,1
judaism,1
damaging,1
fleetwood,1
respiratory,1
bumping,1
eager,1
tad,1
amos,1
reminder,1
chickydoda,1
sade,1
vicious,1
teddy,1
disk,1
suffocating,1
aunt,1
pm,1
tagging,1
inappropriate,1
ness,1
reject,1
paradise,1
gardening,1
scientist,1
appointment,1
outcome,1
oooooooo,1
psychologist,1
reliable,1
bothersome,1
spinach,1
garage,1
essence,1
itd,1
doodle,1
charming,1
republican,1
heidi,1
infatuation,1
assertive,1
vegan,1
mandatory,1
sneak,1
littlest,1
serene,1
charmer,1
hendricks,1
enjoyment,1
fireproof,1
fabric,1
differentiate,1
tread,1
granting,1
diary,1
barren,1
wanderer,1
stabilizer,1
valid,1
misread,1
supporter,1
crossed,1
built,1
salt,1
eyed,1
clown,1
buddhism,1
snow,1
nyanpichu,1
smirk,1
pu,1
apt,1
evaluation,1
cautionary,1
curtesy,1
fluent,1
intro,1
shown,1
xstps,1
perceiver,1
willmost,1
rounded,1
fertile,1
harmonious,1
stereotypically,1
advise,1
stated,1
blessing,1
ba,1
lovegood,1
grows,1
steffy,1
trashy,1
serving,1
lovely,1
tied,1
kiss,1
mistrust,1
roman,1
pony,1
noble,1
faith,1
portrayed,1
funnily,1
material,1
bear987,1
sensible,1
drop,1
awe,1
inaccurate,1
pool,1
dae,1
oftentimes,1
repeat,1
huuh,1
assigning,1
poppinman332,1
boromir,1
include,1
hed,1
ahhh,1
awareness,1
desintegration,1
psychopomp,1
hammer,1
believable,1
merry,1
youth,1
tapped,1
inseparable,1
aid,1
sfp,1
fox,1
define,1
sofa,1
bluntness,1
bordering,1
personnes,1
withstand,1
tina,1
factory,1
flawed,1
heavier,1
resisting,1
alter,1
notable,1
narcissist,1
detect,1
checked,1
jungle,1
isxp,1
atenea,1
cross,1
tranquility,1
differing,1
pursuit,1
clingy,1
wind,1
juan,1
inxjs,1
demographic,1
pooled,1
x91but,1
adding,1
alcohol,1
del,1
focusing,1
heck,1
tense,1
opera,1
burg,1
gratification,1
camping,1
participating,1
whoah,1
validity,1
argumentative,1
singer,1
radically,1
ese,1
rebel,1
bukowski,1
calendar,1
summed,1
lucky,1
stereotypic,1
finale,1
invalidates,1
bell,1
huuhugghugghughgug,1
pastel,1
notorious,1
punish,1
vois,1
tummy,1
patti,1
witnessed,1
harry,1
asylum,1
burning,1
replying,1
demonstration,1
rooted,1
ps1,1
surviving,1
isakov,1
oooops,1
camille,1
con,1
overbearing,1
xiaoxiao,1
accused,1
lb,1
flabbergasted,1
bergkase,1
troy,1
malcolm,1
hire,1
feather,1
determining,1
letting,1
bitter,1
pocket,1
treat,1
knuckle,1
primary,1
condescending,1
comforting,1
hhahaah,1
convention,1
prove,1
intimidated,1
horrendous,1
electric,1
beg,1
saving,1
deem,1
instrument,1
isxxs,1
usage,1
whoosh,1
pjs,1
peanut,1
wasting,1
overfilled,1
ranked,1
chipotle,1
smash,1
brownie,1
logically,1
googling,1
undetermined,1
insider,1
cup,1
pot,1
yardiff,1
attendantin,1
globe,1
tougher,1
incessantly,1
vote,1
amano,1
rug,1
outburst,1
priority,1
sharpest,1
chilling,1
reread,1
sandra,1
reappear,1
amongst,1
actress,1
camaraderie,1
ihave,1
plausible,1
inch,1
flaw,1
leg,1
exxx,1
sandwich,1
julia,1
fx,1
libra,1
regularly,1
carey,1
cheerilee,1
prince,1
bahaha,1
comrade,1
perceive,1
strongest,1
inxxs,1
deluxe,1
superiority,1
tasked,1
ocdness,1
apocalypse,1
remembered,1
zero,1
touchothers,1
whitney,1
tire,1
elated,1
bunny,1
financial,1
perception,1
increasingly,1
aspergers,1
ooze,1
consistency,1
halloween,1
manicure,1
coagulated,1
twin,1
redemption,1
megatuxracer,1
driver,1
crash,1
igot,1
destroy,1
crowding,1
molly,1
yorker,1
ro,1
heehee,1
5ness,1
blast,1
depressing,1
settling,1
messing,1
abuser,1
ici,1
shook,1
runaway,1
resisted,1
stomachache,1
lightly,1
slytherin,1
law,1
zeppelin,1
ummm,1
hill,1
defying,1
sinus,1
haley,1
intx,1
prey,1
stallion,1
factual,1
tortured,1
tricky,1
fist,1
impulse,1
kebachi,1
proper,1
muscle,1
dragonhead66,1
prepare,1
cliff,1
compelled,1
cocker,1
elegant,1
aim,1
decade,1
footage,1
hinted,1
tackle,1
building,1
depend,1
houghton,1
installing,1
dearest,1
suppressed,1
secomd,1
analytical,1
biomedical,1
adrianna,1
jakenpoi,1
aimed,1
rap,1
owns,1
frequency,1
agrees,1
wad,1
cost,1
closed,1
ward,1
ons,1
enthusiastic,1
posture,1
mister,1
slave,1
ling,1
mourning,1
haruna,1
butt,1
hohum70,1
tko,1
anger,1
groing,1
propose,1
associate,1
excersize,1
testify,1
mapped,1
superhero,1
huh,1
outgoingness,1
pinkie,1
appreciates,1
ensemble,1
downright,1
lana,1
lie,1
wallflower,1
jung,1
tert,1
idont,1
tempted,1
vast,1
asia,1
shot,1
pleased,1
heal,1
sum,1
dressing,1
forgiving,1
terrified,1
ahahaah,1
cream,1
mile,1
disappointing,1
preventing,1
jilleh88,1
household,1
dixon,1
relax,1
descriptive,1
songwrite,1
dreamy,1
tangible,1
rate,1
principally,1
mariah,1
7w6s,1
ghost,1
flash,1
unenjoyable,1
untitled,1
misinformation,1
association,1
despotic,1
uncomfortably,1
lenabelles,1
readily,1
favorable,1
dollar,1
cucumber,1
aragorn,1
hindi,1
trauma,1
embrace,1
hardcore,1
trolling,1
setting,1
chipping,1
situation64,1
irritates,1
interrogation,1
gained,1
beach,1
concern,1
minoring,1
superheroes,1
neatly,1
ninja,1
stackings,1
viewership,1
former,1
reflect,1
distracting,1
pointlessly,1
sfj,1
kiiiiicks,1
reflective,1
copout,1
rhymemaster,1
dense,1
impending,1
eloquent,1
thereby,1
pathetic,1
jaime91,1
chbosky,1
colour,1
choking,1
mal,1
spso,1
abnormal,1
agnostic,1
rationalization,1
woohoo,1
wack,1
hadnt,1
equation,1
fleetfox,1
average,1
relevant,1
digital,1
delusional,1
effing,1
koro,1
mi,1
qualm,1
comapssionate,1
pothead,1
grown,1
wrestle,1
judger,1
passenger,1
laughable,1
snort,1
faced,1
boil,1
owning,1
supplied,1
tuberose,1
2w1,1
population,1
summarizing,1
hero,1
bout,1
simultaneously,1
flitters,1
domain,1
admitting,1
davis,1
armor,1
file,1
terrain,1
magazine,1
campaigning,1
presupposes,1
jesus,1
irreplaceable,1
chagrined,1
divide,1
huhman,1
sparkly,1
painting,1
swollen,1
tidying,1
freezer,1
twisted,1
peut,1
traumatic,1
via,1
claw,1
belated,1
shrimp,1
emmy,1
stretch,1
broader,1
condescension,1
loyalty,1
semen,1
2k,1
ambiguous,1
rising,1
ime,1
girly,1
fitz,1
horse,1
talent,1
required,1
metaphorical,1
birdland,1
peer,1
systematic,1
differentiates,1
growthi,1
pun,1
rebellious,1
irrational,1
quit,1
ixxx,1
musing,1
mollusk,1
baran,1
ixxp,1
annoys,1
rep,1
tagged,1
iver,1
valedictorian,1
quora,1
participates,1
ngl,1
eisenhower,1
abortion,1
rocher,1
superhuman,1
defines,1
attributed,1
administration,1
comparative,1
offense,1
purchase,1
alway,1
graduation,1
analyzes,1
cimmaron,1
freaked,1
plaît,1
keepingitclassy,1
separating,1
googoodoll,1
mercury,1
torus,1
psychological,1
grid,1
village,1
slug,1
vomit,1
trapped,1
sob,1
damour,1
bogged,1
quietest,1
bottle,1
wrap,1
subforum,1
fesineti,1
prefers,1
sock,1
êtes,1
credit,1
iheart90s,1
strained,1
trumped,1
singing,1
exciting,1
ryan,1
spoiled,1
narrow,1
british,1
zdd,1
adhere,1
showed,1
agressive,1
clean,1
warmth,1
irvine,1
ixxj,1
tessa,1
ping,1
vivacious,1
fire,1
chi,1
slogo,1
dirty,1
platorepublic,1
discredit,1
district,1
speaks,1
cowboy,1
lunch,1
insincerity,1
actor,1
refusing,1
superpower,1
counted,1
emasculated,1
wrinkle,1
restrain,1
scylla,1
poisoned,1
flick,1
yeeeeeaaaaahhhhhhh,1
chew,1
development,1
moonlight,1
harmless,1
sneaking,1
packed,1
myspace,1
reinstalled,1
differs,1
trans,1
encountered,1
italian,1
canadian,1
scale,1
givin,1
quelquun,1
fashion54,1
aah,1
monster,1
companionship,1
eesh,1
attended,1
gomez,1
catching,1
net,1
joy,1
succeed,1
retsu,1
instantly,1
museum,1
norina,1
depicted,1
type1,1
hendrix,1
revoker,1
allergy,1
stalker,1
phony,1
doom,1
sweat,1
unicorn,1
folding,1
rambunctious,1
akina,1
sloppy,1
nirvana,1
genesis,1
almond,1
ambiance,1
meal,1
gathered,1
proactive,1
convincing,1
nicely,1
absloute,1
furloughed,1
leo,1
effortlessly,1
pant,1
nabokov,1
mindedness,1
obviously,1
ob,1
staring,1
texting,1
sheng,1
einstein,1
understandable,1
eggshell,1
houdini,1
redganon,1
magical,1
expressed,1
spyro,1
undergroundthe,1
parallel,1
thaaaaats,1
anne,1
pagan,1
strictly,1
lineup,1
ryukishi07,1
overload,1
rejecting,1
previewed,1
manageable,1
boo,1
comfotable,1
contemplative,1
fortune,1
wolf,1
endearing,1
talkative,1
ride,1
fml,1
chunk,1
mentality,1
joooin,1
perfection,1
heartbreaking,1
blindsided,1
herb,1
registering,1
sagittarius,1
abnegation,1
stronger,1
lotr,1
affectionate,1
sustain,1
distress,1
hazy,1
isxx,1
serenade,1
patchouli,1
protective,1
cuddly,1
noise,1
transatlantic,1
jane,1
demon,1
wary,1
reconsidering,1
badge,1
equipped,1
flavor,1
tall,1
android,1
realization,1
dauntless,1
irritated,1
3000th,1
maze,1
axwell,1
capacity,1
forrest,1
headline,1
lady,1
homework,1
longest,1
hangout,1
meditation,1
intpness,1
vanwinchester,1
remove,1
sharpay,1
bey,1
capitalist,1
published,1
retyping,1
approve,1
classical,1
ou,1
soil,1
dumped,1
liam,1
deviant,1
inactive,1
teenager,1
rebecca,1
mentioning,1
alienation,1
med,1
adequately,1
feminist,1
mingling,1
anna,1
thej,1
efficient,1
undermine,1
nasty,1
display,1
stonewalled,1
click,1
conversationalist,1
cracking,1
insane,1
cherryfox22,1
capable,1
drained,1
cod,1
guarantee,1
violin,1
democratic,1
lette,1
truthfully,1
easing,1
bragged,1
xenomorph,1
exaggerating,1
bore,1
roselett,1
intentions83,1
exxj,1
déjà,1
alley,1
monitor,1
romantically,1
chef,1
appearance100,1
defensive,1
evolved,1
introduction,1
savor,1
competency,1
garlic,1
ix92m,1
alvira,1
landscape,1
thundercats,1
chewing,1
crisis,1
âx80x93,1
korean,1
bienvenue,1
israel,1
babe,1
contain,1
cuddling,1
gesture,1
billing,1
squid,1
acreage,1
colder,1
ntjs,1
meaningful,1
fullest,1
digg,1
hahah,1
parternal,1
velvet,1
mei,1
satisfaction,1
warnes,1
viktoria,1
damsel,1
quieter,1
binge,1
worthy,1
chief,1
alrighty,1
coax,1
crusader,1
resilient,1
stumbled,1
trouser,1
align,1
jealous,1
dictating,1
predict,1
fruition,1
lipstick,1
encounter,1
boldly,1
bullet,1
logo,1
beaucoup,1
innermost,1
telepathy,1
derailed,1
hehe,1
expires,1
boot,1
parlent,1
adjusting,1
meanness,1
straighten,1
closet,1
present,1
sneakily,1
caution,1
fettucine,1
sprung,1
gl,1
definitively,1
shrill,1
finalized,1
novelty,1
bathilda,1
wording,1
searched,1
ploy,1
basilisk,1
exclusively,1
aux,1
pilot,1
marlm,1
reside,1
viewing,1
cheerleader,1
chit,1
cultural,1
shining,1
intolerance,1
impressionistic,1
center,1
loveisart,1
ce,1
vendetta,1
domestic,1
moderately,1
compétition,1
indirect,1
realm,1
empathy,1
richard,1
failing,1
flashback,1
intend,1
figured,1
generalising,1
motivating,1
inxj,1
oversharing,1
smokey,1
toss,1
sadly,1
voicing,1
plus,1
inxx,1
spilled,1
caricature,1
carry,1
withdraw,1
cinderella,1
pointless,1
avec,1
rebound,1
shied,1
stance,1
stephen,1
ala,1
clashed,1
youtubers,1
rarest,1
verbally,1
4w5,1
theater,1
xnfx,1
settle,1
conscientious,1
button,1
ntp,1
psl,1
worthless,1
socialism,1
figuring,1
island,1
chair,1
payroll,1
latest,1
mariska,1
lurker,1
shawshank,1
vocal,1
crave,1
cynical,1
filthy,1
6th,1
embodying,1
wtf,1
internally,1
thoughtful,1
classy,1
selena,1
scrapbooking,1
chuck,1
nancy,1
rubberduckdudette,1
damage,1
steered,1
gnome,1
repels,1
worrying,1
warning,1
grant,1
remark,1
wikipedia,1
wake,1
mirroring,1
journal,1
hargitay,1
blunder,1
xp,1
anatomy,1
seek,1
detective,1
fueledbyevil,1
funnier,1
egotistical,1
satisfying,1
havebeen,1
distinctively,1
radiates,1
esxj,1
approaching,1
placed,1
inspired,1
unrealistic,1
inattentive,1
clique,1
potter,1
ont,1
november,1
yacht,1
slogan,1
liver,1
supple,1
skinny,1
thursday,1
dubious,1
ringo,1
lorde,1
harpy,1
begin,1
plotlines,1
correctness,1
inhibition,1
derive,1
sodom,1
pointing,1
thrown,1
relates,1
accordance,1
consistently,1
decorating,1
keyboard,1
tissue,1
sensational,1
endgoal,1
terribly,1
irrelevant,1
rub,1
ailleurs,1
ew,1
affirm,1
ought,1
abused,1
disaster,1
cognizant,1
neil,1
counselor,1
creativeness,1
output,1
supporting,1
bolded,1
trashcans,1
rachel,1
portray,1
assessment,1
huggy,1
authenticty,1
rd93,1
passing,1
mix,1
mistakenly,1
comfy,1
bless,1
whine,1
episodically,1
budokan,1
excruciating,1
naku,1
speech,1
politics,1
unanimous,1
excessively,1
unhappy,1
portrayal,1
huzzah,1
content,1
perk,1
emileearsenic,1
deeeeep,1
doctor,1
simmon,1
hiddleston,1
tonight,1
encouragement,1
composer,1
chosen,1
oklahoma,1
breath,1
simulator,1
tile,1
google,1
inversely,1
csi,1
newly,1
representing,1
denied,1
alton,1
ambition,1
moody,1
jabberbroccoli,1
plain,1
uninstalled,1
ripe,1
fluid,1
mark,1
phd,1
criticize,1
personalitypage,1
vain,1
erupt,1
symbol,1
tea,1
alternative,1
drama,1
empathizing,1
swan,1
arrogance,1
experianced,1
setup,1
fired,1
penny,1
corridor,1
structure,1
forgetting,1
contemplation,1
screen,1
promotes,1
shopping,1
critism,1
articulating,1
gym,1
crack,1
sauce,1
cloaked,1
sfjs,1
resulted,1
trend,1
comforted,1
orientated,1
bc,1
waver,1
beavis,1
camo,1
porn,1
coulson,1
titanic,1
liquor,1
bullock,1
rey,1
yu,1
ate,1
invaded,1
neutral,1
recognise,1
bluestacks,1
inanimate,1
unbiased,1
sleepy,1
hitting,1
portraying,1
yummy,1
listened,1
delectable,1
colorful,1
québécois,1
x85x92,1
tower,1
founder,1
violent,1
confessedly,1
kässpatzen,1
stp,1
rage,1
sfs,1
slapping,1
trashlordness,1
narrowed,1
incidence,1
raise,1
formulate,1
middleton,1
feeding,1
b4,1
unstable,1
tomato,1
netflix,1
jimi,1
smother,1
amacey,1
goodbye,1
table,1
sized,1
plugged,1
evening,1
ish,1
lee,1
outspoken,1
understands,1
blanc,1
brave,1
truthful,1
pardon,1
prom,1
seat,1
memo,1
encouraged,1
lil,1
roxanne,1
engadget,1
edits,1
opposition,1
correspondent,1
reba,1
portrait,1
encourage,1
incompetent,1
wu,1
improving,1
doest,1
vallayer,1
protect,1
nagging,1
generalize,1
contest,1
oldest,1
allgäuer,1
dogsoup,1
student,1
sr,1
memorization,1
affair,1
observant,1
confide,1
vocalized,1
nickname,1
sosx,1
sink,1
masking,1
galore,1
atrocious,1
instantaneously,1
sexually,1
massively,1
batman,1
delivered,1
racism,1
tidbit,1
cutest,1
listed,1
unfairness,1
modesty,1
auroraswan,1
emotionsfeelings,1
tony,1
sings,1
poste,1
extended,1
laptop,1
itx92s,1
contacted,1
kc,1
robotic,1
emperor,1
mystery,1
interact,1
pitch,1
nerve,1
kim,1
exchange,1
finalist,1
providing,1
aesthetic,1
optimal,1
requires,1
submitting,1
phoebe,1
juxtaposition,1
lifestyle,1
memoir,1
gather,1
paralysis,1
expecting,1
tidy,1
yeees,1
occasion,1
haddie,1
wood,1
lawson,1
afford,1
harp,1
overt,1
poptart,1
accepts,1
monsterfied,1
nest,1
necessary,1
endure,1
japan,1
hap,1
