,0
im,929
like,920
dont,582
think,574
one,560
people,500
know,452
get,449
really,427
would,424
thing,423
love,400
time,399
enfp,397
feel,335
friend,306
ive,302
much,300
http,287
well,283
make,280
want,273
say,269
hundred,251
type,246
good,244
see,236
lot,231
way,228
even,220
go,220
also,219
could,208
something,207
always,206
thats,206
life,204
guy,194
someone,193
thought,184
though,176
youre,174
need,173
pretty,173
yes,164
mean,164
year,163
never,163
first,159
actually,159
got,155
right,155
day,154
two,154
enfps,153
cant,153
find,151
look,147
work,146
take,143
going,141
feeling,141
still,140
relationship,135
kind,134
sure,132
oh,131
lol,129
everyone,128
come,128
thread,127
yeah,127
thousand,126
guess,126
sometimes,125
ill,123
around,122
post,121
maybe,119
made,119
said,117
bit,116
read,115
person,114
help,113
try,111
different,111
back,111
id,110
thank,110
doesnt,110
little,109
let,109
sound,108
many,107
infj,105
thanks,104
didnt,104
intj,103
new,102
agree,101
world,101
long,100
infp,99
give,99
happy,98
best,98
probably,97
talk,96
bad,96
tell,95
understand,95
six,95
haha,95
anyone,93
usually,92
idea,92
hard,92
ever,91
start,90
great,90
definitely,90
thinking,89
believe,88
fun,87
three,87
trying,86
nice,86
question,85
often,85
girl,84
istj,83
others,83
point,82
word,82
anything,81
might,79
since,79
twenty,79
true,79
seems,78
better,78
last,78
function,76
crazy,75
every,74
keep,73
without,72
seem,72
another,72
everything,72
seven,72
forum,71
five,71
quite,71
hate,71
looking,70
care,70
enough,70
four,70
problem,70
sorry,70
may,70
far,69
stuff,69
ne,69
use,69
istp,68
mind,68
place,68
yet,67
reason,66
fi,66
self,66
welcome,66
started,65
else,65
month,65
book,65
experience,65
school,65
music,64
put,64
hey,64
found,63
reading,63
ago,63
entp,63
situation,62
test,62
totally,62
personality,62
show,62
man,62
nothing,61
away,61
xd,61
hope,61
hi,60
laughing,60
part,60
tend,60
talking,60
getting,58
wanted,57
especially,57
already,57
song,56
exactly,56
fe,56
interesting,56
either,56
ninety,56
enjoy,56
rather,56
thirty,55
wont,55
today,54
movie,54
ok,54
answer,53
nine,53
told,53
live,53
change,53
funny,53
please,53
whole,53
mbti,52
fit,52
alone,52
wish,52
awesome,52
wrong,52
however,52
te,51
intp,51
isnt,51
weird,51
able,51
cool,50
hear,50
tongue,50
end,50
havent,49
done,49
saying,49
making,49
came,48
eight,48
enfj,48
woman,47
fifty,47
job,47
least,47
hurt,47
cause,46
used,46
old,46
wow,46
forty,45
hair,45
family,45
big,45
went,45
meet,45
theyre,45
na,45
hello,45
game,44
fact,43
god,43
stay,43
favorite,43
seventy,43
shes,43
although,43
name,42
possible,42
night,42
hand,42
hug,42
mostly,42
story,42
met,42
head,42
cute,42
sense,42
ten,42
stop,42
past,41
call,41
mine,41
remember,41
together,41
felt,41
face,40
course,40
mom,40
week,40
side,40
isfj,40
relate,40
moment,40
strong,40
kid,39
next,39
boyfriend,39
along,39
important,39
must,39
anyway,39
almost,39
dear,39
arent,39
general,38
etc,38
advice,38
esfp,38
truth,38
whats,37
close,37
wouldnt,37
similar,37
half,37
kinda,37
picture,37
high,37
le,37
completely,37
honest,36
example,36
glad,36
video,36
amazing,36
matter,36
dream,36
ask,36
share,36
working,36
estp,36
laugh,36
seen,36
based,35
curious,35
proud,35
hour,35
play,35
eye,35
recently,35
wasnt,34
date,34
sad,34
entj,34
conversation,34
taking,33
instead,33
real,33
emotion,33
intjs,33
seriously,33
hahaha,33
prefer,33
honestly,33
interested,33
description,33
sort,33
listen,33
finally,33
wondering,32
tried,32
dating,32
cry,32
took,32
human,32
shit,32
issue,32
open,32
using,32
infps,32
heart,32
couple,32
introverted,32
social,32
explain,32
sweet,31
beautiful,31
female,31
college,31
wait,31
become,31
happens,31
write,31
second,31
move,31
easily,31
likely,31
asked,30
dad,30
personal,30
quote,30
wonder,30
heard,30
mother,30
personally,30
hell,30
serious,30
action,30
interest,30
posted,30
watching,30
art,29
lie,29
group,29
result,29
fall,29
perfect,29
writing,29
cat,29
turn,29
run,29
fear,29
easy,29
whatever,29
male,29
extrovert,29
room,28
called,28
si,28
character,28
sister,28
ni,28
super,28
home,28
money,28
friendship,28
attention,28
learn,28
basically,28
million,28
stupid,27
certain,27
late,27
emotional,27
parent,27
shy,27
damn,27
okay,27
happen,27
realize,27
dog,27
small,27
loved,27
youll,27
nt,27
whether,27
appreciate,27
study,26
black,26
hmm,26
consider,26
difference,26
stand,26
plan,26
value,26
taken,26
happened,26
bored,26
smile,26
infjs,26
couldnt,26
lately,26
child,26
eighty,26
watch,26
perhaps,26
figure,26
view,26
house,26
free,25
theory,25
difficult,25
response,25
estj,25
body,25
entps,25
brain,25
lost,25
car,25
fine,25
generally,25
boring,25
isfp,25
full,25
break,25
married,24
ti,24
introvert,24
wonderful,24
act,24
ended,24
unless,24
sent,24
partner,24
research,24
ah,24
gon,24
food,23
level,23
deep,23
typing,23
coming,23
depends,23
information,23
ex,23
nf,23
case,23
sleep,23
extroverted,23
se,23
short,23
hot,22
speak,22
somehow,22
several,22
space,22
boy,22
known,22
mental,22
wear,22
except,22
leave,22
color,22
knew,22
online,22
agreed,22
comment,22
decide,22
ha,22
line,22
reply,22
nature,22
doubt,22
excited,22
energy,22
intuition,22
older,22
giving,22
absolutely,22
huge,22
fellow,22
sixty,22
living,22
romantic,22
artist,22
topic,22
future,21
meant,21
party,21
physical,21
negative,21
supposed,21
esfj,21
yesterday,21
seeing,21
sx,21
confused,21
notice,21
extremely,21
towards,21
random,21
saw,21
sp,21
quiet,21
wan,21
class,20
asking,20
intuitive,20
soul,20
straight,20
special,20
computer,20
realized,20
image,20
pic,20
healthy,20
scared,20
noticed,20
starting,20
knowing,20
liked,20
dude,20
brother,20
omg,20
white,20
common,20
choose,20
option,20
ideal,20
cognitive,20
mention,20
outside,20
skill,19
helped,19
lose,19
decided,19
lack,19
fight,19
mood,19
clear,19
truly,19
form,19
hold,19
focus,19
sharing,19
process,19
sensor,19
weight,19
pain,19
gave,19
language,19
youve,19
inside,19
telling,19
current,19
explaining,19
attractive,18
add,18
site,18
currently,18
desire,18
planning,18
step,18
piece,18
check,18
afraid,18
annoying,18
opinion,18
across,18
shocked,18
alot,18
career,18
list,18
watched,18
yep,18
attracted,18
kill,18
approach,18
minute,17
playing,17
behavior,17
worth,17
baby,17
pick,17
bring,17
understanding,17
typed,17
cut,17
trait,17
constantly,17
literally,17
hang,17
math,17
lazy,17
individual,17
sex,17
angry,17
main,17
willing,17
enneagram,17
imagine,17
walk,17
fuck,17
rest,17
wrote,17
society,17
learning,16
perc,16
suppose,16
men,16
istps,16
fast,16
age,16
warm,16
tmlt,16
dated,16
affect,16
deal,16
intps,16
soon,16
folk,16
guilty,16
drive,16
intense,16
somewhere,16
set,16
low,16
miss,16
preference,16
posting,16
spend,16
message,16
tapatalk,16
number,16
unfortunately,16
dark,16
chance,16
internet,16
stuck,16
teacher,16
worked,16
frustrating,16
summer,16
particularly,15
apparently,15
friendly,15
clothes,15
grade,15
anxiety,15
non,15
trust,15
drunk,15
respect,15
anymore,15
page,15
loud,15
tested,15
lovely,15
sgh,15
term,15
hanging,15
focused,15
meaning,15
joke,15
keeping,15
within,15
evil,15
purpose,15
aware,15
wall,15
fifteen,15
meeting,15
finding,15
i747,15
wife,15
happiness,15
worry,15
account,15
country,15
major,15
samsung,15
reminds,15
mess,15
mentioned,15
related,15
bed,15
nope,15
single,15
front,15
feeler,15
user,15
forgot,15
control,15
touch,15
speaking,15
particular,15
early,15
odd,14
insight,14
subject,14
treat,14
amount,14
death,14
kiss,14
belief,14
admit,14
billion,14
eat,14
described,14
smart,14
sun,14
knowledge,14
sensitive,14
extra,14
version,14
reality,14
left,14
spent,14
note,14
vibe,14
gotten,14
possibly,14
weve,14
excuse,14
drink,14
project,14
awkward,14
possibility,14
order,14
avatar,14
hilarious,14
gone,14
shouldnt,14
grow,14
tough,13
fantasy,13
discussion,13
coffee,13
effort,13
gift,13
awful,13
btw,13
decision,13
due,13
developed,13
given,13
band,13
quality,13
ta,13
opposite,13
hit,13
accurate,13
king,13
eighteen,13
obviously,13
ability,13
sit,13
hmmm,13
correct,13
blushed,13
connection,13
business,13
1º,13
suck,13
strange,13
profile,13
middle,13
whenever,13
biggest,13
thirteen,13
logical,13
younger,13
text,13
youtube,13
match,13
tv,13
dominant,13
adhd,13
sign,13
silly,13
surprised,13
missing,13
forever,13
mistake,13
system,13
logic,13
later,13
struggle,13
creative,13
power,13
aspect,13
aww,13
top,13
bother,13
passive,13
evidence,13
lucky,12
4w3,12
normal,12
handle,12
key,12
film,12
quickly,12
young,12
none,12
girlfriend,12
simple,12
7w6,12
wink,12
animal,12
lead,12
highly,12
natural,12
exciting,12
complete,12
fake,12
typical,12
religion,12
specifically,12
photo,12
horrible,12
poem,12
sixteen,12
beat,12
bos,12
caring,12
beginning,12
eating,12
bear,12
communication,12
easier,12
insecure,12
wild,12
light,12
judge,12
style,12
drawing,12
ground,12
quick,12
turned,12
written,12
learned,12
tear,12
ya,12
original,12
brought,12
update,12
accept,12
john,12
eleven,12
describe,12
equal,12
helpful,12
twice,12
fairly,12
earth,12
red,11
yall,11
phone,11
bunch,11
rock,11
born,11
adult,11
environment,11
socionics,11
anger,11
listening,11
depending,11
unsure,11
choice,11
link,11
lonely,11
travel,11
humor,11
company,11
voice,11
dress,11
cold,11
morning,11
trouble,11
spot,11
sing,11
flirt,11
click,11
worse,11
comfortable,11
nail,11
stress,11
law,11
forgive,11
stick,11
concept,11
metal,11
mainly,11
running,11
join,11
clearly,11
behind,11
forget,11
tired,11
putting,11
throw,11
genuinely,11
draw,11
rude,11
holiday,11
normally,11
rule,11
crush,11
sentence,11
bf,11
seemed,11
fair,11
op,11
broken,11
connect,11
philosophy,11
disorder,11
awww,11
fourteen,11
obsessed,11
twelve,11
moving,11
bite,11
surprise,11
ball,11
express,11
nearly,10
useful,10
bar,10
park,10
address,10
taught,10
loyal,10
childhood,10
stereotype,10
culture,10
assume,10
rare,10
state,10
sexy,10
save,10
interaction,10
shoe,10
son,10
despite,10
argument,10
flaw,10
fully,10
conscious,10
mate,10
sigh,10
longer,10
became,10
seventeen,10
event,10
chocolate,10
wanting,10
worst,10
contact,10
slightly,10
lady,10
toward,10
specific,10
outgoing,10
title,10
beach,10
changed,10
store,10
certainly,10
delete,10
helping,10
nah,10
clean,10
identify,10
freedom,10
sitting,10
wise,10
direct,10
quiz,10
positive,10
grew,10
dry,10
facebook,10
science,10
english,10
rational,10
drinking,10
sjs,10
area,10
boredom,10
luck,10
dichotomy,10
yo,10
student,10
force,10
genuine,10
edit,10
bill,10
tip,10
confidence,10
em,10
promise,10
according,10
support,10
busy,10
exact,10
perspective,10
expect,10
reference,10
reach,10
tbh,10
simply,10
calm,10
husband,10
potential,10
earlier,10
nfs,10
memory,10
hahahaha,10
brings,10
large,10
annoyed,9
pay,9
respond,9
smell,9
necessarily,9
romance,9
ready,9
various,9
input,9
somewhat,9
perfectly,9
seek,9
considered,9
exist,9
office,9
gain,9
popular,9
plus,9
pissed,9
push,9
terrible,9
paper,9
statement,9
definition,9
anyways,9
purple,9
sarcasm,9
fucking,9
blue,9
cross,9
fail,9
upset,9
honor,9
somebody,9
bright,9
sadly,9
box,9
kept,9
suit,9
anime,9
becoming,9
youd,9
tendency,9
create,9
actual,9
created,9
depression,9
attempt,9
background,9
looked,9
pushing,9
enjoyed,9
judging,9
goodness,9
passionate,9
loop,9
weekend,9
birthday,9
figured,9
9w8,9
empathy,9
stressed,9
brilliant,9
scale,9
suffer,9
shallow,9
kidding,9
borderline,9
swear,9
hoping,9
reaction,9
universe,9
inferior,9
michael,9
member,9
emotionally,9
irl,9
proper,9
trip,9
deeply,9
giant,9
gosh,9
war,9
primary,9
anywhere,8
road,8
manipulative,8
waste,8
began,8
appears,8
affection,8
double,8
driving,8
bet,8
period,8
complex,8
chill,8
inner,8
mr,8
cuddle,8
letter,8
kissing,8
yay,8
asshole,8
crack,8
pet,8
context,8
stage,8
rarely,8
suggestion,8
trillion,8
obvious,8
method,8
needed,8
nap,8
ego,8
rose,8
taste,8
present,8
speech,8
broke,8
instinct,8
sick,8
intelligence,8
public,8
near,8
worded,8
data,8
cake,8
shall,8
club,8
leaning,8
finish,8
ii,8
correctly,8
pattern,8
unhealthy,8
vague,8
dunno,8
goal,8
aggressive,8
health,8
final,8
intention,8
yea,8
exists,8
shot,8
idk,8
occasion,8
benefit,8
liking,8
avoid,8
holy,8
episode,8
fucked,8
strength,8
shut,8
isfps,8
card,8
appreciated,8
honesty,8
adventure,8
enfjs,8
entirely,8
favourite,8
duh,8
success,8
esteem,8
race,8
moved,8
selfish,8
including,8
chat,8
pair,8
content,8
writer,8
convinced,8
arm,8
extent,8
holding,8
orange,8
forward,8
pa,8
bc,8
caught,8
instance,8
roll,8
degree,8
extreme,8
classical,8
meh,8
addiction,8
path,8
insecurity,8
trick,8
jealous,8
closest,8
extraverted,8
pull,8
immediately,8
till,8
distracted,8
safe,8
fan,8
rage,8
basis,8
marriage,8
return,8
spirit,8
accidentally,8
paragraph,8
skin,8
confident,8
unlike,8
istjs,8
psychology,8
fire,8
eventually,8
mad,8
balance,8
bipolar,8
fighting,8
wearing,8
waiting,8
properly,8
plenty,8
crap,7
poll,7
center,7
gay,7
everywhere,7
die,7
basic,7
guessing,7
bag,7
tho,7
spending,7
chaos,7
field,7
explained,7
fat,7
studying,7
quit,7
website,7
questionnaire,7
dealing,7
changing,7
enjoying,7
proof,7
drug,7
courage,7
disney,7
naked,7
pound,7
article,7
routine,7
lived,7
follow,7
buy,7
ridiculous,7
sexual,7
chose,7
hardly,7
concern,7
poor,7
phase,7
circumstance,7
television,7
chest,7
imo,7
involved,7
esfps,7
discovered,7
pink,7
claim,7
died,7
seeking,7
incredibly,7
depressed,7
bible,7
horror,7
suggest,7
lmao,7
assignment,7
count,7
necessary,7
jump,7
ahead,7
city,7
stranger,7
iq,7
cafe,7
similarity,7
indeed,7
patient,7
american,7
throughout,7
habit,7
interpretation,7
communicate,7
interview,7
neither,7
hehe,7
stare,7
score,7
arguing,7
besides,7
esfjs,7
lame,7
sj,7
heavy,7
jung,7
experienced,7
facial,7
concerned,7
loving,7
dance,7
played,7
water,7
christian,7
onto,7
father,7
studied,7
falling,7
beauty,7
itd,7
wake,7
scary,7
expectation,7
tiny,7
manage,7
growing,7
following,7
physically,7
attraction,7
calling,7
dynamic,7
active,7
chaotic,7
manipulation,7
moon,7
freak,7
responsibility,7
role,7
entjs,7
closer,7
activity,7
beyond,7
capable,7
gun,7
medium,7
socially,7
theme,7
complain,7
classic,7
deciding,7
fault,7
conclusion,7
win,7
glass,7
brown,7
ugh,7
planet,7
dom,7
apologize,7
tends,7
estps,7
mix,7
dead,7
sum,7
opportunity,7
stimulation,7
singing,7
shared,7
ate,7
regardless,7
fascinating,7
source,6
3w2,6
base,6
epic,6
exception,6
mae,6
complicated,6
tree,6
bigger,6
keirsey,6
offended,6
recommend,6
scare,6
jk,6
occasionally,6
silence,6
window,6
fell,6
attitude,6
patch,6
misunderstood,6
artistic,6
consistent,6
atleast,6
foot,6
spider,6
soft,6
journey,6
fart,6
button,6
blunt,6
dinner,6
empty,6
grand,6
circle,6
customer,6
size,6
roommate,6
bullshit,6
theyll,6
mentally,6
acting,6
hide,6
toilet,6
battery,6
depth,6
master,6
built,6
offense,6
majority,6
quadrillion,6
appear,6
brave,6
allowed,6
admire,6
2w1,6
aint,6
send,6
discus,6
object,6
spontaneous,6
apartment,6
hahah,6
sport,6
inspiration,6
entire,6
imagination,6
allow,6
apply,6
greeting,6
managed,6
recent,6
reflection,6
finger,6
rough,6
news,6
atm,6
offer,6
dancing,6
mutual,6
turning,6
soup,6
wave,6
rich,6
illness,6
mouth,6
thus,6
grey,6
impression,6
autumn,6
discussed,6
variety,6
code,6
hidden,6
multiple,6
build,6
subjective,6
ignore,6
smoke,6
held,6
reminded,6
detail,6
smiling,6
dreamer,6
villain,6
bitch,6
otherwise,6
clothing,6
catch,6
hat,6
ear,6
breath,6
forth,6
train,6
finished,6
teach,6
spoke,6
acceptance,6
mode,6
begin,6
series,6
fix,6
land,6
daydream,6
harsh,6
followed,6
deserve,6
drop,6
street,6
typically,6
cancer,6
military,6
risk,6
painful,6
careful,6
weakness,6
lied,6
flirting,6
embarrassing,6
spring,6
stressful,6
piss,6
upon,6
ridiculously,6
shop,6
uni,6
contribute,6
superior,6
google,6
talked,6
blood,6
disappointed,6
challenge,6
attract,6
copy,6
refuse,6
apology,6
thinker,6
christmas,6
blah,6
effect,6
distance,6
reasoning,6
air,6
search,6
expression,6
missed,6
pure,6
motivation,6
hadnt,6
dying,6
repeatedly,6
church,6
nobody,6
opposed,6
green,6
controlling,6
naturally,6
ninja,6
attached,6
react,6
alright,6
everyday,6
category,6
dumb,6
town,6
faith,6
punch,6
warning,6
searching,6
youngest,6
worried,6
gesture,6
badly,6
hobby,6
setting,6
doctor,6
extravert,6
limited,6
humanity,6
consciousness,6
figuring,5
worker,5
aw,5
initiate,5
existed,5
medication,5
tertiary,5
sigur,5
photoshop,5
winter,5
famous,5
bought,5
sarcastic,5
stayed,5
stressor,5
lip,5
directly,5
standing,5
casually,5
remake,5
religious,5
boob,5
supposedly,5
pressure,5
genre,5
seduce,5
moral,5
oooh,5
xnfp,5
ignored,5
conflict,5
position,5
loss,5
nowhere,5
shell,5
mellow,5
creation,5
cousin,5
entertained,5
blog,5
gut,5
abuse,5
acceptable,5
hip,5
fish,5
everybody,5
load,5
perception,5
teaching,5
patience,5
irrational,5
david,5
sake,5
novel,5
heal,5
puzzle,5
raised,5
werent,5
objective,5
compliment,5
disagree,5
mid,5
germany,5
former,5
practice,5
desk,5
player,5
scene,5
pig,5
smith,5
alien,5
accident,5
hasnt,5
isfjs,5
butt,5
wouldve,5
passion,5
connotation,5
sleeping,5
compassion,5
australian,5
shopping,5
abroad,5
album,5
affirmation,5
tomorrow,5
strongly,5
exercise,5
ditto,5
acquaintance,5
laughed,5
egg,5
closely,5
influenced,5
training,5
uncle,5
freaked,5
intelligent,5
august,5
requires,5
table,5
peep,5
regard,5
1st,5
perceived,5
fill,5
politics,5
rocky,5
door,5
realization,5
initially,5
pronounce,5
intent,5
feed,5
regular,5
bullied,5
expert,5
drained,5
understood,5
paid,5
rainbow,5
dull,5
doms,5
cookie,5
driven,5
briggs,5
shoot,5
succeed,5
consideration,5
blow,5
unstable,5
stable,5
versus,5
joking,5
idiot,5
valid,5
responding,5
tom,5
shift,5
pleasant,5
surprising,5
lean,5
apple,5
among,5
shame,5
reread,5
achieve,5
visit,5
suddenly,5
creativity,5
matt,5
bob,5
cycle,5
kindness,5
salt,5
mysterious,5
joined,5
pie,5
incredible,5
unique,5
false,5
skinny,5
joining,5
produce,5
uncomfortable,5
impressed,5
hiding,5
rain,5
showed,5
manner,5
buying,5
cream,5
oops,5
everyones,5
task,5
vote,5
stereotypical,5
debate,5
leader,5
charm,5
urge,5
describing,5
alternative,5
dislike,5
detailed,5
confront,5
beast,5
clarify,5
cup,5
standard,5
kitty,5
sometime,5
experiment,5
exhausted,5
scenario,5
board,5
comic,5
hating,5
snap,5
japanese,5
pop,5
enthusiastic,5
slow,5
lesson,5
stem,5
remind,5
luckily,5
painting,5
letting,5
theyd,5
sexually,5
remain,5
username,5
doodle,5
romantically,5
jumping,5
frequently,5
procrastinating,5
burst,5
annoy,5
credit,5
neutral,5
daughter,5
drama,5
secret,5
wondered,5
hm,5
praise,5
8w9,5
team,5
balanced,5
mexican,5
filled,5
previous,5
info,5
singer,5
jungian,5
naive,5
wishing,5
quintillion,5
quirk,5
darn,5
schedule,5
ride,5
ironic,5
organized,5
eloquent,5
hopefully,5
boat,5
jesus,5
immature,5
nervous,5
twitter,5
aunt,5
evening,5
talkative,5
porn,5
backwards,5
com,5
parallel,5
coworker,5
ghost,5
touching,5
ease,5
march,5
limit,5
bacon,5
sooooo,5
umm,5
boost,5
product,5
raise,5
south,5
regret,5
grown,5
ahhh,4
network,4
er,4
peter,4
shape,4
design,4
malicious,4
productive,4
7w8,4
dish,4
twin,4
magic,4
myers,4
troll,4
stomach,4
gah,4
fought,4
auxiliary,4
compared,4
lover,4
asleep,4
ala,4
camera,4
intuitives,4
6th,4
platonic,4
np,4
received,4
ice,4
creep,4
cmon,4
chemistry,4
survival,4
analyze,4
iee,4
modern,4
monster,4
perceiving,4
slowly,4
chicago,4
nostalgia,4
local,4
decent,4
rant,4
hearing,4
discussing,4
ness,4
french,4
average,4
constant,4
appropriate,4
analysis,4
earring,4
cooking,4
carry,4
horoscope,4
def,4
sir,4
record,4
distant,4
solve,4
judgmental,4
gender,4
profit,4
persona,4
um,4
saved,4
recognize,4
superficial,4
teen,4
knee,4
shitty,4
awake,4
humour,4
guardian,4
septillion,4
prone,4
wind,4
status,4
stated,4
offend,4
teeth,4
candy,4
stream,4
idealist,4
budget,4
fancy,4
national,4
closed,4
awesomeness,4
randomly,4
mask,4
financially,4
forced,4
fresh,4
messy,4
sooo,4
physic,4
flow,4
assure,4
makeup,4
dick,4
appreciation,4
breaking,4
definately,4
shoulder,4
cow,4
cried,4
powerful,4
separate,4
monkey,4
square,4
fictional,4
adorable,4
subtle,4
grounded,4
loyalty,4
university,4
external,4
suicide,4
deeper,4
conflicting,4
spanish,4
ups,4
teenage,4
kindle,4
captain,4
community,4
sticky,4
meditation,4
leaf,4
whoever,4
saving,4
addicted,4
combination,4
zero,4
span,4
comfort,4
rhyme,4
nfps,4
astrology,4
causing,4
leaving,4
echo,4
trapped,4
informative,4
ending,4
insane,4
sextillion,4
greatest,4
la,4
track,4
grocery,4
considering,4
psychologist,4
intro,4
mm,4
phrase,4
fm,4
engineer,4
guilt,4
inclined,4
awhile,4
professional,4
associated,4
encounter,4
yellow,4
history,4
kissed,4
babe,4
slight,4
polite,4
lurking,4
shower,4
steve,4
expressed,4
cruel,4
represents,4
whilst,4
sub,4
intellectual,4
smoking,4
nfp,4
mission,4
plate,4
lizard,4
failure,4
staying,4
via,4
adherence,4
pushed,4
llama,4
harder,4
daily,4
observing,4
flare,4
mile,4
massive,4
america,4
league,4
net,4
plain,4
charlie,4
higher,4
diagnosed,4
thrown,4
unknown,4
pm,4
overly,4
cube,4
yup,4
web,4
owl,4
season,4
forest,4
introduction,4
defining,4
bomb,4
greek,4
joker,4
denial,4
musical,4
hugging,4
receiving,4
capacity,4
practical,4
tool,4
doubting,4
principle,4
define,4
discover,4
peaceful,4
drawn,4
tonight,4
alike,4
dilemma,4
attending,4
inventor,4
talent,4
zone,4
weak,4
essentially,4
flustered,4
mindset,4
whoa,4
bold,4
development,4
core,4
happily,4
frame,4
creating,4
vent,4
pile,4
develop,4
usual,4
ish,4
mountain,4
counseling,4
cheek,4
nerdy,4
initial,4
researching,4
portrait,4
feedback,4
liar,4
headed,4
ipod,4
ultimately,4
acknowledge,4
drifted,4
listed,4
9w1,4
motivate,4
talented,4
cap,4
alive,4
gif,4
embarrassed,4
generalization,4
aside,4
protect,4
pleasure,4
seed,4
underlying,4
breathe,4
therapy,4
hyper,4
mature,4
studio,4
engaged,4
heck,4
fence,4
amazingly,4
delicate,4
losing,4
bottle,4
realist,4
dollar,4
confession,4
hated,4
suffering,4
counselor,4
intx,4
exclusive,4
justice,4
europe,4
midwest,4
insightful,4
assumed,4
temperament,4
shake,4
horse,4
daytrana,4
fundamentally,4
education,4
upsetting,4
grin,4
director,4
familiar,4
fade,4
fairy,4
overthinking,4
wicked,4
hurtful,4
referring,4
worthy,4
fwb,4
bothered,4
rap,4
elephant,4
email,4
purely,4
5w4,4
enormous,4
wished,4
volunteer,4
valuation,4
snag,4
oddly,4
observation,4
struggling,4
mixed,4
commitment,4
1w2,4
speed,4
unclear,4
commercial,4
belle,4
cheesy,4
frank,4
afterwards,4
comforting,4
remembered,4
sleepy,4
spiritual,4
settle,4
blogging,4
amazed,4
assertive,4
lyric,4
west,4
anxious,4
shocking,4
bone,4
explore,4
scientific,4
expecting,4
ambient,4
hunger,4
covered,4
openness,4
model,4
woo,4
indie,4
private,4
vice,4
sailor,4
item,4
dangerous,4
elizabeth,4
relative,4
yell,4
hence,4
lem,4
obnoxious,3
definite,3
wifey,3
smaller,3
grab,3
italy,3
x96,3
supernatural,3
essence,3
unnecessary,3
douchebags,3
optimism,3
thatd,3
emo,3
heavily,3
beaten,3
laid,3
adventurous,3
consensus,3
latest,3
curse,3
witnessed,3
manual,3
lord,3
potter,3
pill,3
nailed,3
immensely,3
traveling,3
alysaria,3
aye,3
enjoys,3
mystery,3
third,3
rainy,3
cp6w5,3
locked,3
2nd,3
sending,3
buddy,3
rolleyes,3
hahahahaha,3
hed,3
location,3
mimic,3
el,3
cutting,3
clarity,3
roller,3
pedo,3
pepper,3
thingy,3
confuse,3
wood,3
spoken,3
creepy,3
controlled,3
lololol,3
provocative,3
author,3
adapting,3
floor,3
musician,3
insert,3
emphasis,3
satisfaction,3
criticized,3
weirdo,3
bleeding,3
puddle,3
football,3
dig,3
lurk,3
bridge,3
client,3
realised,3
laguna,3
ap,3
involves,3
hockey,3
defend,3
scream,3
entertaining,3
approve,3
shirt,3
library,3
petite,3
anybody,3
grudge,3
suggested,3
seeming,3
roasted,3
pointless,3
review,3
viva,3
regarding,3
gross,3
eddie,3
meaningless,3
athlon,3
edited,3
admitted,3
huh,3
straightforward,3
questioning,3
collected,3
escape,3
deliberately,3
aloof,3
fragile,3
neighbor,3
audrey,3
screen,3
appearance,3
blonde,3
expressive,3
affectionate,3
darkness,3
condition,3
mutually,3
wording,3
weed,3
amy,3
picked,3
cheer,3
sweetie,3
passing,3
ugly,3
manager,3
treatment,3
marley,3
garbage,3
dependent,3
retail,3
zit,3
opening,3
voted,3
ding,3
rape,3
relaxed,3
poke,3
map,3
rep,3
potato,3
sagittarius,3
venture,3
rescue,3
nm,3
vision,3
themself,3
dis,3
anyones,3
guarantee,3
default,3
morbid,3
accent,3
fridge,3
commit,3
characteristic,3
internal,3
optimist,3
recall,3
instruction,3
discovery,3
mexico,3
snake,3
industry,3
mmm,3
slice,3
soo,3
pen,3
authority,3
applies,3
louder,3
jack,3
linked,3
frankly,3
nevertheless,3
spare,3
ee,3
canadian,3
deadline,3
agent,3
expensive,3
complaining,3
ouch,3
legend,3
advise,3
provide,3
actively,3
sea,3
motto,3
fashion,3
socialize,3
chip,3
suggests,3
duty,3
block,3
represent,3
hangout,3
confusing,3
whale,3
fluffy,3
occurrence,3
deserves,3
fly,3
cop,3
inflation,3
awwww,3
glance,3
bent,3
teybo,3
structure,3
debating,3
slang,3
listener,3
guide,3
involve,3
judged,3
checked,3
jungle,3
beware,3
bike,3
unaware,3
pointing,3
nicely,3
rós,3
volatile,3
surfing,3
ppl,3
freakin,3
timing,3
melt,3
abused,3
cuz,3
assistance,3
profession,3
excess,3
apparent,3
reserved,3
dominance,3
intermittent,3
url,3
arrogant,3
pushy,3
raw,3
sale,3
lust,3
stealing,3
atheist,3
forgotten,3
heartfelt,3
concert,3
disagreement,3
achieving,3
psycho,3
toy,3
secure,3
australia,3
idealistic,3
admin,3
discipline,3
cpu,3
afford,3
sounded,3
grasp,3
trusting,3
previously,3
precise,3
waking,3
eh,3
surely,3
aux,3
solved,3
minor,3
gossip,3
foreign,3
gather,3
leading,3
colour,3
texting,3
boundary,3
dressed,3
regina,3
eyebrow,3
root,3
danny,3
festival,3
consumer,3
invisible,3
pro,3
damage,3
kitten,3
sincerely,3
favor,3
freaking,3
handling,3
proceed,3
considerate,3
cupcake,3
vacation,3
digital,3
blessed,3
duhn,3
mumford,3
feely,3
tattoo,3
inquire,3
inappropriate,3
viewpoint,3
occur,3
hitler,3
scientist,3
instant,3
crave,3
unusual,3
edge,3
dy,3
vigilant,3
commonly,3
fitting,3
tone,3
brand,3
wtf,3
dreamy,3
boot,3
generic,3
robot,3
soulmates,3
tea,3
stewart,3
ddr3,3
walking,3
picky,3
potentially,3
software,3
utter,3
brush,3
refer,3
nose,3
ditzy,3
committed,3
saviour,3
program,3
violence,3
gained,3
pizza,3
unexpected,3
barely,3
explode,3
clerk,3
tangent,3
equally,3
witty,3
civil,3
paranoid,3
speaker,3
breakfast,3
hero,3
invite,3
radiohead,3
eachother,3
reminding,3
alcohol,3
behaviour,3
continue,3
refused,3
sunday,3
thrilling,3
argue,3
communicating,3
pun,3
geek,3
tease,3
wide,3
gifted,3
showing,3
lure,3
intraverted,3
socializing,3
lower,3
ideally,3
moby,3
hospital,3
heh,3
collect,3
traditional,3
adam,3
jacket,3
terribly,3
devil,3
norm,3
harry,3
butterfly,3
fortune,3
hardcore,3
serve,3
pappa,3
paying,3
dr,3
stuffed,3
session,3
enjoyable,3
biting,3
civilization,3
named,3
energetic,3
receive,3
mentality,3
procrastinate,3
injustice,3
jon,3
essay,3
agnostic,3
directed,3
vid,3
ring,3
insanely,3
ravenclaw,3
spin,3
inspire,3
differ,3
destructive,3
xnfps,3
dcba,3
cost,3
amusement,3
relaxing,3
vitamin,3
cent,3
creator,3
submissive,3
whisper,3
neck,3
idealized,3
enhance,3
avoiding,3
ixfp,3
harm,3
happier,3
theoretical,3
heather,3
vivid,3
kindergarten,3
flame,3
chasing,3
oldest,3
persuading,3
glitch,3
ultimate,3
guaranteed,3
dirty,3
sexycute,3
planner,3
pretend,3
remedy,3
underneath,3
pc,3
bare,3
hunch,3
agrees,3
usa,3
whose,3
fav,3
greatly,3
beta,3
include,3
building,3
driver,3
signal,3
worthless,3
restaurant,3
pant,3
flirted,3
asks,3
acted,3
direction,3
trend,3
posture,3
north,3
presence,3
bothering,3
selection,3
candle,3
bottom,3
surrounded,3
autism,3
shark,3
quoted,3
cinderella,3
girly,3
heyooo,3
soap,3
lying,3
cheating,3
overwhelming,3
asian,3
answering,3
trolling,3
market,3
guitar,3
nooo,3
desperately,3
developing,3
amd,3
criminal,3
booty,3
tall,3
spell,3
yknow,3
uh,3
differently,3
gallery,3
spoon,3
youth,3
apart,3
smiled,3
tangled,3
sincere,3
ethical,3
scored,3
frustration,3
humble,3
suspect,3
heaven,3
causality,3
wayne,3
uk,3
butter,3
stereotyping,3
intentionally,3
intimate,3
element,3
soooo,3
anytime,3
compare,3
actully,3
rereading,3
influence,3
distracts,3
warrior,3
outcome,3
safety,3
fiance,3
rip,3
grad,3
dubstep,3
maiden,3
2w3,3
engage,3
oscar,3
chili,3
gym,3
mark,3
jim,3
wine,3
pot,3
uuugh,3
officially,3
compassionate,3
storm,3
handful,3
professor,3
rejection,3
wardrobe,3
psychological,3
kitteh,3
intrigued,3
jónsi,3
aid,3
documentary,3
liquidlight,3
ed,3
thereof,3
lunch,3
pencil,3
hurting,3
sky,3
rebel,3
wut,3
thoughtful,3
explains,3
reputation,3
cartoon,3
bound,3
nowadays,3
wendys,3
curiosity,3
assumption,3
includes,3
italian,3
manipulate,3
existence,3
believed,3
substance,3
misread,3
dive,3
nerd,3
frustrated,3
elementary,3
welcoming,3
graduation,3
regretting,3
pairing,3
impulsive,3
sayin,3
panda,3
chess,3
independent,3
nick,3
exposure,3
desktop,3
absolute,3
hardest,3
directive,3
dreamt,3
perceiver,3
journal,3
peace,3
disease,3
wash,3
moth,3
archetype,3
publicly,3
immediate,3
behalf,3
amongst,3
graphic,3
un,3
chosen,3
flockdraw,3
appealing,3
ahaha,3
extended,3
photograph,3
amusing,3
intriguing,3
maroon,3
secondly,3
dreaming,3
twist,3
filthy,3
anyhow,3
added,3
longing,3
twilight,3
ashamed,3
jerk,3
outfit,3
section,3
bug,3
relevant,3
flavor,3
font,3
pin,3
universal,3
googling,3
tale,3
enemy,3
extraversion,3
stalin,3
comparison,3
destroy,3
cleared,3
pursue,3
congrats,3
chain,3
3rd,3
shed,3
judgment,3
star,3
accomplished,3
uniqe,2
yaa,2
strategy,2
playlist,2
emoticon,2
grain,2
bouncing,2
jonathan,2
dvd,2
taboo,2
lab,2
catching,2
bungee,2
concentrating,2
degeneres,2
versa,2
summary,2
responsible,2
joy,2
extp,2
crisis,2
harmless,2
lovable,2
weigh,2
bea,2
groove,2
elsewhere,2
aesthetic,2
rate,2
restless,2
popping,2
gearing,2
newspaper,2
fed,2
ambiguity,2
bookstore,2
zealand,2
airport,2
rollercoaster,2
bird,2
static,2
almond,2
aromantic,2
bend,2
overweight,2
vocation,2
marine,2
thanx,2
smoochy,2
snooper,2
homeless,2
sold,2
gray,2
sophianna,2
narrative,2
motivated,2
led,2
manic,2
infact,2
correlation,2
methinks,2
entertain,2
mobility,2
peanut,2
monday,2
patriot,2
bullet,2
flooded,2
absorbed,2
objectively,2
competitive,2
resentful,2
seeker,2
ect,2
infinity,2
anderson,2
ik3,2
doctorjuice,2
occassionally,2
realistic,2
cook,2
concluded,2
per,2
validation,2
opinionated,2
suggesting,2
burden,2
hd,2
galaxy,2
uuh,2
suffered,2
eyed,2
cudibloop,2
syllable,2
fate,2
staring,2
invested,2
sits,2
suppress,2
saint,2
vomit,2
protection,2
patron,2
p320,2
cuddly,2
jennifer,2
burn,2
disappeared,2
bwahahaha,2
believer,2
mini,2
pocket,2
applied,2
rocket,2
bam,2
tempted,2
venting,2
owning,2
ironically,2
archive,2
phutureprimitive,2
grammatical,2
unhappy,2
incorrect,2
cynical,2
blackout,2
corner,2
torture,2
worshipped,2
accordingly,2
woah,2
metaphor,2
vanilla,2
ati,2
scam,2
correlate,2
gryffindor,2
thin,2
structured,2
listened,2
einstein,2
xstjs,2
requiem,2
prove,2
fuckin,2
developped,2
annoys,2
needledrop,2
pinkrasputin,2
improvement,2
schizotypal,2
impatience,2
spotlight,2
repeat,2
adjusting,2
pool,2
neglect,2
esi,2
realm,2
rewarding,2
typology,2
guessed,2
responded,2
photoshopped,2
adore,2
fray,2
numerous,2
professionally,2
breakdown,2
empowering,2
convey,2
detached,2
helpfull,2
trash,2
chuckle,2
spoiled,2
childish,2
probability,2
linkin,2
clingy,2
selling,2
hahahah,2
hah,2
prediction,2
interrail,2
prefers,2
sensory,2
alisa,2
stopped,2
delay,2
surface,2
morality,2
ai,2
fukin,2
describes,2
goddamn,2
mafia,2
tran,2
violent,2
ignorance,2
rise,2
lewis,2
trophy,2
pose,2
laughter,2
marilyn,2
valuing,2
mechanism,2
chester,2
drill,2
lullaby,2
phobia,2
placing,2
continues,2
teary,2
viewing,2
chase,2
serum,2
hitting,2
spirituality,2
anti,2
exercising,2
booth,2
accurately,2
manipulated,2
remove,2
admittedly,2
misconception,2
victim,2
gruesome,2
ptsd,2
ellen,2
childrens,2
skirt,2
ordered,2
specify,2
4w5,2
reaching,2
pirate,2
furthermore,2
minority,2
weather,2
drove,2
british,2
associate,2
ace,2
struggled,2
latter,2
ray,2
xp,2
liberal,2
canada,2
graduate,2
overdue,2
fb,2
mum,2
owns,2
ripped,2
gutter,2
shun,2
dang,2
replied,2
cure,2
hella,2
serving,2
kanye,2
struck,2
monkeytounge,2
garden,2
pathetic,2
visual,2
ol,2
editing,2
movement,2
preferring,2
shatter,2
hopeful,2
strip,2
lens,2
goodbye,2
discern,2
replaced,2
grows,2
pantheist,2
cracked,2
challenging,2
concentration,2
ship,2
atmosphere,2
swoon,2
bore,2
couch,2
co,2
transition,2
blob,2
valentine,2
perpetually,2
knuckle,2
hipster,2
subtype,2
interference,2
carried,2
healing,2
blame,2
duck,2
raging,2
graduated,2
hypomanic,2
awe,2
radio,2
likable,2
stood,2
intensely,2
lil,2
vey,2
happiest,2
wierd,2
respectful,2
nikki,2
spite,2
shogo,2
gemini,2
binge,2
swing,2
critical,2
deserved,2
piercing,2
trigger,2
leg,2
spelt,2
gathering,2
milk,2
dot,2
sticking,2
wes,2
flick,2
matched,2
hemo,2
confirm,2
diamond,2
unicorn,2
sloth,2
intuitively,2
suspected,2
finnish,2
watson,2
sleeve,2
clever,2
sip,2
horny,2
oy,2
irrelevant,2
leap,2
actuality,2
jumper,2
volume,2
largely,2
atb,2
radeon,2
exam,2
roach,2
duper,2
bass,2
cuddling,2
architecture,2
fox,2
kicked,2
blush,2
faster,2
organisation,2
intended,2
battle,2
haired,2
aqua,2
holder,2
pulling,2
fmk,2
remaining,2
minimum,2
measure,2
compromise,2
pokemon,2
tense,2
itch,2
dust,2
shade,2
charismatic,2
subway,2
relies,2
applying,2
recognizing,2
agnosticism,2
fulfillment,2
recipe,2
van,2
cheat,2
follower,2
york,2
copied,2
jest,2
explanation,2
looove,2
stalking,2
enter,2
jackson,2
stumbled,2
passed,2
pvp,2
truthiness,2
dale,2
desert,2
preface,2
intimidating,2
shuck,2
naw,2
tuition,2
gravitate,2
knob,2
randomness,2
plant,2
billy,2
pessimistic,2
grumpy,2
mysticism,2
neofolk,2
trauma,2
established,2
obsession,2
septum,2
lifetime,2
wallet,2
ooops,2
removed,2
glare,2
global,2
max,2
rationalize,2
mega,2
bias,2
reckoning,2
nostalgic,2
chick,2
tlmt,2
triathlons,2
alpha,2
ocd,2
paretocarethestare,2
xdollie,2
underdeveloped,2
trustworthy,2
grinch,2
ignoring,2
burned,2
loneliness,2
castle,2
masterchef,2
beyonce,2
label,2
fearless,2
snow,2
bunk,2
redirect,2
contemplate,2
cue5c,2
classy,2
concrete,2
calmness,2
insulting,2
technically,2
negatively,2
lebowski,2
marry,2
inborn,2
garage,2
brutal,2
tied,2
haneke,2
sidereal,2
tedious,2
successful,2
maturity,2
monroe,2
higgs,2
doll,2
engaging,2
mayor,2
dumped,2
signed,2
wrist,2
exploration,2
greater,2
profusely,2
processing,2
cue,2
cultural,2
lighter,2
demanding,2
sherlock,2
pragmatic,2
pancaketreehouse,2
fairness,2
resolution,2
organization,2
rad,2
sheet,2
commented,2
ofcourse,2
intellectually,2
speculation,2
mascara,2
pixel,2
similiar,2
beneath,2
jive,2
connected,2
bo,2
tyler,2
freshman,2
rid,2
represented,2
panicking,2
humanitarian,2
oblivious,2
invented,2
piano,2
drain,2
invading,2
awkwardly,2
bake,2
indeedy,2
musicbird,2
published,2
walmart,2
included,2
oo,2
consciously,2
coppola,2
hun,2
slap,2
stinkin,2
kiddin,2
lookin,2
dork,2
insult,2
filter,2
poet,2
pulled,2
humongous,2
granted,2
bush,2
switch,2
hysterically,2
clock,2
lifeless,2
cutest,2
mistress,2
grave,2
arrived,2
behaves,2
executive,2
extroversion,2
improve,2
tie,2
til,2
neuroscience,2
fee,2
grace,2
adored,2
easiest,2
waved,2
bowtie,2
patriotic,2
poetry,2
dare,2
poster,2
tank,2
scott,2
pleasing,2
masculine,2
analyzing,2
cbelle,2
firstly,2
dethklok,2
wedding,2
noticing,2
spelling,2
simultaneously,2
prayer,2
believing,2
trade,2
mouse,2
worn,2
advancement,2
hufflepuff,2
hop,2
disposal,2
impossible,2
unlikely,2
smothered,2
confuses,2
claiming,2
strict,2
dread,2
martian,2
finaille,2
uhm,2
growth,2
closing,2
backed,2
tumblr,2
enthusiasm,2
collective,2
ro,2
population,2
harmony,2
loading,2
bean,2
pretending,2
srsly,2
alpaca,2
chair,2
kingdom,2
criticism,2
solving,2
quota,2
competition,2
fruit,2
cynicallynaive,2
angus,2
1w9,2
layer,2
retreat,2
inclination,2
mistaken,2
criticize,2
distracting,2
flash,2
intimidated,2
bodybuilding,2
stability,2
lion,2
sirène,2
meek,2
christ,2
skip,2
component,2
heel,2
organizing,2
secondary,2
xsfp,2
recommended,2
inviting,2
improved,2
zelakon,2
kindly,2
neurotic,2
happening,2
ehhh,2
reasonable,2
flag,2
loosing,2
instrumental,2
san,2
whoop,2
retarded,2
reflect,2
emma,2
keen,2
precisely,2
iron,2
chad86tsi,2
advantage,2
fetish,2
dane,2
clearing,2
sappy,2
overdone,2
becomes,2
handwriting,2
leadership,2
noob,2
innocence,2
gourmet,2
mere,2
penis,2
empathetic,2
precious,2
reached,2
resembles,2
starter,2
literature,2
blocking,2
longest,2
gregg,2
himalayan,2
theyve,2
messed,2
timmy,2
infs,2
conditional,2
pillow,2
tuesday,2
supporting,2
varies,2
comfy,2
tim,2
assessment,2
identity,2
suburb,2
tridentus,2
pep,2
hepburn,2
cling,2
yai,2
lotus,2
wilde,2
president,2
kick,2
adding,2
collage,2
toddler,2
donate,2
smartest,2
trump,2
thankyou,2
iphone,2
pace,2
monogamous,2
screwed,2
rub,2
hentai,2
haiku,2
hick,2
prevent,2
outwardly,2
reciprocated,2
participate,2
banter,2
temporary,2
toxic,2
contribution,2
cutter,2
andrew,2
josh,2
german,2
verbally,2
funk,2
isolated,2
headache,2
perceptive,2
upfront,2
thorough,2
performer,2
sheesh,2
dantalian,2
accused,2
ob,2
steal,2
total,2
fandom,2
casual,2
embodiment,2
flip,2
tune,2
corny,2
revealed,2
dyer,2
3w4,2
bank,2
roasting,2
grandma,2
sf,2
haunt,2
buddhist,2
chris,2
researched,2
surprisingly,2
empireconquered,2
retook,2
implying,2
anywho,2
clumsy,2
spanking,2
jumbled,2
con,2
passionately,2
yikes,2
pierced,2
octopus,2
portrayed,2
inf,2
swiped,2
sporty,2
pamyu,2
thorn,2
hahahahahahahaha,2
intertwined,2
adrian,2
eerie,2
gaming,2
hash,2
repulsed,2
usage,2
daoism,2
understandable,2
partially,2
min,2
flexible,2
inability,2
offensive,2
skeptical,2
ringing,2
bartender,2
pushover,2
kevin,2
unpleasant,2
competing,2
pisces,2
fave,2
chatting,2
hook,2
resist,2
affected,2
raining,2
nfjs,2
atention,2
delicious,2
playful,2
scent,2
romanticizing,2
pre,2
awareness,2
southern,2
awwwww,2
encountered,2
eastern,2
cave,2
redback,2
auxillary,2
shiny,2
dragon,2
quieter,2
refusing,2
hijacking,2
ca,2
tactic,2
convenient,2
resent,2
dire,2
ham,2
innermost,2
dichotomous,2
aim,2
workplace,2
explodes,2
management,2
flair,2
mistaking,2
fullest,2
petty,2
evaluate,2
handy,2
expense,2
pucca,2
hungry,2
clue,2
length,2
mirror,2
blown,2
lifestyle,2
fairytale,2
panic,2
disappointment,2
ticket,2
display,2
tight,2
smarta,2
needle,2
supportive,2
defense,2
informed,2
incapable,2
plea,2
messing,2
backpack,2
enamored,2
rethinking,2
thankful,2
clip,2
hottest,2
preferably,2
larger,2
sell,2
dealt,2
anonymous,2
packed,2
ton,2
cranked,2
randolph,2
kohl,2
renting,2
virtually,2
automatically,2
contest,2
announcement,2
mobile,2
lee,2
woke,2
carrying,2
portuguese,2
ur,2
crime,2
flirty,2
beard,2
angle,2
calming,2
int,2
temperment,2
trivial,2
boson,2
whatcha,2
impress,2
ocean,2
queen,2
chunk,2
wolf,2
narrowing,2
mightnt,2
projection,2
latin,2
climax,2
frightened,2
wed,2
hint,2
crowd,2
accuracy,2
omgomg,2
inspirational,2
yorke,2
devoted,2
gold,2
bbc,2
bff,2
terrific,2
ambitious,2
international,2
shortly,2
christopher,2
inspired,2
stubborn,2
reliable,2
owe,2
shadowplay,2
tick,2
cliche,2
ba,2
focusing,2
homebody,2
wound,2
x2,2
damaged,2
lightly,2
select,2
broad,2
slave,2
toe,2
clack,2
tootsie,2
flower,2
protecting,2
spaura,2
tan,2
sorta,2
alarm,2
frantically,2
awaiting,2
rotting,2
leather,2
superhuman,2
affair,2
purchase,2
peg,2
celebration,2
icarusdreams,2
diagnosis,2
satisfied,2
goofy,2
fabulous,2
rapunzel,2
print,2
caffeine,2
infinite,2
gang,2
barrier,2
prof,2
temperature,2
imply,2
pastor,2
lash,2
reunion,2
failed,2
reliving,2
ooh,2
versed,2
shaped,2
shooting,2
convention,2
gel,2
blind,2
smooth,2
scaring,2
dave,2
available,2
factor,2
appealed,2
melancholic,2
5th,2
envy,2
extract,2
sadness,2
poker,2
dealbreaker,2
opened,2
wah,2
taller,2
mayhem,2
knight,2
psychiatrist,2
hygiene,2
treasure,2
bonus,2
defined,2
scope,2
settled,2
pendulum,2
hierarchy,2
bloody,2
report,2
unloved,2
disappointing,2
unable,2
cleaning,2
rush,2
countless,2
overboard,2
acne,2
solid,2
island,2
counter,2
expire,2
spotless,2
throwing,2
bell,2
exhausting,2
gentle,2
planned,2
fulfilling,2
enlightened,2
bro,2
visible,2
junk,2
heavier,2
european,2
naruto,2
ceo,2
forgetting,2
stalk,2
authenticity,2
netflix,2
aggression,2
chicken,2
crappy,2
lake,2
service,2
disorganized,2
hp,2
glorious,2
nasty,2
necessity,2
silent,2
inwardly,2
allykat,2
highlight,2
clarified,2
antisocial,2
dictate,2
bruh,2
partying,2
range,2
thoroughly,2
confess,2
repetitive,2
jay,2
nothin,2
drowned,2
thursday,2
chart,2
highschool,2
sour,2
experimented,2
thrill,2
friggin,2
desiring,2
nut,2
pack,2
apologized,2
determine,2
walked,2
reminder,2
recharge,2
macbook,2
bringing,2
worrying,2
lamp,2
anthropology,2
actor,2
friday,2
overthink,2
flush,2
defeat,2
reticent,2
rendition,2
err,2
sudden,2
cover,2
feelin,2
specimen,2
grasping,2
glanced,2
attack,2
pedant,2
educated,2
expand,2
orientation,2
judgers,2
havnt,2
thom,2
semester,2
coward,2
methodology,2
tidy,2
compatible,2
quo,2
dyslexic,2
hugsies,2
bestie,2
financial,2
explosion,2
therapist,2
prince,2
mania,2
muscle,2
distraction,2
quantifying,2
necro,2
flippin,2
wana,2
mistyped,2
pixie,2
utilize,2
tow,2
solution,2
carefully,2
advocacy,2
introduced,2
resemble,2
hole,2
quotient,2
cog,2
cell,2
laptop,2
nerve,2
interact,2
terrified,2
shorter,2
request,2
remembering,2
electric,2
spongebob,2
innocent,2
machine,2
amazon,2
disrespect,2
fallacy,2
merely,2
importance,2
reconcile,2
environmental,2
svrider3,2
conservative,2
vulcan,2
texted,2
congratulation,2
rave,2
referred,2
mmmm,2
voicing,2
fennel,2
timid,2
complexity,2
headphone,2
multitude,2
asap,2
impressive,2
centre,2
accusation,2
respected,2
openly,2
mermaid,2
badass,2
lawrence,2
apologizing,2
nicest,2
lovin,2
transfer,2
void,2
continued…,2
practically,2
motivational,2
raspberry,2
inspiring,2
stylish,2
artwork,2
closet,2
vegetable,2
hows,2
giggle,2
pregnant,2
glitter,2
antic,2
strait,2
spam,2
completed,2
spread,2
recover,2
september,2
addition,2
alassea,2
presume,2
combined,2
flawed,2
fort,2
fp,2
blanket,2
jealousy,2
insurance,2
goth,2
reverse,2
floating,2
pointer,2
preferred,2
encouraging,2
unkind,2
accepting,2
interestingly,2
log,2
minded,2
unrealistic,2
bitchy,2
partial,2
signature,2
overcome,2
yesyesyesyesyesyesyesyesyes,2
plead,2
sacred,2
trap,2
halfway,2
inform,2
fasting,2
eyetracking,2
goat,2
creature,2
observed,2
integrity,2
deliver,2
devotion,2
frequent,2
bounce,2
hurry,2
heat,2
pp,2
bus,2
chatty,2
politely,2
spoiler,2
sausage,2
idealism,2
idm,2
jean,2
deepest,2
ambivert,2
motif,2
difficulty,2
telrunya,2
retained,2
poetic,2
flat,2
titled,2
swedish,2
breast,2
jcal,2
existing,2
wandered,2
biased,2
med,2
estjs,2
grip,2
corporate,2
drew,2
juice,2
outlet,2
nj,2
imho,2
xx,2
cooked,2
nother,2
prior,2
animated,2
senior,2
reassurance,2
sidetracked,2
karaoke,2
domestic,2
dramatic,2
interval,2
chore,2
significant,2
impersonal,2
jr,2
tempered,2
sat,2
tennis,2
carnival,2
relating,2
cursed,2
illustration,2
rhythm,2
francisco,2
privacy,2
ruined,2
vulnerable,2
devastate,1
border,1
karl,1
sandy,1
leonora,1
campaign,1
reservoir,1
slack,1
performing,1
masturbation,1
edison,1
stupify,1
gunman,1
psychosis,1
diet,1
aghhh,1
personalitie,1
sheppard,1
amélie,1
debut,1
foal,1
licking,1
makeshift,1
welcomed,1
wuddles,1
selene,1
flea,1
pryde,1
entporg,1
undulating,1
irecas,1
otl,1
elegant,1
woaaaaaaaaaaaaah,1
decade,1
ialti,1
hmmmm,1
miyano,1
hypothetically,1
politically,1
borrow,1
refine,1
sobbing,1
disciplined,1
loosen,1
formative,1
conical,1
shrug,1
modesty,1
mourn,1
rejected,1
blast,1
janis,1
hola,1
islandlight,1
plummet,1
conspiracy,1
auto,1
enforcing,1
unexpectedly,1
crucial,1
picard,1
guild,1
polygamy,1
tampa,1
disregarded,1
progressive,1
ordinary,1
homemade,1
klip,1
snuggled,1
wreck,1
sloan,1
sam,1
landed,1
shepard,1
native,1
mold,1
memorable,1
summerish,1
oposite,1
handled,1
definetily,1
silhouette,1
errand,1
ermahgerd,1
detected,1
rebellion,1
acido,1
yorkers,1
gana,1
knocking,1
kyary,1
moop,1
cab,1
peruse,1
quarter,1
garentee,1
preserved,1
press,1
idly,1
trecus,1
verbose,1
drunkenness,1
wierded,1
lung,1
occasionaly,1
rosy,1
witness,1
uai,1
quirky,1
extravagant,1
continually,1
lump,1
sloei,1
glow,1
mysteriously,1
femme,1
feminine,1
morissette,1
jewish,1
expossing,1
donald,1
inadvertently,1
extension,1
wix,1
teabagging,1
hooray,1
schtick,1
illustrates,1
chihuahua,1
salut,1
garrels,1
bribe,1
somanythoughtssomanythoughts,1
cornball,1
communicative,1
excitedly,1
endure,1
regretful,1
illegal,1
distress,1
puppet,1
hugest,1
frenemy,1
keybindings,1
genderfork,1
youse,1
tradition,1
2f,1
utopian,1
aggravating,1
appreciating,1
xperimntnterror,1
commendation,1
noah,1
kil,1
playground,1
dehydration,1
cleanliness,1
downey,1
rebellious,1
waterboys,1
entrance,1
emphatically,1
riveting,1
realizing,1
ninth,1
infxs,1
reign,1
midwesterny,1
jeffers,1
earphone,1
prepared,1
gosick,1
meat,1
jerry,1
taurus,1
coding,1
disclaimer,1
lmafo,1
lacking,1
quark,1
verse,1
buuut,1
activism,1
misery,1
overthunk,1
referencing,1
anecdotal,1
charles,1
accepted,1
owo,1
anyses,1
sen,1
mee,1
quest,1
nightblue,1
eep,1
scratched,1
wore,1
gushed,1
pj,1
flw,1
grizzly,1
azullade,1
easygoing,1
immorality,1
severe,1
newer,1
segment,1
cultivate,1
magical,1
5litre,1
45sec,1
celebrated,1
dynamite,1
awwwwwh,1
altogether,1
asexual,1
romanticize,1
natalie,1
ticked,1
blebble,1
funky,1
advised,1
tension,1
sans,1
unfocused,1
concede,1
marzipan01,1
alienate,1
artisan,1
dozen,1
biked,1
kittehs,1
pleaser,1
toenfp,1
patriotism,1
hoom,1
downstairs,1
positively,1
parrot,1
enneatype,1
italic,1
essential,1
emt,1
liquidlucy,1
century,1
tot,1
rewatched,1
trolololololllololol,1
whatsoever,1
documented,1
protected,1
winded,1
contemporary,1
jahova,1
40c,1
offline,1
summon,1
paperback,1
pavilion,1
whynd,1
cord,1
cuban,1
neighborhood,1
skipped,1
starcraft,1
disgust,1
noble,1
logged,1
narrow,1
heartedly,1
mbti…,1
startle,1
vanilambrozja,1
nate,1
dismissive,1
height,1
harrooooo,1
scissors,1
unify,1
peer,1
aligning,1
cinnamom,1
materialistic,1
rapper,1
ditch,1
bros,1
ethylester,1
angelcat,1
omgarsh,1
solipsism,1
rotate,1
certificate,1
amateur,1
rightness,1
carpet,1
awwwwww,1
forgave,1
sugarcoating,1
esxx,1
deck,1
yaay,1
ninny,1
vincent,1
kindergarden,1
sinister,1
picking,1
hurr,1
cardboard,1
gossiping,1
dearest,1
newborn,1
giggling,1
lime,1
prop,1
fantastic,1
latvian,1
4individualism,1
pleeeeaaaaase,1
pez,1
mistook,1
äöäß,1
monthly,1
askfm,1
100g,1
bath,1
492161i,1
bios,1
cuff,1
groooooan,1
decreased,1
polluted,1
stabbed,1
splendidly,1
exi,1
regional,1
buckeye,1
100f,1
shinya,1
unlock,1
sa160,1
leash,1
ged,1
haaaaaaate,1
levelling,1
wage,1
shrimp,1
implied,1
sparkpeople,1
gim,1
seat,1
surroundings,1
hayden,1
covert,1
refreshed,1
medias,1
fulfilled,1
fifth,1
flop,1
darling,1
monk,1
hunted,1
stocking,1
sts,1
erase,1
harvey,1
manymorebuttoolazytocontinue,1
connecting,1
banner,1
rulez,1
mixture,1
mushy,1
livin,1
hauhuhauh,1
crybaby,1
atari,1
payne,1
traumatic,1
44c,1
juda,1
3image,1
graffiti,1
lauper,1
podcast,1
en,1
cigarette,1
sandal,1
benevolent,1
hubcap,1
doublelol,1
geometry,1
immense,1
genrally,1
woot,1
sweat,1
upped,1
armpit,1
dye,1
obscure,1
wegmans,1
11th,1
sketching,1
peachy,1
nirvana,1
aots,1
bun,1
slipping,1
willed,1
powerpoint,1
fking,1
weenie,1
exiled,1
swimming,1
flutter,1
flirtyness,1
heartbreak,1
aggravated,1
scenery,1
encourages,1
inxps,1
tug,1
sweater,1
kun,1
novelty,1
pringles,1
hiddleston,1
acoustic,1
brutally,1
device,1
attire,1
invalidation,1
sibling,1
boor,1
mass,1
indecision,1
enacting,1
biffy,1
merciful,1
meantime,1
babylon,1
ign,1
intricate,1
enneagrams,1
articulate,1
hypo,1
batdance,1
this😱,1
sought,1
crusader,1
fitness,1
tonne,1
thrash,1
dropped,1
flexing,1
reve,1
kiiiiiind,1
neighing,1
sailed,1
drying,1
prevented,1
bulletproof,1
cohen,1
abusive,1
posing,1
persistent,1
disabled,1
resolve,1
wonderfully,1
reemerged,1
bathroom,1
enfs,1
searched,1
lolita,1
grumpier,1
jumped,1
merchant,1
discard,1
composite,1
belladonna,1
typer,1
tri,1
mindfulness,1
haated,1
hail,1
philosophical,1
winnie,1
viewer,1
lloyd,1
thanked,1
mankind,1
maruja,1
crushing,1
thou,1
pssst,1
wherin,1
rooting,1
settling,1
trailer,1
gene,1
sever,1
inciting,1
rookie,1
cooky,1
shocker,1
bedroom,1
professes,1
reduced,1
thankless,1
campfire,1
1gb,1
mosquito,1
insanityremix,1
roy,1
espouse,1
mute,1
chestnutthestral8563,1
jesse,1
repel,1
falsify,1
bon,1
tf,1
dddd,1
zaria,1
heisenburg,1
warren,1
robert,1
twisted,1
arrival,1
infantry,1
bankrupt,1
percentage,1
blizzard,1
darcy,1
snuggle,1
draining,1
handing,1
domination,1
steadfast,1
jiggy,1
wonderland,1
robbing,1
cooped,1
sily,1
mood™,1
esspecially,1
tryin,1
logistical,1
yeeaahhhh,1
nevada,1
administration,1
overreact,1
lecturer,1
unpleasantly,1
sorted,1
predicated,1
solo,1
logan,1
sabbatical,1
engine,1
debt,1
proactive,1
prominent,1
ahhhh,1
generated,1
deleted,1
navel,1
preconceived,1
dwedish,1
oxymoron,1
enfpers,1
frisky,1
foodnetwork,1
entrepreneur,1
humiliation,1
mtv,1
tidying,1
avocado,1
rambly,1
exceptionally,1
fop,1
sais,1
originally,1
funnest,1
upcoming,1
lighting,1
interactive,1
yaaawns,1
consuming,1
thyme,1
rarity,1
charity,1
converse,1
ops,1
mismatched,1
survive,1
uptight,1
unconventional,1
relateabke,1
extj,1
definitlely,1
lse,1
thatgirlnextdoor,1
dashboard,1
orphan,1
specialist,1
overcaution,1
nurse,1
vibrant,1
paraoia,1
composed,1
exing,1
cutie,1
kaufman,1
blackmailing,1
goodly,1
paler,1
irresistible,1
rut,1
abandon,1
linguistic,1
midget,1
brock,1
isolate,1
befriend,1
identifies,1
quantify,1
malintent,1
directness,1
impact,1
everybodys,1
upside,1
buckled,1
goanna,1
saxon,1
vanished,1
lesbian,1
zyn,1
squat,1
riggly,1
har,1
rigidness,1
doubled,1
overwhelms,1
cloak,1
disturbing,1
nashville,1
behold,1
stepdad,1
superstiitous,1
climbing,1
civilized,1
introduce,1
revitalized,1
prose,1
sustain,1
confirms,1
craves,1
grammar,1
touted,1
energizer,1
bestuf60d,1
strawberry,1
excel,1
complication,1
susan,1
soda,1
gasp,1
rely,1
woooowwww,1
irritated,1
programmed,1
challenged,1
kindofblue06,1
safari,1
lucille,1
primal,1
disparaging,1
dorm,1
morrison,1
exploit,1
tiring,1
stdying,1
ozzys,1
appoligize,1
hai,1
killing,1
7th,1
elevator,1
wellbeing,1
uneasy,1
pummeled,1
momenty,1
insulted,1
21st,1
odds,1
highlighted,1
internalized,1
lookalike,1
teh,1
strikingly,1
forfend,1
niece,1
shooter,1
fondly,1
skid,1
murray,1
dyke,1
tj,1
sprinkle,1
barney,1
alrighty,1
mod,1
cruise,1
ehhhh,1
intrigue,1
fiery,1
audience,1
asphalt,1
optimistic,1
gambling,1
sleepytime,1
magnetic,1
kardashian,1
grieve,1
halloween,1
rank,1
brainless,1
timshel,1
pput,1
ntps,1
zodiac,1
shitless,1
errr,1
buh,1
youngster,1
dermotillomania,1
disparate,1
tender,1
internship,1
prompting,1
facing,1
butthead,1
invention,1
meal,1
cyndi,1
sadist,1
instagram,1
crank,1
murdered,1
songless,1
gaga,1
bce,1
mina,1
ixfj,1
notion,1
bpi,1
looong,1
isaac,1
yearly,1
ibanez,1
restore,1
genreally,1
glory,1
occupation,1
podcasts,1
thorgar,1
reeeeally,1
aaaahh,1
brilliantly,1
nineteen,1
xrx,1
youpullmethroightime,1
dorky,1
broadly,1
duel,1
ikr,1
thrive,1
motion,1
firm,1
psychic,1
consistently,1
verb,1
bach,1
innate,1
thunder,1
torrero,1
honda,1
trinity,1
loses,1
kc,1
crunchy,1
blurt,1
misinterpreting,1
sacha,1
reanimate,1
hem,1
pounce,1
saddens,1
verbal,1
itunes,1
hubble,1
campbell,1
genius,1
busted,1
drastic,1
scatterbrain,1
overshadows,1
muahahahahaha,1
hagz,1
wired,1
immune,1
communism,1
thumbnail,1
placidus,1
tab,1
tolerate,1
gig,1
chameleonlike,1
powerless,1
sjmobley,1
arggh,1
undoubtely,1
latvia,1
duct,1
mingling,1
literal,1
craziness,1
uhh,1
spade,1
illusion,1
stone,1
designate,1
coo,1
ooohhh,1
consigned,1
abnormal,1
prez,1
behemoth,1
freestanding,1
couldve,1
busting,1
selective,1
fruity,1
unashamedly,1
knockemstiff,1
exfp,1
pimple,1
confrontationalism,1
superhero,1
gravitated,1
aries,1
reformed,1
cp6,1
del,1
silently,1
technical,1
designing,1
quoi,1
freckly,1
richer,1
11am,1
wrigley,1
gliding,1
uhhhh,1
gist,1
clauhauser,1
visitor,1
badge,1
percussive,1
kicking,1
polyp,1
unbelievable,1
geeez,1
swelling,1
numbingly,1
linc,1
patronising,1
videogames,1
spreadsheet,1
testosterone,1
toss,1
demographic,1
plush,1
mahone,1
dusty,1
meeeeee,1
ghz,1
intjintjentj,1
scratching,1
centrist,1
miserably,1
meanest,1
pressing,1
skywalker,1
trichotillomania,1
contacting,1
slowbal,1
trim,1
jumble,1
validating,1
wong,1
decides,1
misa,1
yuffy,1
saffron,1
onwards,1
remembers,1
invisibles,1
1800s,1
katshura007,1
sujuvasti,1
encircles,1
jamaican,1
clementine,1
sadface,1
rodney,1
eventual,1
intentional,1
robe,1
recording,1
temptation,1
wisteria,1
discovering,1
yard,1
coaster,1
muddled,1
daichi,1
blend,1
rick,1
terrifying,1
cp6w7,1
xntp,1
cherry,1
retried,1
ay,1
altering,1
tasted,1
hombre,1
homework,1
dbtech,1
feeeeeling,1
unbearable,1
reiterating,1
emptiness,1
humoring,1
farcking,1
criticaql,1
shuts,1
uncontrollably,1
permanent,1
physicality,1
rec,1
masochist,1
speaks,1
interior,1
clinch,1
template,1
unreliable,1
nebosite,1
punishing,1
paintballing,1
ile,1
cantbeat,1
ho,1
travis,1
energised,1
shiver,1
protagonist,1
canyon,1
extenuating,1
throat,1
noise,1
inxxs,1
brokeback,1
crippled,1
dainty,1
jigsaw,1
restored,1
unworthy,1
fourth,1
mirai,1
buzz,1
punny,1
rogue,1
wounding,1
everytime,1
ruin,1
nebuchadnezzar,1
qwer,1
intellect,1
adorkable,1
hiatus,1
instability,1
scooped,1
7m,1
swimmer,1
harmful,1
rated,1
pilkington,1
perk,1
threw,1
analogy,1
spankymcfly,1
averseaffects,1
achiever,1
afterall,1
uber,1
creek,1
subtleness,1
subtract,1
revive,1
warcries,1
brosh,1
specially,1
7hours,1
eventiually,1
ranting,1
calorie,1
colored,1
projecting,1
mistype,1
acerbusvenator,1
wex92re,1
replace,1
thee,1
exchange,1
grooming,1
dimensional,1
perverted,1
esoterical,1
overhelming,1
aficionado,1
technology,1
cough,1
3receiving,1
tigger,1
riot,1
stonehenge,1
material,1
coldplay,1
blackhead,1
cabinet,1
wether,1
hale,1
raising,1
doctorate,1
hotel,1
visiting,1
ahh,1
damned,1
tsubasa,1
whaddup,1
cbt,1
disgustingly,1
woaw,1
paraphrasing,1
minefield,1
conscientious,1
hunter,1
frequency,1
imaginary,1
nanny,1
similarminds,1
barbie,1
niche,1
unstructured,1
james,1
canberra,1
crust,1
wart,1
whered,1
runescape,1
turbos,1
psychotic,1
phantom,1
daleks,1
whickam,1
fitted,1
resentment,1
glassesxd,1
yellowish,1
piercings,1
drooling,1
bwhahhhhhhh,1
stoked,1
calculus,1
kitchen,1
sabotaging,1
quoteable,1
shrink,1
disbaled,1
acknowledgement,1
manliness,1
cancel,1
yelled,1
cosy,1
distinguished,1
colin,1
stepping,1
umbrella,1
blushing,1
paint,1
axis,1
coincidence,1
rarest,1
awfully,1
guiding,1
pedantic,1
beleive,1
diligent,1
giver,1
gentleman,1
nigga,1
jazz,1
clinginess,1
bond,1
profoundest,1
excepted,1
funnier,1
metallica,1
muh,1
adro,1
enlightenment,1
birth,1
softboiledlife,1
nicer,1
unnamed,1
misleading,1
laundromat,1
wrestled,1
diaper,1
renowned,1
xstj,1
aswell,1
flattering,1
digging,1
threat,1
psuedo,1
immoral,1
ancestor,1
adverse,1
gaze,1
sporting,1
entitled,1
cleaner,1
snot,1
tuning,1
mystic,1
flighty,1
cheaply,1
callout,1
sophomore,1
screamo,1
akin,1
hemorrhage,1
communist,1
carmenanne,1
mia,1
dammit,1
enegramms,1
hallucinate,1
donsee,1
cosmo,1
actualization,1
pottermore,1
requesting,1
furniture,1
belive,1
polyamorous,1
download,1
exploring,1
condolence,1
egoistic,1
accomplish,1
raped,1
cozy,1
protruding,1
pathway,1
greaaaatt,1
agreeable,1
sproutlings,1
symbol,1
meep,1
anthem,1
jeff,1
lisa,1
hahha,1
chi,1
zaragoza,1
pothead,1
blocked,1
breanna,1
decorative,1
feature,1
admirable,1
giddiness,1
pompom,1
engrave,1
error,1
supermarket,1
sooooooooo,1
chalk,1
disguise,1
boomboom,1
ushirodaleo,1
satan,1
kaleidoscope,1
constitutes,1
landlord,1
seize,1
holier,1
tesla,1
hoped,1
grapevine,1
mangas,1
bonjour,1
puke,1
subculture,1
girlygurl,1
hauhua,1
honking,1
inherent,1
forbidden,1
protest,1
rephrase,1
furiously,1
singularity,1
feat,1
ideaaaas,1
aviator,1
swirl,1
tactile,1
downfall,1
intern,1
frost,1
wildly,1
omnipresence,1
berens,1
nolan,1
expressly,1
uhhh,1
ante,1
stereotyped,1
xray,1
biding,1
exposing,1
relaxes,1
girlier,1
remaking,1
spacial,1
evans,1
lucas,1
sassy,1
union,1
encouragement,1
complimentary,1
seduced,1
aussie,1
spree,1
dumbass,1
fest,1
angel,1
soapbox,1
muhicz,1
instructing,1
organised,1
bronerd,1
sore,1
association,1
medschool,1
williams,1
definitively,1
boheme,1
december,1
arriving,1
falllll,1
godfather,1
loony,1
bewildered,1
raff,1
snack,1
addressing,1
friendzoned,1
havemy,1
quadra,1
touchy,1
operates,1
danger,1
ofc,1
swiggety,1
wat,1
twitching,1
victory,1
pudding,1
valve,1
superficially,1
politician,1
gude,1
ungodly,1
revenge,1
rectangular,1
insisting,1
stoned,1
predictable,1
hr,1
txt,1
coca,1
pinkey,1
crazyness,1
hyperactive,1
ri,1
uncentered,1
deve3loped,1
saver,1
clarence,1
dampering,1
dialog,1
bitchslapping,1
chameleon,1
host,1
strand,1
overlooked,1
serbian,1
attracting,1
transparent,1
subtlest,1
miller,1
improvisation,1
shown,1
bunuel,1
blundering,1
soundtrack,1
florence,1
pacman,1
algebra,1
reckless,1
aggressiveness,1
stupidity,1
mash,1
surrounding,1
webcomic,1
iflscience,1
resourceful,1
kelly,1
harshly,1
additionally,1
messiah,1
day😂,1
dought,1
exploited,1
whatevers,1
boldification,1
ohhh,1
creates,1
conspire,1
internalizing,1
fayetteville,1
coin,1
laziness,1
thas,1
gp,1
encouraged,1
musikaman,1
subtley,1
blissful,1
rawr,1
morph,1
chicky,1
aa,1
motherly,1
doer,1
zeptometer,1
beer,1
welles,1
tin,1
defending,1
joked,1
dd,1
stiletto,1
bureaucratic,1
darwin,1
sophomoric,1
crimson,1
inequality,1
triumphant,1
sword,1
neigh,1
anguish,1
sims,1
breathless,1
madoka,1
keemstar,1
savvy,1
extensively,1
recreational,1
stoopid,1
nymphomaniac,1
definitive,1
consent,1
bloodhound,1
dexterity,1
lou,1
stuckup,1
conversely,1
briefly,1
whining,1
yr,1
demonstrate,1
restarting,1
reacting,1
riddle,1
clash,1
psychoanalysis,1
mall,1
bashing,1
nevermind,1
translated,1
poly,1
outing,1
impede,1
soldiering,1
epidemic,1
mccartney,1
innovator,1
deletes,1
zeppelin,1
awwwwwwwwwwwwwwwwwww,1
stole,1
derailment,1
stagnant,1
resides,1
fuckery,1
chested,1
empathising,1
maj,1
arkansas,1
indicator,1
pagan,1
increase,1
misty,1
plane,1
pix,1
x3,1
princess,1
auxillaries,1
resilient,1
scuffle,1
primed,1
sfw,1
bulb,1
energized,1
overhead,1
polar,1
overnight,1
sa,1
justin,1
lumpia,1
assigned,1
firefly,1
activating,1
itsj,1
13th,1
pragmatism,1
orientated,1
bald,1
disillusionment,1
falcon5,1
clay,1
theft,1
biological,1
persephone,1
humbly,1
riled,1
hooded,1
bae,1
bow,1
likus,1
uummm,1
stuttering,1
sew,1
subcategory,1
colbert,1
nswfw,1
statistically,1
rob,1
xnxx,1
grandiose,1
cress,1
creamer,1
traitor,1
reward,1
ultra,1
mario,1
painstaking,1
somali,1
addictive,1
sitter,1
clarification,1
datamaiden,1
gen,1
fomo,1
convicted,1
crunch,1
eve,1
limbic,1
salutation,1
thingsll,1
btmangan,1
wench,1
pastel,1
awckward,1
marked,1
intraverions,1
questioned,1
internally,1
ps2,1
colonge,1
classmate,1
communal,1
thx,1
assault,1
smelled,1
sheer,1
everyway,1
india,1
blindly,1
rally,1
unbiased,1
irony,1
moreso,1
noisy,1
rhan,1
stinky,1
secretly,1
representative,1
waiter,1
miniature,1
ribbon,1
lawliet,1
salesperson,1
memorized,1
skyscraper,1
thehigher,1
ladyhawke,1
preaching,1
durarara,1
yedra,1
androgynous,1
whove,1
negativity,1
police,1
particle,1
tamed,1
rome,1
crab,1
inevitable,1
policy,1
washington,1
chubaca,1
mechanic,1
correcting,1
frivolus,1
adjust,1
chinotto,1
ellie,1
midterm,1
freud,1
fled,1
becuase,1
interacting,1
soulbreath,1
recognized,1
macklemore,1
systematising,1
alicewonderlands,1
fleetfoot,1
drum,1
returning,1
yoda,1
qite,1
incisor,1
subjectively,1
noticeable,1
larry,1
rey,1
arrested,1
stake,1
qwirky,1
muahahahaha,1
complementary,1
flapjack,1
teddy,1
raiding,1
kreayshawn,1
wmdistraction,1
loki,1
recorded,1
recessive,1
8w9s,1
shortest,1
poisoning,1
welp,1
neurosis,1
cease,1
biracial,1
harvest,1
incidence,1
ashton,1
sucre,1
retard,1
sustained,1
calld,1
winked,1
spotting,1
chilling,1
confusion,1
chuckhold,1
lego,1
hosting,1
adapt,1
steam,1
sounding,1
employ,1
aizar,1
cornettos,1
spill,1
straw,1
napoleon,1
shudder,1
greener,1
advertiser,1
whyyyyy,1
gitty,1
scroll,1
teller,1
satisfying,1
glazing,1
bleach,1
behindsmile,1
hugz,1
coupla,1
comforted,1
da,1
40k,1
gravity,1
messenger,1
bennington,1
crystall,1
dawn,1
awesomestest,1
realism,1
clenched,1
sorreeeeee,1
singed,1
ink,1
invaluable,1
hypochondria,1
administrative,1
weakling,1
lounge,1
behave,1
falsely,1
jawz,1
knockout,1
converged,1
enthused,1
californication,1
tenacilynn,1
agreeance,1
trainwreck,1
vaguely,1
entirety,1
indication,1
hound,1
entity,1
brilliance,1
wandering,1
coupled,1
5w6p,1
excitement,1
onesies,1
airbender,1
practiced,1
adopt,1
stevens,1
interlinked,1
chewing,1
escapism,1
distressed,1
graciously,1
ousted,1
edwin,1
scaled,1
goooodmorning,1
indirectly,1
meditate,1
fired,1
flaky,1
gap,1
embraced,1
breathing,1
rationalise,1
promisses,1
attune,1
envisioning,1
apocalypse,1
somekind,1
iv,1
outlandish,1
sauce,1
lawyer,1
instinctual,1
bangladeshi,1
fabulously,1
fluttery,1
pooh,1
cunt,1
ima,1
actualizing,1
exhaustion,1
hehehe,1
externally,1
revise,1
interpretationhere,1
poking,1
screw,1
wonen,1
arise,1
amelie,1
blacklions,1
ixtx,1
barton,1
crferguson,1
trance,1
interpreting,1
ffind,1
stew,1
phenomenon,1
mescalero,1
tremendously,1
hurricane,1
networking,1
gamer,1
auxes,1
evar,1
skimming,1
oof,1
fling,1
audition,1
gayness,1
rash,1
fiction,1
fond,1
distanced,1
likeable,1
usertag,1
glosoli,1
suitably,1
opener,1
occupied,1
duchovny,1
accompanying,1
robin,1
amumu,1
pr6w5,1
livejournaling,1
bickering,1
shrank,1
lettering,1
inter,1
dyed,1
nonsense,1
tormented,1
waffle,1
personification,1
gahhh,1
trilogy,1
besties,1
install,1
spunk,1
somethin,1
mortgage,1
roast,1
pardon,1
alanis,1
humanmetrics,1
judy,1
forgets,1
glancing,1
herb,1
overinflated,1
hurdle,1
toughie,1
hometown,1
staff,1
bending,1
unoriginal,1
unrelated,1
sundancer,1
generous,1
tower,1
penchant,1
conceited,1
deadpool,1
oooooo,1
rationalizing,1
sincerity,1
dominating,1
hoe,1
mgmt,1
consecutively,1
omar,1
boo,1
hornet,1
pitstop,1
imma,1
assuming,1
owned,1
yann,1
legitimately,1
shutting,1
curled,1
rim,1
excerpt,1
curve,1
rofl,1
flavoured,1
alchoholic,1
600ml,1
voalizations,1
recluse,1
loser,1
imperfect,1
nay,1
leocat,1
environmentalist,1
judys,1
pfft,1
discouraged,1
wiser,1
idiotic,1
obligation,1
animaniacs,1
increased,1
commend,1
theyx92re,1
triathlon,1
clone,1
mannered,1
dearly,1
wheras,1
dedicated,1
origin,1
allen,1
monologing,1
salsa,1
sympathise,1
pat,1
avoided,1
likewise,1
burton,1
ke,1
wheather,1
helbigs,1
vedder,1
poising,1
companionship,1
contra,1
professed,1
cloth,1
capella,1
jayyy,1
spark,1
sight,1
charisma,1
wonderboat,1
destruction,1
sunshine,1
reflectig,1
prejudice,1
wick,1
lowered,1
bub,1
moody,1
beloved,1
vastly,1
adolescence,1
moonlight,1
acknowledgment,1
al,1
mush,1
tattooed,1
zootopia,1
inherently,1
tape,1
planted,1
supplement,1
but…,1
dishonesty,1
authentic,1
trendy,1
entail,1
sup,1
sow,1
dried,1
jeez,1
th,1
doom,1
sara,1
solely,1
submit,1
olympic,1
whichever,1
athletics,1
crossfit,1
bona,1
lingo,1
seduces,1
iffy,1
ka,1
follows,1
reflecting,1
vegetarianism,1
fishing,1
clarifies,1
specified,1
homeboy,1
forehead,1
roof,1
nutshell,1
boardwalk,1
suomea,1
schoolers,1
socialization,1
aptitude,1
divulging,1
flipping,1
sector,1
deschanel,1
liberating,1
yellowflowers,1
aggravate,1
stronger,1
ambience,1
ethically,1
sighted,1
accommodating,1
merit,1
fluff,1
philosophizing,1
technique,1
eliminating,1
baron,1
scratch,1
hopps,1
classifying,1
douche,1
pewdiepie,1
divorced,1
indecisive,1
smog,1
coast,1
maze,1
comparing,1
neurones,1
uncommitted,1
pleasebeniceto,1
loner,1
confidante,1
survivor,1
sussed,1
department,1
lolz,1
skydiving,1
paracosm,1
aback,1
parade,1
periodic,1
beautifully,1
bicentennial,1
rom,1
stargate,1
searing,1
attempting,1
ethereal,1
bloc,1
backstory,1
tanaka,1
fishies,1
satisfies,1
lennon,1
sisyphus,1
ridiculousness,1
cruelty,1
flowing,1
emery,1
lauded,1
sirene,1
aages,1
receptionist,1
pale,1
angelfish,1
hamburger,1
iii,1
fella,1
motherfucker,1
circular,1
passon,1
japan,1
mah,1
herbal,1
nuanced,1
fry,1
greying,1
endearingly,1
acoss,1
nonchalant,1
passionless,1
wax,1
waaay,1
scar,1
observant,1
barefoot,1
pierce,1
territory,1
comfority,1
misguided,1
bluntness,1
ab,1
anus,1
magi,1
waaaaayyyyy,1
dropping,1
aquiering,1
astronomer,1
insignificant,1
violettee,1
faves,1
allie,1
shore,1
antique,1
distilled,1
nugget,1
sexbang,1
triggered,1
virtual,1
grinches,1
dreaded,1
uniformly,1
crispy,1
kangaroo,1
ventured,1
bluntly,1
commenter,1
talkie,1
contagious,1
intrest,1
jezabels,1
má,1
summed,1
kitty23,1
joplin,1
insomnia,1
november,1
questionable,1
rubber,1
wikipedia,1
alienated,1
helga,1
prescribe,1
vengeance,1
stj,1
tidbit,1
savior,1
batman,1
evvverything,1
hideous,1
procrastination,1
frase,1
possessive,1
served,1
dyslexia,1
repeatabley,1
saddly,1
conclude,1
spontaneity,1
apathy,1
approaching,1
tarot,1
hypnotize,1
diverse,1
harassment,1
floppy,1
trolololo,1
magicas,1
misfit,1
tuck,1
mialrin,1
adulthood,1
barking,1
clinical,1
dieing,1
linear,1
joey,1
recomend,1
unjust,1
lamppost,1
regifted,1
prego,1
admiral,1
woodpecker,1
bravo,1
defensless,1
hyperbole,1
price,1
suicidal,1
wheeling,1
vibing,1
evenly,1
villainous,1
reporting,1
whatnot,1
warrant,1
gorilla,1
stereotypicaly,1
y2k,1
evanescence,1
marriend,1
scolding,1
hugged,1
dewd,1
loofah,1
distract,1
noted,1
conscience,1
stored,1
breaker,1
proving,1
blurting,1
dispenser,1
okc,1
orb,1
snowy,1
counting,1
genie,1
sacrificing,1
absence,1
sympathy,1
doting,1
golly,1
freakishly,1
vocaloid,1
animosity,1
handsome,1
beercan,1
miracle,1
universalist,1
commercializing,1
notus,1
switched,1
emit,1
understimulated,1
classroom,1
command,1
noooooo,1
collaborate,1
solemn,1
appetite,1
arachnophobia,1
wondern2wonder,1
abound,1
observer,1
matthew,1
clicheic,1
informal,1
hostility,1
rosemary,1
drag,1
reoccurring,1
hamm,1
teleportation,1
pasture,1
index,1
href,1
ombre,1
retrospect,1
deliciously,1
round,1
kangoroos,1
inconsistent,1
tandem,1
grant,1
crash,1
wounded,1
safely,1
wildlife,1
decor,1
covet,1
substitute,1
independence,1
eyeshadow,1
yoga,1
snowboarding,1
avett,1
theater,1
forbade,1
katatonia,1
breeze,1
decieding,1
murky,1
nonetheless,1
comvictions,1
packing,1
convert,1
5w6,1
ooo,1
tricky,1
convenience,1
kaycee,1
bronze,1
chased,1
cultivated,1
gas,1
curio,1
violet,1
steadily,1
carrington,1
pressuring,1
poked,1
gotcha,1
highlighter,1
noire,1
indicates,1
postulation,1
argumentation,1
hoook,1
succ,1
ingenuity,1
plotting,1
painted,1
fortunately,1
overstimulated,1
shelf,1
detroit,1
deppression,1
dominate,1
taco,1
deviantart,1
giggled,1
thievery,1
asphodelus,1
replying,1
unitarian,1
forbes,1
compatiblity,1
6ish,1
fallen,1
mutates,1
lolol,1
overanalyzing,1
ape,1
phrenology,1
momentarily,1
hipsterrrrrrr,1
ballast,1
scrolling,1
eeks,1
porcelain,1
booklet,1
shout,1
uploading,1
earn,1
mercurial,1
cloud,1
yuumei,1
split,1
spew,1
valley,1
weirded,1
amen,1
pestered,1
guillotine,1
chicane,1
overwhelmed,1
procedure,1
iamx,1
intimacy,1
maritime,1
db9,1
flourish,1
rift,1
rdj,1
efficient,1
symbiotic,1
dexter,1
freezing,1
shakira,1
voluntarily,1
roflmao,1
scientifically,1
jinhong91,1
hardy,1
xi,1
weeds32,1
scheme,1
llighters,1
factory,1
detest,1
efficiently,1
drunkparrot,1
aweeee,1
rl,1
inadequate,1
garlic,1
mojo,1
slash,1
impossibility,1
housecat,1
pavement,1
styled,1
waving,1
stoner,1
homelessness,1
nicole,1
newtonian,1
chief,1
failing,1
inevitably,1
icke,1
flying,1
smacking,1
aiming,1
tumble,1
congregation,1
quantum,1
josephine,1
ohhhh,1
faithful,1
percent,1
wellsey,1
jamming,1
untrustable,1
panzer,1
hellfire,1
dismissing,1
stacking,1
swept,1
muchaparadox,1
feng,1
awwee,1
seamless,1
overlooooooaaaaaaaad,1
mistyping,1
choker,1
expected,1
selecting,1
punisher,1
consistency,1
mutt,1
outlook,1
warp,1
effective,1
erotica,1
analyzed,1
saturday,1
shining,1
target,1
involving,1
outline,1
noun,1
becasue,1
continuation,1
chit,1
mmmhhmm,1
ambivalence,1
dialogue,1
repeating,1
donnie,1
unfamiliar,1
unconsciousness,1
aura,1
apathetic,1
whack,1
luther,1
retro,1
yupp,1
choosing,1
primarily,1
alter,1
bobdaduck,1
ambition,1
wiped,1
ahahahaha,1
becca,1
luis,1
strive,1
raged,1
mud,1
temple,1
newerth,1
deem,1
kneel,1
gardevoir,1
labrador,1
manifesto,1
sneak,1
0acts,1
talkng,1
kefka,1
replay,1
restlessness,1
bawhahaha,1
biromantic,1
amidst,1
joanna,1
congruent,1
illogical,1
zomgitsemma,1
overcoming,1
engulfed,1
violated,1
bannon,1
gawd,1
coke,1
legalization,1
intjforum,1
chop,1
tossup,1
freudstarted,1
cheap,1
dawson,1
nyeow,1
russian,1
muahaha,1
unrealized,1
ennegram,1
shield,1
frustation,1
waaaay,1
furry,1
memento,1
sunny,1
negging,1
prescribed,1
alfredo,1
uncommon,1
karnas,1
dawned,1
tinted,1
brando,1
coconut,1
provoking,1
cargo,1
cm,1
berate,1
tater,1
extending,1
assist,1
launching,1
doubleposting,1
encourage,1
recollect,1
increment,1
sibyl,1
ohhhhh,1
hex,1
crafting,1
roofied,1
sob,1
misanthropist,1
thrift,1
hairdresser,1
overprotective,1
xnfjs,1
ceiling,1
misunderstanding,1
sc,1
cocaine,1
dryer,1
cooper,1
provoke,1
drown,1
200g,1
britney,1
talanted,1
bastard,1
stab,1
pinpointed,1
polka,1
frisbitch,1
depend,1
bieber,1
rockwell,1
durden,1
digress,1
naggy,1
arrive,1
conventional,1
helena,1
tag,1
fighter,1
sheeeshh,1
reflective,1
painfully,1
niceness,1
betraying,1
collection,1
satirical,1
riff,1
shoegaze,1
egocentric,1
debater,1
imgur,1
notebook,1
distinction,1
complains,1
tarantula,1
terrifies,1
kansa,1
nickname,1
buddhism,1
contrary,1
gorillaz,1
suited,1
leasing,1
pillowcase,1
evacuated,1
darker,1
foiled,1
kinship,1
abruptly,1
psychopath,1
vary,1
shaded,1
hormone,1
5intellectualism,1
acquired,1
fag,1
greet,1
starrynights,1
metropolitan,1
switching,1
lastly,1
rook,1
needy,1
auditioned,1
dawww,1
marshall,1
amelia,1
access,1
appropriately,1
cohesive,1
conglomeration,1
facepalm,1
persecuted,1
verrrry,1
upstairs,1
completly,1
gomezartherj,1
endurance,1
dependance,1
scarf,1
smelling,1
unwanted,1
discretion,1
ward,1
allllmost,1
underage,1
hedonist,1
sophia,1
oatmeal,1
enrollment,1
stellar,1
entertainment,1
archetypically,1
pneumoceptor,1
traumatized,1
ralph,1
historically,1
centrally,1
glaring,1
calvin,1
shouldve,1
foremost,1
george,1
incorrectly,1
cyrus,1
unnerved,1
chatter,1
misworded,1
singling,1
yt,1
buttface,1
yum,1
cleaned,1
shamed,1
macho,1
psalter,1
reservation,1
deflect,1
terror,1
hid,1
ie,1
laying,1
regularly,1
bipolarity,1
carey,1
inundated,1
usefull,1
crop,1
whait,1
3ish,1
cam,1
disconnected,1
withdrawn,1
obliger,1
dumber,1
lana,1
dump,1
mourning,1
fucko,1
fliping,1
gaggle,1
readily,1
mayer,1
seinfeld,1
thpical,1
phylol,1
arnaz,1
europapark,1
yeagmh,1
punching,1
bee,1
dearie,1
elliot,1
blaming,1
widow,1
chrisi,1
deactivate,1
minimalism,1
boarding,1
sensible,1
happend,1
intruding,1
undergraduate,1
lindt,1
poorly,1
roleplay,1
fide,1
robby,1
prolonged,1
fu,1
anarchy,1
boogy,1
dodging,1
smiting,1
volunteering,1
conviction,1
flabbergasted,1
webcam,1
forthright,1
recruiter,1
pupper,1
require,1
exhilaration,1
delta,1
lb,1
hereby,1
circumcised,1
wimpy,1
visionary,1
merry,1
metalocalypse,1
sorting,1
stifle,1
mighty,1
flipped,1
comeplete,1
blade,1
pray,1
monty82,1
undies,1
moot,1
demand,1
leisurely,1
tp,1
cheese,1
yah,1
slutty,1
vocal,1
healthier,1
pondering,1
clamp,1
analyse,1
theatre,1
remark,1
buchanan,1
popcorn,1
kittenklyn,1
trace,1
theluckyone,1
ohhhhhhh,1
drifting,1
pakistani,1
bolemic,1
sends,1
disagreeing,1
opt,1
superficiality,1
incoming,1
skittle,1
shrugged,1
flight,1
internalize,1
pier,1
randomize,1
phd,1
marrow,1
vain,1
gg,1
violinist,1
interpret,1
deleting,1
cereal,1
slide,1
enxps,1
brotha,1
rapport,1
nibble,1
wasting,1
africa,1
pippy,1
hispanic,1
camron,1
inxj,1
ratio,1
lumped,1
caviezel,1
eager,1
thanksgiving,1
uncaring,1
dean,1
spurt,1
shakti,1
subsequently,1
exfx,1
forevah,1
distinctively,1
mole,1
infatuation,1
pioneered,1
vietnam,1
km,1
investigator,1
arrogance,1
woodsofdesolation,1
beam,1
ching,1
fiasco,1
derren,1
monologue,1
nadej,1
viewed,1
paradise,1
peeking,1
que,1
contributed,1
unsupportive,1
decently,1
pressured,1
excluding,1
soldier,1
outer,1
taxed,1
cara,1
arrow,1
maintaining,1
extend,1
piranha,1
eated,1
collar,1
somanythoughtssomanythoughtssomanythoughtssomanythoughtssomanythoughtssomanythoughts,1
hazy,1
substantial,1
carnies,1
oaxaca,1
introspective,1
exed,1
overplay,1
pandora,1
muppet,1
violating,1
nathanson,1
peppermint,1
cringe,1
virtue,1
kkkkkkkk,1
alphabetizes,1
wheres,1
hippie,1
manly,1
atrophied,1
commenting,1
alignment,1
attended,1
caffeinatd,1
representation,1
cornell,1
wholly,1
hopping,1
kiddy,1
desi,1
dawkins,1
latina,1
protector,1
similarly,1
fml,1
occasional,1
orthodontist,1
tritypes,1
respectfully,1
neat,1
exfj,1
starkid,1
perumov,1
receptive,1
outright,1
compensated,1
meltdown,1
impairing,1
unjudgemental,1
deslk,1
downunder,1
sweatshop,1
hiking,1
sushi,1
cohort,1
asia,1
ntuitive,1
experimentation,1
empire,1
visited,1
gurning,1
ancient,1
subconsciously,1
responds,1
vertical,1
criticizes,1
stereo,1
browser,1
harass,1
esl,1
scraping,1
peeling,1
torrnickel,1
endeavor,1
gigantic,1
symptom,1
antoniorq1,1
pixar,1
smirk,1
acid,1
punctuation,1
lsi,1
daydreaming,1
vital,1
pedal,1
daze,1
10quality,1
yearns,1
vicious,1
hollow,1
swag,1
shiiiiiiiiit,1
processed,1
freaky,1
kuroshitsuji,1
approximately,1
véné,1
cheesus,1
scum,1
sentimental,1
skating,1
complaint,1
pervert,1
bellsouth,1
8th,1
inconsiderate,1
cheezburah,1
enfpxenfp,1
crossed,1
justmeandmyguitar,1
belgium,1
classify,1
micro,1
mailer,1
sexism,1
denys,1
spunky,1
booooo,1
dismiss,1
coach,1
nafatali,1
txting,1
photobombed,1
intake,1
visualized,1
disappoint,1
asoverly,1
perplexes,1
chuck,1
oneness,1
8pm,1
confrontation,1
richard,1
hookup,1
monotonous,1
downer,1
wail,1
je,1
galdurnit,1
maximl,1
curb,1
intervening,1
abusing,1
meetup,1
clashing,1
de,1
amaaazing,1
goodluck,1
generation,1
martin,1
ax,1
starsleet,1
angua,1
cn,1
blair,1
meaningful,1
ungweliante,1
waif,1
artsy,1
jokey,1
gifts…,1
pony,1
bashed,1
etches,1
mentalist,1
observational,1
awh,1
dronedoom,1
sefi,1
remniscent,1
sci,1
choke,1
monitor,1
ntp,1
moan,1
misterjordan,1
speaky,1
nightowl,1
deviation,1
venom,1
lawn,1
okcupid,1
forecast,1
knowingly,1
parked,1
bajillion,1
tart,1
fmp,1
spends,1
burning,1
plantae,1
pictorial,1
waist,1
presented,1
tutored,1
doris88,1
heartbreaking,1
adaptation,1
sociable,1
globalchatter,1
quicklinks,1
cresendo,1
esculate,1
insistence,1
capping,1
bang,1
genetically,1
canditate,1
humane,1
enduring,1
printed,1
cooler,1
solitary,1
daphnedelrey,1
esxp,1
sowwie,1
unesco,1
chastely,1
pockyist,1
realtionship,1
pentatonic,1
youngblood41,1
tortured,1
motivates,1
wei,1
tackle,1
sickness,1
telepathy,1
lea,1
hahaah,1
newsom,1
accumulated,1
prepare,1
wb,1
predicament,1
slytherin,1
stump,1
drank,1
kidman,1
shockingly,1
grandfather,1
enos,1
whoooooo,1
forming,1
laden,1
smarter,1
psychopathic,1
ummm,1
accidental,1
swmbo,1
shoka,1
asprey,1
wasp,1
charming,1
sponge,1
hill,1
chooses,1
gothic,1
polarized,1
approached,1
dolphin,1
creepily,1
designated,1
farm,1
daytime,1
hijacked,1
romaric,1
strike,1
wasted,1
licker,1
musicalmeggie,1
relax,1
divergents,1
winged,1
senpai,1
queue,1
pness,1
forgiving,1
flashy,1
puella,1
discerning,1
cheetos,1
spaceballs,1
neuron,1
commissioned,1
legally,1
morfinyon,1
allaboutjazz,1
operating,1
confound,1
boogie,1
package,1
poppy,1
pasta,1
paramount,1
barbaloot,1
tablet,1
heritage,1
auditory,1
metallic,1
n2freedom,1
tjs,1
ditsy,1
sfs,1
majoring,1
sfj,1
deluge,1
symbolic,1
fabi,1
mocies,1
shui,1
enfx,1
ohmigoodness,1
groan,1
indefatigably,1
abounds,1
bearing,1
libido,1
conducting,1
cola,1
defensive,1
porch,1
somanythoughtssomanythoughtssomanythoughtssomanythoughts,1
necktie,1
trademark,1
rail,1
limbo,1
大智,1
handcuffed,1
stub,1
expound,1
exxxs,1
sht,1
cigar,1
priority,1
tweet,1
haircut,1
cheetah,1
bracelet,1
uplifting,1
deastro,1
dulcinea,1
wisdom,1
sizzle,1
quarrel,1
conjure,1
forst,1
xoxox,1
reallly,1
edu,1
colorful,1
overrated,1
salary,1
drumroll,1
cher,1
belated,1
messier,1
fluorescent,1
weenises,1
cyclical,1
foo,1
hziegel,1
subconscious,1
macfarlane,1
machiavellian,1
linking,1
narcissism,1
secretely,1
monty,1
decriminalization,1
starbuckskat,1
incompetence,1
haywire,1
vocabulary,1
advance,1
horizon,1
ebay,1
woof,1
hedgehog,1
chwoey,1
attributed,1
aluriur,1
sourced,1
legit,1
israel,1
feisty,1
punk,1
tolkein,1
bogged,1
betrayed,1
tame,1
ye,1
boiler,1
3xs,1
rum,1
mugged,1
skewed,1
duet,1
enthusiast,1
paste,1
jeepers,1
wet,1
traditionally,1
desirable,1
prāta,1
safer,1
souled,1
compulsive,1
surge,1
leopard,1
sung,1
cardigan,1
tal,1
academically,1
production,1
stalkerish,1
oi,1
invisibility,1
pullover,1
heeey,1
colony,1
sandwich,1
allowing,1
honey,1
trick2g,1
asmr,1
chronicle,1
resurrecting,1
tended,1
orson,1
ack,1
treated,1
fundamental,1
likelihood,1
kawaii,1
oletko,1
ariel,1
exacty,1
somethign,1
battlefield,1
toughest,1
normalcy,1
ineffective,1
basement,1
principal,1
renogod,1
vids,1
forcing,1
interpersonal,1
idolize,1
pity,1
caused,1
tireless,1
contented,1
bassist,1
taiwan,1
irresponsible,1
heartache,1
buuuut,1
writes,1
uninterested,1
grass,1
smothering,1
monemi,1
charging,1
insinuate,1
disaster,1
gate,1
mannerly,1
glaringly,1
homo,1
racing,1
ohmigosh,1
refresh,1
oxycontin,1
ahahahahaa,1
sociological,1
mary,1
concentrate,1
brian,1
unlocked,1
inactive,1
inquisitive,1
safehouse,1
urbanmonk,1
protective,1
worldview,1
offensively,1
campus,1
cushiony,1
inconvenient,1
lick,1
certainty,1
pilot,1
kate,1
tour,1
puff,1
ware,1
clumsyness,1
swaggity,1
bps,1
ska,1
unattainable,1
interpreter,1
despises,1
700x80,1
lipstick,1
mick,1
stripe,1
shakespeare,1
whore,1
15th,1
maltese,1
jaded,1
sufjan,1
channel,1
mbean1,1
blindsided,1
release,1
punctual,1
mull,1
categorized,1
hung,1
housemate,1
abysmal,1
diabolical,1
expectaopn,1
toast,1
measuring,1
asocial,1
mi,1
majestic,1
propositioned,1
wih,1
fo,1
tempting,1
masculinity,1
glorify,1
pming,1
hoodie,1
mrrrroww,1
silk,1
expressivegirl,1
gb,1
continued,1
beckett,1
reveals,1
perfectionism,1
badger,1
conforming,1
stabiliity,1
seth,1
starry,1
exacerbated,1
xxxholic,1
unpack,1
shite,1
headbang,1
lively,1
distinguishing,1
plankton,1
otm,1
hike,1
standardized,1
equivalent,1
louis,1
fathom,1
guard,1
mortal,1
alley,1
figuratively,1
thicker,1
ocarinaoftime,1
methodical,1
mindblown,1
earned,1
makishma,1
kong,1
pan,1
hee,1
heckler,1
spaghetti,1
mahar,1
pls,1
tequila,1
labrandy,1
conversing,1
lance,1
smoker,1
vibrating,1
footage,1
apatheism,1
8dd,1
opportunistic,1
phil,1
morally,1
nurture,1
underweight,1
snapchat,1
learnt,1
wit😁,1
daddy,1
ny,1
unit,1
squeeze,1
cleanly,1
corby,1
lurker,1
quietly,1
spur,1
lay,1
telepathically,1
aquatic,1
effortless,1
childlike,1
tarantino,1
icarus,1
balboa,1
burrito,1
irwin,1
homey,1
blinding,1
unethical,1
meyers,1
app,1
behavioral,1
gestural,1
fashionable,1
lilsnowy,1
kutchers,1
threatening,1
gaping,1
fizzled,1
spektor,1
pitch,1
evolved,1
mythical,1
riding,1
npd,1
cart,1
chopped,1
pointed,1
cashier,1
departure,1
hotaru,1
nuff,1
independently,1
yelling,1
imbibed,1
agoraphobia,1
lajoie,1
subtly,1
sagitarius,1
cubicle,1
wa,1
insincerity,1
elaborate,1
unfortunate,1
freeeeeeee,1
blatantly,1
soviet,1
couchsurfing,1
thick,1
sock,1
puppy,1
sugar,1
percusussion,1
dawdling,1
grrr,1
atmospherics,1
bubbly,1
evades,1
rosered,1
hypocrisy,1
assembly,1
recklessly,1
crashed,1
excitable,1
targeting,1
gauging,1
steeeevie,1
refining,1
implant,1
spiral,1
entpness,1
outta,1
adaptable,1
obediently,1
dissonance,1
demonstration,1
sample,1
entering,1
sunburn,1
listens,1
blama,1
favorably,1
dispassionate,1
robbins,1
photography,1
establishing,1
investigate,1
chimeric,1
legitimate,1
combining,1
initiating,1
dreading,1
engagement,1
drummer,1
ridicule,1
boho,1
emotionalme,1
confirmation,1
relation,1
delightful,1
socrates,1
slim,1
hamstersamurai,1
intuitors,1
jam,1
firth,1
coloring,1
softens,1
6w5,1
eg,1
shaved,1
frisbacon,1
monkay,1
ixxp,1
mango,1
accelerated,1
disappear,1
8w9f,1
necklace,1
ixtps,1
centered,1
ucsd,1
droplet,1
bliss,1
6w7,1
rolling,1
lauren,1
overshadowed,1
hipsterhitler,1
treschanna,1
diagram,1
capital,1
cera,1
excessive,1
neighbour,1
provençal,1
frustrate,1
bubblegum,1
accomodate,1
gathered,1
kardashians,1
spaceship,1
seldom,1
killbain,1
straighforward,1
albino,1
adobe,1
sharer,1
script,1
denizen,1
plantation,1
shoulds,1
deer,1
hyperactivity,1
absenteeism,1
humanbeing,1
edm,1
legion,1
shattering,1
goodthankyou,1
oversized,1
meticulously,1
dv7,1
effortlessly,1
thumb,1
kno,1
silys,1
sorryyyyyy,1
creeping,1
lunar,1
notorious,1
deathbed,1
smack,1
tad,1
sctually,1
beg,1
uuuuh,1
ethic,1
dirtier,1
placebo,1
ramen,1
plausible,1
disposition,1
gazer,1
oriented,1
unflattering,1
bruise,1
hammer,1
darko,1
dwelling,1
remer,1
attachment,1
sunlight,1
endearment,1
celebritytypes,1
grate,1
mb,1
remains,1
improving,1
imes,1
anakin,1
espeacially,1
hotline,1
nominate,1
advert,1
listless,1
criterion,1
grateful,1
spooked,1
declare,1
probs,1
unpredictable,1
slithered,1
chameleoning,1
seamlessly,1
500mb,1
mime,1
camping,1
wooo,1
string,1
bless,1
reiterate,1
mar,1
shuusei,1
prodigal,1
dota,1
wednesday,1
vi,1
tournament,1
ordering,1
bitter,1
plague,1
kat,1
ahum,1
swoop,1
huggables,1
corresponds,1
eternity,1
instantly,1
superalive,1
communicates,1
brasil,1
albert,1
comfortably,1
meme,1
catharsis,1
strapped,1
deduce,1
hood,1
duo,1
missinterpreted,1
unsuccessful,1
chickydoda,1
creed,1
collide,1
audio,1
thingie,1
slower,1
surpassed,1
disengage,1
variable,1
hopeless,1
daisychain,1
tx,1
zooey,1
jaw,1
elicit,1
sabotage,1
goodnight,1
ulimate,1
caregiver,1
problematic,1
tion,1
educator,1
indolence,1
claire,1
laosian,1
hypothetical,1
spitting,1
onion,1
undeserving,1
spotted,1
pmj,1
remote,1
orangesoda,1
skull,1
skeleton,1
stock,1
mischa,1
hisptuh,1
ffloor,1
muslim,1
tyoe,1
trifle,1
hygienic,1
incoherent,1
downy,1
druggy,1
isnx92t,1
ewc30,1
docile,1
profound,1
transportation,1
fiver,1
interrupted,1
eighth,1
fancier,1
priest,1
holographic,1
yaaa,1
metric,1
emojis,1
bumping,1
intolerant,1
scifi,1
nintendo,1
flock,1
athlete,1
destroyed,1
diggin,1
overall,1
shaping,1
pressed,1
hindsight,1
flood,1
tron,1
aminals,1
personable,1
shinny,1
moustache,1
popped,1
guest,1
instrumentals,1
excellent,1
vera,1
st,1
laughin,1
geography,1
promptly,1
knife,1
f9w1,1
hypothesis,1
u2,1
factually,1
intonyp,1
buts,1
smoothly,1
ummmm,1
carcass,1
nardi,1
cringing,1
patriarchy,1
norris,1
deemed,1
wand,1
lecture,1
xsfj,1
overload,1
creatively,1
useless,1
insanity,1
understands,1
allllll,1
pact,1
brainstorm,1
exhibitionist,1
��,1
flattery,1
puttering,1
station,1
asterios,1
pioneer,1
dispelling,1
abide,1
humilty,1
phenomenal,1
strangest,1
plastic,1
jupiter,1
stack,1
lightbulb,1
tribe,1
munch,1
temporarily,1
lethargic,1
upstate,1
runvardh,1
slightest,1
official,1
bubble,1
heartbroken,1
paralyzes,1
bimbo,1
scarin,1
lotr,1
producing,1
erm,1
msc,1
lavender,1
brake,1
jinx,1
empath,1
theyrre,1
temper,1
amun,1
preteen,1
expects,1
sweetest,1
nigeria,1
jeep,1
thrilled,1
solitude,1
quadras,1
eminem,1
huffington,1
idol,1
connectivity,1
tolerance,1
badalandabad,1
foreshore,1
persist,1
electronic,1
invariably,1
lovey,1
locate,1
crazed,1
offence,1
mainstream,1
winning,1
rattle,1
seriousness,1
weathervane,1
liner,1
tote,1
badkitty,1
liable,1
sheltered,1
loupey,1
tee,1
convo,1
sbm,1
uggghh,1
torn,1
conscription,1
depended,1
slacking,1
sensation,1
futile,1
begining,1
principled,1
大地,1
proofreading,1
plural,1
glom,1
mono,1
storkes,1
dual,1
holland,1
eeeh,1
pyramid,1
reposted,1
ulterior,1
journalism,1
sail,1
beavis,1
daniel,1
wooooooooo,1
narcissistic,1
hershey,1
consume,1
octillion,1
abrupt,1
pua,1
unconditional,1
bjs,1
trumpet,1
riocous,1
moderate,1
skilled,1
gussed,1
aka,1
witht,1
achievement,1
adjustment,1
factual,1
reengage,1
doc,1
dovey,1
snirf,1
datepudding,1
fitz,1
cynic,1
bookshop,1
newton,1
samurai,1
adequately,1
hairspray,1
nursery,1
luv,1
malevolent,1
legging,1
buzzkill,1
julien,1
saget,1
bossing,1
knock,1
tarzan,1
bellweather,1
binging,1
ra,1
hype,1
biotech,1
mjs,1
hatter,1
tought,1
ubister,1
manhunt,1
bohemian,1
accusatory,1
aplan,1
radar,1
invalidate,1
eternal,1
refutes,1
mindless,1
rating,1
stretch,1
justification,1
somone,1
belong,1
ruby,1
karma,1
intxs,1
variant,1
clicked,1
grinning,1
snail,1
stolen,1
coms,1
envious,1
facepalms,1
ig,1
ignorant,1
slope,1
shadow,1
absorbs,1
identified,1
effin,1
omfg,1
infection,1
wpm,1
introspection,1
relatively,1
zaiya,1
nerdier,1
heyo,1
intoxicated,1
mundane,1
ram,1
gushy,1
ruling,1
weighing,1
uncharacteristically,1
statistic,1
countryside,1
transformer,1
improv,1
sybil,1
afterlife,1
befriended,1
obsessive,1
apoligized,1
whyre,1
ripple,1
infinitely,1
killed,1
thang,1
upbringing,1
infested,1
sexuality,1
houseparty,1
soooooooo,1
soso,1
discriminated,1
partly,1
spear,1
aesthetically,1
saddened,1
horrid,1
varying,1
allude,1
crippling,1
saltwater,1
strangely,1
2helpfulness,1
coma,1
realisation,1
guitarist,1
glean,1
inch,1
horizontally,1
ganging,1
january,1
veen,1
samuel,1
commune,1
outrageousness,1
miffed,1
empathize,1
pour,1
gifbin,1
bada,1
tanning,1
bisexual,1
workaholic,1
convincing,1
huggibg,1
arvo,1
unleash,1
insincere,1
trickier,1
misunderstand,1
stimulating,1
outward,1
wright,1
alongside,1
exit,1
rooster,1
basil,1
constellation,1
foster,1
floated,1
perceive,1
gutting,1
embarrasing,1
pssssh,1
screaming,1
purging,1
escaped,1
implication,1
bucket,1
midnight,1
monsieur,1
observe,1
marie,1
needing,1
cunning,1
exaggerated,1
farting,1
gary,1
whens,1
peering,1
explanatory,1
äöüßäöüßäöüßäößüäößüöäßüöäßöüßäößüöäßüößäöüßöäßüöäßö,1
dai,1
skype,1
offhand,1
enormously,1
hooked,1
despair,1
campeybene,1
venomous,1
faking,1
backing,1
priviledges,1
wanted188,1
10th,1
robotic,1
anticipation,1
rationality,1
convoluted,1
diligence,1
sentimentality,1
clichee,1
mathletes,1
caraway,1
ili,1
humiliated,1
sweetraglansweater,1
omegle,1
euphoric,1
omgah,1
lends,1
groundless,1
jail,1
whimsical,1
screening,1
patrick,1
distorts,1
updating,1
brazilian,1
preeetty,1
koan,1
advertising,1
isolation,1
fatalistic,1
wanda,1
swagger,1
sabre,1
gbay,1
claimed,1
threadless,1
biology,1
obsessing,1
accounting,1
conformity,1
radzell,1
hustla,1
foundation,1
impulsiveness,1
contradictory,1
brief,1
mild,1
havhave,1
fried,1
palette,1
tter,1
grime,1
scuai,1
ognitive,1
carl,1
seated,1
italicized,1
prison,1
cd,1
msg,1
therefore,1
unreasonable,1
awkwardness,1
operation,1
reboot,1
hater,1
natured,1
sting,1
psychologically,1
clockwork,1
complement,1
fruitful,1
messaging,1
emphasizing,1
combing,1
stepfather,1
idealizing,1
frog,1
brandons,1
dip,1
indifference,1
culperate,1
enps,1
acutely,1
minus,1
scullery,1
soak,1
tise,1
bronson,1
decisive,1
rigid,1
portable,1
supervisor,1
pursuing,1
bruised,1
vētra,1
nonthin,1
ponder,1
harding,1
8w7,1
invent,1
northern,1
geass,1
lithium,1
constitution,1
affable,1
vast,1
phenton,1
metekingi,1
idiosyncratic,1
magnetically,1
inconceivable,1
aspiration,1
conversational,1
oyster,1
strafen,1
infatuated,1
uncut,1
awakening,1
eyelash,1
hellbent,1
godzilla,1
schmoozing,1
neverending,1
unfold,1
intensive,1
luvs,1
manifest,1
awed,1
angst,1
sei,1
whine,1
skidmarks,1
tentacle,1
4th,1
combo,1
exotic,1
yeessss,1
10char,1
categorization,1
complacent,1
squidward,1
ahahaha,1
synchronised,1
resolving,1
dreamed,1
guarded,1
doctored,1
ruth2ten,1
reflects,1
emotive,1
morelike,1
whence,1
irrationality,1
gallos,1
oft,1
noami,1
arnold,1
jew,1
sickeningly,1
hatehatehated,1
unitary,1
basket,1
athletic,1
litre,1
vivisan,1
anglo,1
vendetta,1
sober,1
lifted,1
universally,1
esoasm,1
moderation,1
wheezing,1
barbarian,1
introversion,1
kendrick,1
unhealthiest,1
highway,1
beutiful,1
california,1
poppin,1
fidgety,1
myth,1
weapon,1
studious,1
abstract,1
sanity,1
maser,1
formality,1
labeled,1
oldie,1
apostrophe,1
psych,1
toledo,1
seemingly,1
aeww,1
alex,1
surfin,1
rebuild,1
alternatively,1
tantrum,1
bernard,1
oppression,1
dug,1
shuffle,1
arranged,1
subsides,1
crochet,1
nazi,1
bully,1
owed,1
bfs,1
protein,1
bittersweet,1
boi,1
miserable,1
ing,1
fleet,1
nsw,1
ixtj,1
fused,1
server,1
idubbz,1
sle,1
proposal,1
whatwas,1
occurences,1
someday,1
freindship,1
absent,1
corrupted,1
nutty,1
guh,1
impatient,1
expressing,1
beetwen,1
bedtime,1
buddha,1
pubic,1
pumped,1
dulce,1
route,1
askes,1
testing,1
beautyful,1
golden,1
rrrraaaaaaarrrgghhhhhh,1
stardew,1
pinned,1
egregiously,1
engineering,1
mckay,1
sanja,1
nonprofit,1
medicated,1
perfecting,1
intensity,1
craving,1
allll,1
unparalleled,1
gargantuan,1
justs,1
idiocy,1
drugged,1
blank,1
initiated,1
weaving,1
maker,1
guacamole,1
purse,1
volcano,1
xxfps,1
metalpoints,1
ixtp,1
narrator,1
twitch,1
carbonara,1
overblown,1
keys2cognition,1
caesar,1
infer,1
involuntary,1
diligently,1
schumer,1
ginoza,1
uncontrollable,1
somit,1
afternoon,1
liberalist,1
lackofmops,1
inducing,1
blindfold,1
sensing,1
beating,1
kilometre,1
muffin,1
stumped,1
ascertain,1
colleague,1
ventriloquism,1
purposefully,1
sucked,1
sexier,1
woody,1
evey,1
cushion,1
vampire,1
sooner,1
roar,1
disconcern,1
brick,1
grabbing,1
goalkeeper,1
gem,1
washing,1
enraged,1
jewelry,1
decisiveness,1
aggregating,1
noodle,1
roughly,1
row,1
ogranisations,1
prom,1
insanekender,1
preach,1
fury,1
plase,1
antagonist,1
thiersen,1
uf60a,1
femininity,1
extensive,1
obscenely,1
floral,1
cheated,1
danse,1
meshed,1
beggining,1
murder,1
provides,1
overcompensation,1
franti,1
wayyyyyyyore,1
verdant,1
sheen,1
carrer,1
assures,1
beatles,1
scuei,1
bari,1
offered,1
excepting,1
causer,1
howdy,1
emerald,1
repost,1
nicktoons,1
nádej,1
tact,1
presentation,1
mixing,1
hididng,1
physiological,1
assassin,1
50pm,1
undone,1
numbing,1
license,1
deprecation,1
unemployment,1
arg,1
dobby,1
deceived,1
hairstylist,1
6physical,1
alanmontap,1
indian,1
yeees,1
sided,1
marlon,1
ferocious,1
tuned,1
zombie,1
arrangement,1
agreement,1
pagesof,1
handedly,1
rorscharch,1
pursuit,1
googled,1
condone,1
edd,1
mantle,1
pegged,1
eie,1
nikson,1
fool,1
tolkien,1
aspergers,1
blending,1
untamed,1
unsatisfied,1
conflicted,1
unconscious,1
gots,1
defo,1
asme,1
burbs,1
veeeeeery,1
creeper,1
quirkiness,1
conundrum,1
celebrate,1
flatmate,1
organize,1
jechtspencer,1
zip,1
appearing,1
lindy,1
lara,1
mac,1
dv,1
vest,1
chameleonic,1
canapés,1
respite,1
typo,1
personalitycafe,1
argentinan,1
physiologically,1
disapproving,1
broadside,1
bitterness,1
occupy,1
huuuuuge,1
maintenance,1
teemo,1
morpheus,1
mg,1
nana,1
esxj,1
ectoplasm,1
functioning,1
calculator,1
sneaky,1
hosted,1
startup,1
admired,1
pause,1
comedy,1
fuzzy,1
hetalia,1
academists,1
zombiefishy,1
naleena,1
supply,1
cartilidge,1
newness,1
salon,1
answered,1
disturbed,1
purr,1
defective,1
lamar,1
bulldozer,1
warn,1
medicine,1
shopfront,1
landscape,1
foxdrop,1
inward,1
fd,1
diner,1
itx92s,1
peeeace,1
fotomoose,1
52kg,1
servant,1
jovi,1
hulse,1
electro,1
goblin,1
marker,1
poe,1
hugie,1
pleeeeaaaase,1
borrowing,1
laundry,1
resource,1
oceanic,1
doubletstep,1
blew,1
matrix,1
carefree,1
sketch,1
crackable,1
ayasullivan,1
heartening,1
modernized,1
security,1
skillsets,1
sentencing,1
stealthily,1
advocating,1
mouldy,1
lovecraftian,1
taxi,1
snubbed,1
phew,1
waaah,1
coordinator,1
flakier,1
charitable,1
depressive,1
crotch,1
resilience,1
kummerow,1
walkie,1
tooth,1
domain,1
combine,1
choir,1
grossed,1
rihanna,1
costume,1
heading,1
gritglossandrainbows,1
perturb,1
oscillate,1
inning,1
shaman,1
eccentric,1
ran,1
jarring,1
fodder,1
furries,1
conclusive,1
medical,1
interpreted,1
introspect,1
gump,1
branching,1
clearer,1
weka,1
reconstruction,1
southwest,1
enneatyping,1
eneagramms,1
niether,1
survey,1
accord,1
ridden,1
oomph,1
incarnation,1
