,0
im,1028
like,846
think,637
people,593
dont,572
one,488
know,484
thing,411
would,407
get,407
really,401
feel,390
enfj,388
time,381
ive,353
friend,327
love,312
well,308
much,305
make,279
way,274
say,269
type,266
http,260
good,259
something,246
want,242
see,238
lot,212
someone,208
go,206
feeling,200
always,199
need,196
also,195
right,191
lol,189
could,184
life,183
thats,182
enfjs,179
youre,174
relationship,174
take,174
pretty,172
even,171
thanks,170
yes,168
person,165
though,165
find,164
guy,159
going,153
first,150
thought,147
never,144
cant,143
come,143
actually,140
work,139
help,138
two,137
sure,133
mean,133
year,131
happy,130
infp,125
day,125
question,124
back,123
fe,122
thank,121
best,121
try,120
said,120
sometimes,120
everyone,119
still,119
ill,119
post,119
id,116
got,116
read,115
oh,114
many,114
better,113
talk,113
around,111
haha,111
infj,110
look,109
trying,106
bit,105
others,105
different,104
anything,104
give,103
definitely,103
tell,103
agree,102
maybe,101
sound,101
thread,100
kind,100
seems,99
quite,99
hundred,98
personality,96
usually,96
doesnt,95
didnt,95
let,94
experience,93
point,93
probably,92
forum,91
understand,91
welcome,90
enfp,90
intj,87
yeah,87
ever,86
long,86
care,86
may,85
might,84
everything,83
part,82
since,82
little,82
great,81
new,80
use,80
sorry,79
another,79
hard,79
problem,77
believe,77
song,76
true,76
idea,76
keep,76
used,75
mind,75
reason,75
bad,74
world,73
far,73
anyone,73
guess,73
tend,73
word,73
seem,72
getting,72
talking,72
self,71
every,70
made,70
girl,69
theyre,69
book,69
music,69
often,69
situation,68
least,68
school,68
emotion,67
however,67
ask,67
ni,67
wrong,66
high,66
function,66
test,65
head,65
sense,64
almost,64
thinking,64
today,62
nice,62
answer,62
especially,61
put,61
along,61
fun,61
totally,60
hope,60
show,60
shes,59
close,58
mbti,58
hi,58
start,58
twenty,58
strong,57
enough,57
wish,57
completely,57
interesting,57
wanted,56
wouldnt,56
istp,56
laughing,56
whole,56
eye,55
fact,55
exactly,55
stuff,55
entj,55
istj,55
relate,54
making,54
either,54
isnt,54
end,54
found,54
moment,54
interested,54
real,53
infps,53
social,53
enjoy,53
able,53
without,53
three,53
last,53
week,52
conversation,52
big,52
away,51
man,51
hey,51
woman,51
figure,51
value,50
thousand,50
using,50
nothing,50
rather,50
example,50
hate,50
else,49
mostly,49
fi,48
personally,48
sort,48
emotional,48
reading,48
done,48
awesome,47
fifty,47
month,47
looking,47
ago,47
already,47
similar,46
matter,46
live,46
saying,45
open,45
place,45
havent,45
wow,45
yet,45
interest,44
past,44
crazy,44
recently,44
group,44
response,44
hurt,44
video,44
five,44
personal,43
side,43
general,43
hear,43
esfj,43
cool,43
hello,43
seen,42
course,42
picture,42
sad,42
okay,42
please,41
together,41
hug,41
night,41
family,40
change,40
meet,40
issue,40
movie,40
sex,40
name,40
deal,40
felt,40
important,40
heart,39
although,39
remember,39
told,39
le,39
advice,39
wasnt,39
character,38
cause,38
whats,38
favorite,38
become,38
easy,38
opinion,38
term,38
went,38
met,38
certain,38
took,37
xd,37
ok,37
act,37
based,37
job,37
human,37
amazing,37
explain,36
share,36
seriously,36
wont,36
next,36
left,36
sent,35
topic,35
call,35
fit,35
started,35
honestly,35
old,35
glad,35
entp,34
isfj,34
story,34
alone,34
curious,34
difficult,34
men,34
working,34
wonderful,34
hand,34
youve,34
information,34
face,33
seven,33
intp,33
must,33
possible,33
arent,33
wondering,33
description,33
female,33
towards,33
funny,33
input,33
hour,33
male,32
stop,32
play,32
case,32
mine,32
saw,32
ten,32
deep,32
control,32
se,32
dad,32
fear,32
except,32
intjs,32
estp,32
depends,31
learn,31
hell,31
game,31
dear,31
enneagram,31
theory,31
add,31
romantic,31
etc,31
na,31
super,31
list,30
partner,30
turn,30
tried,30
ti,30
ex,30
loved,30
extremely,30
power,29
absolutely,29
angry,29
bring,29
weird,29
second,29
basically,29
infjs,29
mom,29
result,29
taken,29
coming,28
line,28
ne,28
prefer,28
taking,28
trust,28
four,28
attracted,28
blushed,28
clear,28
giving,28
tongue,28
whatever,28
lack,28
thirty,28
child,28
individual,28
beautiful,28
currently,28
appreciate,27
body,27
isfp,27
reality,27
reply,27
focus,27
proud,27
brother,27
wink,27
couple,27
estj,27
late,27
consider,27
called,27
cry,27
simply,26
eight,26
happened,26
kinda,26
animal,26
knew,26
ninety,26
insight,26
free,26
esfp,26
ability,26
happen,26
mother,25
likely,25
asked,25
emotionally,25
whether,25
introverted,25
party,25
imagine,25
unless,25
youll,25
respect,25
generally,25
connection,25
nf,25
dream,25
full,25
aware,25
watching,25
dominant,25
level,24
unhealthy,24
happens,24
cold,24
express,24
view,24
speak,24
internet,24
nine,24
anyway,24
asking,24
honest,24
suppose,24
hit,24
drive,24
playing,24
attention,24
tapatalk,24
sensitive,24
difference,24
laugh,24
teacher,24
notice,23
detail,23
age,23
posting,23
sixty,23
leave,23
listening,23
home,23
heard,23
specific,23
break,23
easily,23
money,23
serious,23
hahaha,23
six,23
low,23
kid,23
seeing,23
realize,23
common,23
given,22
dated,22
friendship,22
lost,22
date,22
house,22
posted,22
desire,22
smile,22
easier,22
small,22
introvert,22
positive,22
move,22
stay,22
spend,22
perfect,22
blue,22
meant,22
forty,22
perhaps,22
couldnt,22
avatar,21
known,21
art,21
argument,21
write,21
older,21
watch,21
writing,21
anxiety,21
married,21
plan,21
husband,21
iphone,21
noticed,21
certainly,21
goal,21
wait,21
hmm,20
process,20
study,20
esfjs,20
dating,20
nt,20
instead,20
shy,20
healthy,20
sit,20
fine,20
random,20
boyfriend,20
state,20
sharing,20
learned,20
energy,20
seventy,20
morning,20
choose,20
worry,20
future,20
ha,20
liked,20
gone,20
stress,20
quote,19
came,19
gon,19
main,19
helping,19
fall,19
due,19
system,19
si,19
understanding,19
nobody,19
gift,19
tested,19
truly,19
period,19
order,19
society,19
hoping,19
learning,19
later,19
action,19
living,19
whenever,19
career,19
walk,19
biggest,19
trouble,19
food,19
typing,19
pain,19
contact,19
short,19
istps,18
stuck,18
ideal,18
nature,18
hmmm,18
effort,18
admit,18
correct,18
special,18
highly,18
extroverted,18
definition,18
opposite,18
water,18
accurate,18
forget,18
skill,18
finding,18
hot,18
comment,18
behavior,18
ah,18
lose,18
debate,18
shit,18
god,18
cute,18
sister,18
listen,17
inside,17
truth,17
eat,17
eleven,17
yea,17
single,17
force,17
comfortable,17
intuitive,17
decision,17
public,17
constantly,17
ya,17
purpose,17
alot,17
class,17
die,17
conflict,17
perspective,17
tendency,17
joke,17
fuck,17
willing,17
million,17
interview,17
major,17
wonder,17
knowing,17
huge,17
lately,17
stupid,17
talked,17
frustrated,17
language,17
parent,17
foot,17
potential,17
expect,17
trait,16
helped,16
space,16
worse,16
enfps,16
business,16
young,16
mood,16
among,16
fellow,16
psychology,16
confidence,16
interaction,16
yep,16
chance,16
sleep,16
thinker,16
indeed,16
istjs,16
sign,16
edit,16
putting,16
annoying,16
shouldnt,16
perc,16
finally,16
subject,16
involved,16
number,16
suggest,16
decided,16
run,16
brain,15
user,15
manipulation,15
piece,15
link,15
film,15
half,15
fault,15
fan,15
sick,15
weve,15
current,15
lead,15
leader,15
spot,15
simple,15
intps,15
considering,15
site,15
drawn,15
normal,15
coffee,15
physical,15
college,15
dislike,15
tough,15
obviously,15
series,15
somebody,15
message,15
wrote,15
affect,15
mental,15
needed,15
several,15
step,15
miss,15
light,15
watched,15
feeler,15
support,15
gotten,14
worst,14
compliment,14
father,14
suck,14
physically,14
anyways,14
attraction,14
extrovert,14
independent,14
busy,14
middle,14
meeting,14
rock,14
omg,14
considered,14
science,14
intention,14
broke,14
afraid,14
drug,14
glass,14
alright,14
jealous,14
bother,14
damn,14
warm,14
soon,14
tv,14
top,14
direct,14
episode,14
calm,14
continue,14
amount,14
described,14
selfish,14
logic,13
development,13
guilty,13
describe,13
hang,13
quickly,13
sp,13
moving,13
literally,13
behaviour,13
eighty,13
natural,13
law,13
pick,13
form,13
pattern,13
mentioned,13
environment,13
understood,13
across,13
necessarily,13
reserved,13
stressed,13
slightly,13
statement,13
confused,13
struggle,13
meaning,13
bos,13
baby,13
bed,13
behind,13
experienced,13
sweet,13
car,13
online,13
style,13
played,13
hold,13
tired,13
seemed,13
dog,13
nfs,13
wear,13
somewhere,13
looked,13
pride,13
happiness,13
rest,13
set,13
related,13
concerned,13
present,13
communicate,13
service,13
childhood,13
team,13
written,13
non,13
strength,13
within,12
scenario,12
recent,12
worth,12
wan,12
mention,12
normally,12
naturally,12
master,12
instinct,12
professional,12
benefit,12
lonely,12
cafe,12
disorder,12
lie,12
upon,12
communication,12
eighteen,12
typical,12
save,12
lazy,12
anger,12
build,12
attack,12
quality,12
identity,12
attractive,12
stand,12
sorta,12
room,12
strange,12
note,12
nervous,12
belief,12
rule,12
check,12
choice,12
handle,12
event,12
letting,12
quiet,12
otherwise,12
dark,12
gave,12
caring,12
became,12
text,12
negative,12
soul,12
offer,12
earth,12
preference,12
unfortunately,12
younger,12
effect,12
approach,12
te,12
appear,12
realized,12
apparently,12
role,12
habit,11
loud,11
possibility,11
loving,11
impression,11
project,11
health,11
somehow,11
starting,11
specifically,11
socionics,11
gain,11
creepy,11
intuition,11
challenge,11
luck,11
regardless,11
minute,11
blog,11
large,11
becoming,11
hair,11
worked,11
stereotype,11
6w5,11
dead,11
estps,11
wanting,11
follow,11
doubt,11
war,11
aspect,11
research,11
particular,11
ground,11
excited,11
knowledge,11
smart,11
perception,11
image,11
walking,11
mutual,11
upset,11
expectation,11
manipulate,11
judge,11
peace,11
fight,11
dom,11
annoyed,11
incredibly,11
unsure,11
reminds,11
btw,11
ebd,11
kill,11
dinner,11
pic,11
mask,11
recognize,11
mr,11
straight,11
page,11
cognitive,11
scared,11
voice,11
source,11
somewhat,11
vibe,11
jawz,11
telling,11
town,10
mad,10
flirting,10
red,10
arm,10
sleeping,10
depressed,10
depression,10
avoid,10
search,10
drop,10
friendly,10
front,10
extroversion,10
discussion,10
tonight,10
pissed,10
sexual,10
useful,10
idk,10
google,10
longer,10
eventually,10
appreciated,10
mainly,10
anymore,10
according,10
inferior,10
greatest,10
stage,10
ear,10
possibly,10
manifest,10
silly,10
pop,10
depth,10
regarding,10
land,10
phone,10
ta,10
vulnerable,10
youd,10
passion,10
testing,10
focused,10
comfort,10
cat,10
context,10
touch,10
everybody,10
scene,10
awkward,10
spent,10
degree,10
fair,10
content,10
stated,10
developed,10
conclusion,10
paper,10
following,10
combination,10
congrats,10
changed,10
forward,10
tomorrow,10
changing,10
entire,10
john,10
hopeless,10
brought,10
significant,10
outgoing,10
helpful,10
speaking,10
beginning,10
introversion,10
certified,10
majority,10
begin,10
seek,9
despite,9
rarely,9
evil,9
op,9
clearly,9
weakness,9
anti,9
center,9
buy,9
intelligent,9
regard,9
guitar,9
accept,9
position,9
boy,9
exam,9
forgot,9
pay,9
circle,9
drawing,9
door,9
obsessed,9
earlier,9
yesterday,9
aww,9
disagree,9
original,9
eating,9
directly,9
surprise,9
seeker,9
opportunity,9
fill,9
christmas,9
doctor,9
clean,9
bear,9
shocked,9
keeping,9
grow,9
sensing,9
hip,9
dreamer,9
define,9
acting,9
memory,9
caught,9
supposed,9
typically,9
judgement,9
shell,9
computer,9
article,9
drink,9
higher,9
explanation,9
happening,9
broken,9
near,9
yay,9
board,9
developing,9
color,9
safe,9
running,9
realizing,9
neither,9
2w3,9
connecting,9
particularly,9
university,9
identify,9
pull,9
lovely,9
company,9
reaction,9
club,9
explained,9
none,9
clue,9
argue,9
evidence,9
hide,9
surely,9
fly,9
obvious,9
humor,9
sx,9
flirt,9
album,9
singing,9
differently,9
conscious,9
trip,9
fully,9
surprised,8
kiss,8
model,8
loyal,8
odd,8
join,8
draw,8
decide,8
powerful,8
letter,8
kindness,8
awful,8
brings,8
america,8
immediately,8
discussing,8
community,8
carry,8
soft,8
multiple,8
responsible,8
exfj,8
temperament,8
wise,8
dance,8
gay,8
optimistic,8
concept,8
idealist,8
hilarious,8
counter,8
writer,8
empathy,8
reasoning,8
kept,8
hopefully,8
chose,8
stranger,8
seeking,8
beat,8
beyond,8
waiting,8
star,8
complete,8
tie,8
terrible,8
tritype,8
fell,8
pursue,8
battle,8
twelve,8
theme,8
hanging,8
extent,8
genuine,8
clarify,8
greatly,8
dude,8
calling,8
claim,8
insightful,8
bf,8
intimacy,8
exact,8
intelligence,8
wife,8
final,8
friday,8
throw,8
oriented,8
ready,8
rare,8
em,8
fairly,8
adore,8
excuse,8
treat,8
city,8
typed,8
reach,8
dancing,8
honesty,8
fucking,8
education,8
mature,8
till,8
table,8
shadow,8
double,8
billion,8
missed,8
send,8
rude,8
instrument,8
chat,8
count,8
mentally,8
season,8
awhile,8
freak,8
previous,8
finished,8
taste,8
confident,8
entps,8
criticism,8
dr,8
dynamic,8
horrible,8
pant,8
discovered,8
culture,8
hasnt,8
dunno,8
black,8
attempt,8
scale,8
wine,8
itll,8
thirteen,8
band,8
drama,8
elephant,8
harmony,8
tea,8
tear,8
path,8
becomes,8
wild,8
cut,7
emoji122,7
click,7
ugh,7
folk,7
option,7
cheer,7
recommend,7
country,7
ignore,7
intense,7
patient,7
apart,7
assume,7
initial,7
ended,7
pet,7
provide,7
distant,7
appreciation,7
english,7
pure,7
fake,7
stressful,7
existence,7
favor,7
refuse,7
milk,7
maturity,7
feed,7
equal,7
perceiving,7
philosophy,7
usual,7
weak,7
dry,7
replying,7
hated,7
determine,7
raise,7
9w1,7
including,7
presence,7
joined,7
initially,7
twice,7
slow,7
constant,7
push,7
immediate,7
obsession,7
growing,7
killing,7
develop,7
ahead,7
therefore,7
leadership,7
hardly,7
eggsies,7
similiar,7
missing,7
scored,7
frustration,7
mode,7
decade,7
ton,7
load,7
pleasure,7
kitteh,7
crowd,7
shared,7
sixteen,7
enjoying,7
struck,7
confusing,7
flow,7
blunt,7
deserve,7
sincerely,7
relatively,7
capacity,7
lurking,7
showing,7
history,7
complicated,7
yall,7
account,7
warning,7
awww,7
feedback,7
adult,7
flower,7
imagination,7
son,7
factor,7
immature,7
intimate,7
dumb,7
holding,7
misunderstood,7
describing,7
bored,7
false,7
fire,7
title,7
jk,7
religion,7
regret,7
office,7
rant,7
exist,7
bro,7
balance,7
nut,7
train,7
relevant,7
hardest,7
outside,7
politics,7
suffering,7
blood,7
hyper,7
alcohol,7
nearly,7
worried,7
extreme,7
ate,7
dealing,7
depending,7
careful,7
recognise,7
misunderstanding,7
gosh,7
judging,7
goodness,7
aside,7
socially,7
closest,7
death,7
setting,7
allow,7
lady,7
agreed,7
tree,7
score,7
various,7
slowly,7
creating,7
manipulative,6
christian,6
zero,6
decides,6
gender,6
cried,6
needing,6
worker,6
error,6
recording,6
manager,6
item,6
frequent,6
include,6
condition,6
hahahaha,6
shall,6
vast,6
assuming,6
characteristic,6
quick,6
achieve,6
bet,6
golden,6
emo,6
profile,6
co,6
pursuing,6
jump,6
shot,6
cook,6
emphasis,6
ride,6
ahh,6
hm,6
alive,6
spider,6
connect,6
observation,6
lmao,6
chill,6
born,6
blow,6
appears,6
opposed,6
protective,6
youtube,6
mum,6
losing,6
green,6
discus,6
whereas,6
freaking,6
offensive,6
holy,6
appreciating,6
consistently,6
average,6
guilt,6
vulnerability,6
criticize,6
captain,6
fucked,6
pun,6
tattoo,6
contribute,6
weekend,6
everyones,6
update,6
fool,6
useless,6
website,6
tradition,6
interact,6
defined,6
admire,6
win,6
respond,6
enjoyed,6
moved,6
borderline,6
unique,6
affection,6
fantastic,6
dangerous,6
boundary,6
solid,6
member,6
news,6
username,6
fitting,6
street,6
bringing,6
lesson,6
sake,6
wave,6
intellectual,6
emoji2,6
comparison,6
gathering,6
forced,6
returned,6
chicken,6
ultimate,6
chaos,6
math,6
finishing,6
crush,6
figured,6
review,6
hole,6
werent,6
inspiring,6
choosing,6
trick,6
throughout,6
wall,6
named,6
maintain,6
photo,6
confrontation,6
compassion,6
heavy,6
smoke,6
checking,6
esteem,6
version,6
hearing,6
quit,6
mindset,6
costume,6
mate,6
analogy,6
exercise,6
phrase,6
lived,6
universe,6
absorbed,6
ease,6
area,6
fast,6
wearing,6
tends,6
affirmation,6
crisis,6
buddy,6
return,6
isfps,6
practical,6
ish,6
instance,6
perfectly,6
considerate,6
driving,6
introspective,6
deleted,6
sooo,6
chair,6
properly,6
pm,6
counseling,6
grown,6
internal,6
shut,6
complex,6
shitty,6
bird,6
gut,6
logical,6
scream,6
entjs,6
breaking,6
intriguing,6
biased,6
roll,6
vacation,6
require,6
basis,6
sauce,6
length,6
thoughtful,6
filled,6
daily,6
sitting,6
combo,6
imo,6
scary,6
medical,6
patience,6
bias,6
exception,6
hero,6
program,6
skin,6
structure,6
plant,6
beauty,6
sided,6
passed,6
insane,6
summer,6
cross,6
stack,6
planned,6
trauma,6
focusing,6
actively,6
spirit,6
pro,6
exhausting,6
responsibility,6
early,6
sir,6
died,6
tone,6
staying,6
musician,6
honey,6
info,6
copy,6
correlation,5
romance,5
dang,5
difficulty,5
kick,5
stick,5
explaining,5
cent,5
responding,5
background,5
stronger,5
subconscious,5
smiling,5
engaging,5
realise,5
loyalty,5
cheated,5
shame,5
justice,5
jesus,5
mistyped,5
suggestion,5
forgive,5
infx,5
recall,5
limited,5
relax,5
myers,5
verbal,5
former,5
eh,5
channel,5
slight,5
suddenly,5
turned,5
convinced,5
motivated,5
idealistic,5
total,5
grade,5
7w6,5
excellent,5
plus,5
wake,5
gathered,5
advance,5
ocean,5
hahah,5
temper,5
routine,5
hobby,5
depressing,5
air,5
compare,5
sjs,5
pleasant,5
george,5
relaxing,5
progress,5
anime,5
grudge,5
creativity,5
consciously,5
girlfriend,5
harry,5
disney,5
remark,5
ahhh,5
whilst,5
sensor,5
attachment,5
finger,5
offended,5
kidding,5
poor,5
german,5
attached,5
ding,5
medium,5
grab,5
guessing,5
plenty,5
opening,5
bitch,5
constructive,5
private,5
bubbly,5
wikipedia,5
robot,5
expecting,5
stubborn,5
burden,5
turning,5
created,5
encounter,5
switch,5
seat,5
generation,5
activity,5
healthier,5
besides,5
lover,5
casual,5
leaving,5
awareness,5
wide,5
cousin,5
ego,5
con,5
thrice,5
fantasy,5
enemy,5
limit,5
oldest,5
everyday,5
doms,5
briggs,5
nah,5
punch,5
invest,5
uncomfortable,5
produce,5
grief,5
loop,5
knee,5
web,5
success,5
nerve,5
villain,5
track,5
selfless,5
pa,5
crave,5
cuz,5
lord,5
punk,5
pretend,5
includes,5
white,5
asian,5
decent,5
kitty,5
basic,5
usd,5
adorable,5
legit,5
iv,5
realization,5
resource,5
vagina,5
sps,5
rejection,5
previously,5
forever,5
trusted,5
jace,5
counselor,5
sometime,5
freaked,5
incapable,5
circumstance,5
fourteen,5
failed,5
apologize,5
section,5
cake,5
evolution,5
lay,5
trump,5
england,5
idealism,5
followed,5
laughter,5
violet,5
round,5
passive,5
priority,5
worthy,5
boring,5
charge,5
similarity,5
paying,5
beach,5
crono,5
distance,5
piss,5
sj,5
compared,5
poster,5
applies,5
zone,5
extravert,5
display,5
bullshit,5
fix,5
reference,5
external,5
gesture,5
connected,5
thus,5
oops,5
surface,5
teach,5
unhappy,5
spontaneous,5
coincidence,5
insert,5
successful,5
lying,5
assertive,5
falling,5
weight,5
store,5
toward,5
sun,5
reveal,5
shoot,5
studying,5
core,5
method,5
describes,5
facebook,5
jung,5
card,5
create,5
catch,5
fighting,5
tsk,5
laid,5
humanity,5
ending,5
base,5
definetely,5
debating,5
sadly,5
hop,5
congratulation,5
enxj,5
innate,5
thankfully,5
barely,5
drinking,5
sigh,5
concern,5
everywhere,5
curiosity,5
capable,5
dying,5
california,5
expressing,5
supportive,5
additional,5
clingy,5
nope,5
smoking,5
originally,5
park,5
reasonable,5
lean,5
mcdonalds,5
choke,5
balanced,5
creative,5
allowing,5
screen,5
suspect,5
pool,5
yup,5
nfj,5
solve,4
concrete,4
third,4
perceived,4
frequently,4
wing,4
profession,4
political,4
impress,4
projecting,4
persona,4
compassionate,4
nail,4
technique,4
trusting,4
explains,4
applying,4
window,4
angst,4
exhibit,4
halloween,4
vague,4
paste,4
technically,4
roller,4
south,4
dropped,4
storm,4
justify,4
pocket,4
ahhhh,4
replied,4
intensely,4
adjust,4
brilliant,4
journey,4
proven,4
germany,4
grateful,4
schedule,4
sing,4
deeply,4
unknown,4
naked,4
appearance,4
showed,4
cuddling,4
yknow,4
asleep,4
via,4
accent,4
leg,4
advise,4
pushed,4
population,4
flag,4
accomplished,4
flaw,4
dish,4
travel,4
element,4
skype,4
communicating,4
playful,4
included,4
frank,4
granted,4
surrounded,4
meditation,4
similarly,4
rambling,4
breathe,4
favourite,4
associate,4
insensitive,4
incredible,4
7w8,4
responds,4
tune,4
aw,4
encouragement,4
pot,4
bean,4
picked,4
um,4
tick,4
eg,4
ice,4
network,4
massive,4
strict,4
satisfying,4
absolute,4
introspection,4
becuase,4
swear,4
extra,4
cast,4
interacting,4
sensory,4
june,4
flat,4
exploring,4
carefully,4
cup,4
blair,4
throwing,4
coaster,4
organic,4
object,4
handed,4
cult,4
promised,4
remind,4
heck,4
etherea,4
phase,4
relation,4
offense,4
ppl,4
detailed,4
bi,4
anytime,4
operate,4
stem,4
quack,4
seventeen,4
esfx,4
block,4
flash,4
void,4
bond,4
fat,4
material,4
planet,4
rejected,4
listed,4
analysis,4
machine,4
closer,4
picky,4
professor,4
mmm,4
rage,4
cheerful,4
motivation,4
subtle,4
french,4
easiest,4
dip,4
expensive,4
effective,4
sucked,4
potentially,4
aunt,4
sheer,4
moral,4
afterwards,4
proper,4
elaborate,4
seriousness,4
committed,4
overall,4
organized,4
excitement,4
sea,4
match,4
speaks,4
dramatic,4
persuasion,4
minded,4
extjs,4
chocolate,4
vivid,4
speech,4
danger,4
attitude,4
deeper,4
ran,4
fate,4
shirt,4
3w2,4
3w4,4
inner,4
realised,4
encountered,4
definitive,4
sentiment,4
absurd,4
applied,4
blew,4
hed,4
equally,4
superficial,4
strategy,4
cloud,4
questioning,4
resonates,4
unaware,4
sat,4
taco,4
ranting,4
primarily,4
lil,4
led,4
bubble,4
clicked,4
improve,4
typology,4
piano,4
staring,4
chip,4
flirty,4
horse,4
phenomenon,4
product,4
appeal,4
brief,4
bottle,4
expression,4
trigger,4
glory,4
peer,4
roommate,4
frustrating,4
clumsy,4
location,4
evening,4
theyll,4
chemical,4
trillion,4
seemingly,4
influence,4
4w5,4
holiday,4
roughly,4
parenting,4
wolf,4
understands,4
smell,4
cheating,4
leading,4
responded,4
highschool,4
standard,4
passionate,4
cow,4
engage,4
critical,4
therapist,4
inspire,4
texting,4
precious,4
com,4
la,4
disclaimer,4
bar,4
precisely,4
positively,4
solution,4
hugging,4
internally,4
faced,4
abuse,4
neck,4
contrast,4
overwhelmed,4
recommendation,4
reed,4
controlling,4
bite,4
fifteen,4
stumbled,4
ambition,4
classical,4
enjoyable,4
resist,4
feminine,4
shoe,4
yellow,4
playin,4
bff,4
genuinely,4
scientific,4
pace,4
extraverted,4
separate,4
cared,4
crap,4
teaching,4
bass,4
remain,4
grew,4
badly,4
owl,4
per,4
introduced,4
spiritual,4
feely,4
genre,4
provided,4
mystery,4
church,4
norm,4
invite,4
disc,4
compatibility,4
infatuation,4
salutation,4
bound,4
doe,4
paint,4
grounded,4
musical,4
impossible,4
outer,4
rose,4
cover,4
clash,4
marriage,4
romantically,4
cheat,4
flavor,4
government,4
taught,4
darker,4
visit,4
american,4
exciting,4
greater,4
football,4
sanity,4
nonsense,4
ditto,4
heaven,4
pollution,4
received,4
spectrum,4
tertiary,4
loneliness,4
grasp,4
tranquil,4
pillar,4
embrace,4
silent,4
financial,4
uneasy,4
maintaining,4
react,4
stopped,4
anywhere,4
elementary,4
mistake,4
colour,4
offering,4
accidentally,4
stereotypical,4
bud,4
bell,4
garden,4
data,4
direction,4
convince,4
disaster,4
metal,4
cracker,4
vid,4
briefly,4
arguing,4
finish,4
rough,4
interpretation,4
field,4
upfront,4
derail,4
articulate,4
theyd,4
unlike,4
bpd,4
sold,4
studio,4
delete,4
dragon,4
surprisingly,4
authenticity,4
fail,4
rely,4
egg,4
closure,3
brainwashed,3
complementary,3
stayed,3
surroundings,3
harm,3
externally,3
sport,3
attain,3
ohhh,3
fascinating,3
cultural,3
paid,3
manner,3
empathize,3
toast,3
spouse,3
fallen,3
introspecting,3
capability,3
9w8,3
scattered,3
anxious,3
celebrate,3
courage,3
beef,3
measure,3
overwhelming,3
emoji847,3
el,3
aha,3
admittedly,3
official,3
ummm,3
intimidation,3
blank,3
openly,3
reliable,3
fiction,3
addiction,3
psychologist,3
observant,3
kc,3
quiz,3
lease,3
addition,3
2nd,3
cell,3
bus,3
licking,3
sky,3
overcome,3
wondered,3
confusion,3
shade,3
category,3
marry,3
ralph,3
wildstar,3
hill,3
quest,3
tho,3
diagnosed,3
ruin,3
treatment,3
loathe,3
arises,3
buddhist,3
frame,3
doodle,3
indicator,3
olive,3
generalization,3
expressive,3
confirmed,3
adam,3
trolling,3
ringer,3
sentence,3
complexity,3
myjazz,3
triggered,3
versa,3
explore,3
pair,3
largely,3
troll,3
douche,3
subjective,3
mightve,3
record,3
jazz,3
lyric,3
objective,3
liberal,3
treated,3
ooooh,3
ignored,3
whove,3
chickpeaax,3
somethings,3
mindfulness,3
beta,3
bully,3
pizza,3
obama,3
bob,3
forgetting,3
promise,3
breast,3
sadness,3
therapy,3
masochistic,3
magic,3
raised,3
darn,3
reverse,3
deciding,3
pardon,3
engaged,3
soooo,3
arrested,3
hulk,3
mountain,3
et,3
visionary,3
exploration,3
whose,3
familiar,3
religious,3
queen,3
clearer,3
sell,3
yo,3
protagonist,3
choleric,3
uncle,3
admitted,3
relatable,3
lolll,3
alien,3
ramblings,3
gorgeous,3
teenager,3
foremost,3
root,3
discover,3
strongly,3
editing,3
clarified,3
referring,3
determination,3
demand,3
toe,3
coping,3
pointing,3
neighbour,3
instantly,3
standing,3
psyche,3
fauna,3
withdrawal,3
pretending,3
bullying,3
atm,3
initiative,3
snail,3
moon,3
combine,3
shift,3
tiny,3
affected,3
junior,3
bold,3
sexy,3
morrison,3
handwriting,3
possession,3
louis,3
ummmm,3
adopting,3
aux,3
morality,3
buck,3
percy,3
drew,3
consumption,3
trippy,3
thick,3
entitled,3
realm,3
figuring,3
manage,3
island,3
hint,3
salt,3
mellow,3
chap,3
randomly,3
terry,3
strike,3
joining,3
mirror,3
partially,3
envy,3
ridiculous,3
protecting,3
subtype,3
ol,3
drag,3
sufficient,3
candy,3
creature,3
blah,3
worrying,3
processing,3
spreading,3
sentimental,3
gather,3
crushing,3
fyi,3
pinpoint,3
mix,3
blame,3
medicine,3
kalix,3
painfully,3
freedom,3
avoiding,3
specially,3
bathroom,3
moderate,3
mess,3
poptart,3
stability,3
hurtful,3
singer,3
robert,3
fairy,3
leaf,3
believing,3
isfjs,3
restaurant,3
blessing,3
respective,3
charming,3
riding,3
guardian,3
rationalize,3
wind,3
improved,3
necessary,3
meh,3
birth,3
attributed,3
requires,3
brown,3
informative,3
ring,3
aquc,3
superior,3
blinking,3
samsung,3
slang,3
instability,3
humility,3
sticky,3
ur,3
distinguishing,3
exfp,3
narrow,3
yum,3
subforum,3
deepest,3
southern,3
pity,3
suit,3
masculine,3
subsequently,3
ocd,3
baking,3
sudden,3
terribly,3
cuteness,3
confronted,3
fashion,3
wedding,3
amazon,3
pov,3
hurting,3
francis,3
cutest,3
purple,3
arya,3
universal,3
essentially,3
adding,3
wasting,3
giggle,3
sacrificing,3
accomplish,3
discovering,3
deny,3
torn,3
unconscious,3
ideally,3
consequence,3
destruction,3
appropriate,3
cheese,3
unnecessarily,3
deathly,3
whoop,3
phrasing,3
willingly,3
treasure,3
4w3,3
stereotypically,3
swim,3
drunk,3
jar,3
pouring,3
department,3
inclined,3
exposed,3
sm,3
guessed,3
hahahahahaha,3
aid,3
dope,3
building,3
charisma,3
revelation,3
someday,3
kitchen,3
chemistry,3
shout,3
xnfjs,3
onto,3
frankly,3
merely,3
supporting,3
construction,3
army,3
homemade,3
expressed,3
sociable,3
deliberately,3
wreck,3
jerk,3
junkie,3
itd,3
selfishness,3
newbie,3
mark,3
blowing,3
uh,3
twist,3
tiring,3
pose,3
dam,3
taylor,3
chapter,3
bluegiraffe,3
amusing,3
dismissed,3
phlegmatic,3
bullied,3
fascination,3
virtual,3
ment,3
acquaintance,3
walked,3
reminder,3
charismatic,3
ethic,3
nowadays,3
facing,3
detect,3
daughter,3
elantris,3
broad,3
plot,3
plague,3
sibling,3
annoy,3
listing,3
assumed,3
hooked,3
michael,3
pressure,3
accepting,3
niffer,3
xnfp,3
stomach,3
occasionally,3
esfps,3
joking,3
scrap,3
poem,3
achievement,3
passionately,3
crappy,3
pack,3
bunch,3
g928a,3
palmer,3
dammit,3
heh,3
release,3
implies,3
howl,3
commit,3
irony,3
smith,3
faith,3
silence,3
motivating,3
echo,3
sixish,3
ethical,3
subconsciously,3
emoji23,3
stalked,3
required,3
sympathize,3
cali,3
beast,3
reckless,3
perceive,3
sour,3
stable,3
descriptive,3
library,3
primary,3
neat,3
pointed,3
weathered,3
dreamy,3
observing,3
entirely,3
burn,3
lock,3
author,3
thatd,3
fish,3
label,3
darkness,3
occur,3
highest,3
forceful,3
hehe,3
machiavelli,3
fold,3
dat,3
meaningful,3
popularity,3
gossip,3
reassure,3
demanding,3
harder,3
freezeframe,3
entertaining,3
opened,3
touchy,3
draining,3
cave,3
tale,3
burning,3
sickening,3
harmonious,3
matt,3
materialistic,3
2w1,3
entertainment,3
zombie,3
theater,3
spencer,3
dirt,3
quadrillion,3
noun,3
talent,3
spark,3
balancing,3
acceptable,3
assumption,3
reminded,3
bigger,3
implying,3
sore,3
acted,3
depend,3
wicked,3
whatsoever,3
wed,3
mouth,3
grey,3
lucky,3
thumb,3
distinction,3
graduated,3
meaningless,3
valid,3
giraffe,3
attracts,3
lul,3
whoa,3
documentary,3
potato,3
neutral,3
flip,3
idealize,3
button,3
shower,3
trend,3
happier,3
butter,3
emoji33,3
camera,3
thrilled,3
isabelle,3
statistic,3
jumping,3
stare,3
uncertainty,3
importance,3
inviting,3
1w2,3
questionnaire,3
twin,3
oil,3
noticing,3
craft,3
modern,3
bug,3
sensitivity,3
observe,3
canada,3
target,3
gross,3
latter,3
secret,3
imagining,3
ooh,3
perk,3
outwardly,3
turkey,3
pharmacy,3
relates,3
practicing,3
enfx,3
dare,3
pickle,3
wisdom,3
crack,3
makeup,3
vaguely,3
formulate,3
screaming,3
fuzzy,3
suffer,3
cost,3
legal,3
importantly,3
companionship,3
strangely,3
conviction,3
vice,3
contemplating,3
wishing,3
potter,3
xt1032,3
mixed,3
tmlt,3
wat,3
sane,3
bev,3
rubbish,3
breakup,3
outlet,3
calypso,3
imho,3
jackdaw,3
fresh,3
pause,3
protest,3
abitsilly,3
shop,3
sarcasm,3
joy,3
metaphor,3
rep,3
apologise,3
impatience,3
explosion,3
anyhow,3
holden,3
recharge,3
rolleyes,3
uncanny,3
uncommon,3
inaccurate,3
forgotten,3
backstory,3
stolen,3
screw,3
silvermoon,3
embarrassing,3
villian,3
ted,3
whoever,3
determined,3
lion,3
loll,3
intellectually,3
daydream,3
logically,3
turtle,3
comparing,3
articulated,3
courageous,3
gifted,3
sarcastic,3
nation,3
chase,3
attentive,3
europe,3
france,3
humboldt,3
urge,3
talkative,3
influenced,3
satisfied,3
contrary,3
loove,3
soo,3
listened,3
ranted,3
paragraph,3
undoubtedly,3
fruity,3
corner,3
consistent,3
management,3
jean,3
ifs,3
available,3
criticised,3
serve,3
cartoon,3
vent,3
dilemma,3
notion,3
covered,3
chinese,3
reflect,3
1w9,3
recognition,3
taker,3
boredom,3
clarification,3
judgment,3
mug,2
creep,2
rush,2
invested,2
improving,2
security,2
cracked,2
gennerally,2
maman,2
tearing,2
hatred,2
dorm,2
redundant,2
surprising,2
platonic,2
activated,2
pill,2
added,2
ketchup,2
learnt,2
vote,2
aboard,2
ixfj,2
forge,2
allowed,2
hella,2
intensity,2
pc,2
caesar,2
survival,2
overly,2
motion,2
bachelor,2
fond,2
president,2
movement,2
engineering,2
spirituality,2
fb,2
upbeat,2
shifting,2
race,2
correctly,2
oprah,2
typo,2
couch,2
bank,2
heavily,2
noise,2
judgmental,2
accordingly,2
healing,2
neighborhood,2
overload,2
journalist,2
wooden,2
index,2
inspiration,2
counting,2
furry,2
portrait,2
scout,2
outdoors,2
geek,2
empathizing,2
asap,2
smallpeas,2
bend,2
aioli,2
ignorant,2
dense,2
contentment,2
opinionated,2
infact,2
acquired,2
prone,2
escape,2
listener,2
stealing,2
1w,2
alleviate,2
practice,2
situational,2
spoiler,2
yin,2
bible,2
badass,2
graduating,2
classmate,2
pleasing,2
outreach,2
cope,2
energized,2
relative,2
exposing,2
flatter,2
imply,2
cherish,2
belly,2
luna,2
insult,2
obscure,2
meal,2
midnight,2
repeat,2
rawr,2
formal,2
elli,2
alarm,2
failure,2
unpleasant,2
researching,2
rushed,2
quoted,2
apparent,2
refrain,2
gryffindor,2
inspirational,2
infatuated,2
chatting,2
ticket,2
polr,2
wolfsong,2
pharmaceutical,2
satan,2
peta,2
corrected,2
turbulant,2
bout,2
ironically,2
oddly,2
dealer,2
4th,2
radar,2
mwahaha,2
giver,2
butt,2
killed,2
vary,2
petty,2
upcoming,2
partly,2
masturbation,2
niche,2
struggling,2
transform,2
physiological,2
rational,2
email,2
choir,2
overcoming,2
sooner,2
lasted,2
needy,2
disappointment,2
criticized,2
socialize,2
preservation,2
closely,2
faithful,2
defensive,2
crossing,2
deadly,2
todd,2
survived,2
sweetie,2
lecture,2
swift,2
retreating,2
sophomore,2
ahahaha,2
trained,2
unsatisfied,2
meme,2
enthusiastic,2
mail,2
conflicted,2
hangout,2
dice,2
ratio,2
cleverly,2
authority,2
prepare,2
wound,2
engineer,2
searched,2
freeze,2
bedroom,2
monday,2
report,2
cycle,2
3x,2
hierarchy,2
fuzzies,2
freckle,2
scholar,2
sarah,2
africa,2
manly,2
virtue,2
consciousness,2
geology,2
frightening,2
repeatedly,2
closet,2
environmental,2
variety,2
stumped,2
righteous,2
novelty,2
odds,2
funniest,2
jon,2
definite,2
pray,2
sheep,2
liquid,2
ntjs,2
integrity,2
gotto,2
raising,2
ambitious,2
xxx,2
coma,2
serene,2
drastically,2
inch,2
anorexic,2
resolution,2
snape,2
signature,2
nod,2
pour,2
aggressiveness,2
til,2
engine,2
pigeon,2
sneak,2
teasing,2
register,2
unconsciously,2
hostess,2
snake,2
rice,2
apology,2
brewing,2
contributed,2
shameless,2
tread,2
faded,2
respectful,2
fwiw,2
fantasizing,2
shampoo,2
bonnefoy,2
fortunately,2
personalitycafe,2
butterfly,2
ben,2
valuation,2
entx,2
request,2
sbux,2
horny,2
thoughtless,2
bunny,2
comedian,2
psychological,2
theyve,2
messed,2
reward,2
tremendous,2
duty,2
resonated,2
conducted,2
triad,2
colleague,2
spade,2
london,2
interpersonal,2
appointment,2
linked,2
pumpkin,2
providing,2
praying,2
phobia,2
consume,2
simplicity,2
shown,2
uk,2
saving,2
translating,2
guideline,2
hopeful,2
simon,2
settle,2
mm,2
exercising,2
picking,2
solitude,2
wary,2
ianfjay,2
eachother,2
bark,2
proportion,2
reciprocate,2
earned,2
whod,2
unappreciated,2
industry,2
beautifully,2
heartless,2
reinforcement,2
inconsistent,2
craziness,2
coworker,2
advancement,2
traditional,2
brooding,2
tall,2
belong,2
inclination,2
weather,2
wellness,2
atlanta,2
longest,2
apply,2
helen,2
layer,2
tolerance,2
translate,2
deemed,2
duh,2
slip,2
purely,2
humorous,2
percieve,2
realistic,2
ism,2
pleasurable,2
frog,2
behavioral,2
sweetest,2
bounce,2
adhd,2
scare,2
hehehe,2
press,2
fearful,2
buts,2
seductive,2
intended,2
conduct,2
obese,2
stalker,2
proof,2
experiment,2
mentioning,2
separated,2
adapt,2
ravenclaw,2
december,2
wonderfully,2
ps4,2
vocabulary,2
jaime,2
woo,2
causing,2
derived,2
endearing,2
fml,2
irl,2
lsi,2
sword,2
strictly,2
mushroom,2
procrastination,2
artist,2
stoic,2
tangible,2
horn,2
lydia,2
prog,2
outburst,2
recovering,2
gym,2
thankful,2
preparing,2
chart,2
intend,2
agreement,2
eve,2
damnit,2
korean,2
reached,2
divided,2
starbucks,2
shoulda,2
limb,2
foolin,2
rm,2
texted,2
uploaded,2
coercion,2
held,2
eludes,2
heel,2
immaturity,2
buying,2
celine,2
mance,2
compost,2
embarrassed,2
rate,2
gundam,2
entrepreneur,2
evolved,2
criminal,2
senior,2
programmed,2
poetry,2
dressing,2
complain,2
settling,2
objectively,2
valuable,2
lighthouse,2
denial,2
darcy,2
defining,2
twisted,2
alternative,2
size,2
accomplishing,2
fork,2
gaming,2
design,2
yoga,2
bump,2
edge,2
disappearing,2
whiny,2
exists,2
obligated,2
fuckin,2
fps,2
pointless,2
thunder,2
acknowledge,2
upsetting,2
pertaining,2
succubus,2
confess,2
truck,2
med,2
contemplated,2
philosophical,2
existential,2
jumped,2
themself,2
suspicion,2
downright,2
hockey,2
woot,2
vinegar,2
indulge,2
heated,2
improvement,2
starcraft,2
mentor,2
prove,2
woop,2
cognition,2
specialty,2
tyler,2
cleaning,2
box,2
darling,2
criterion,2
sts,2
unfair,2
stream,2
monk,2
elsewhere,2
inquiry,2
clock,2
mesh,2
owen,2
esp,2
headache,2
recognisable,2
crease,2
edm,2
bruise,2
lewis,2
welcoming,2
rainbow,2
nowhere,2
cked,2
individually,2
supernatural,2
bucket,2
amazed,2
dwell,2
audio,2
vegan,2
def,2
pit,2
outcome,2
vampire,2
donald,2
fwb,2
operation,2
progressed,2
usa,2
voted,2
dogg,2
illegal,2
factual,2
diet,2
disconnect,2
supported,2
abba,2
robin,2
iamken,2
tremendously,2
submission,2
disappointed,2
hudson,2
ixfp,2
af,2
police,2
refrigerator,2
trouser,2
yey,2
vain,2
risk,2
interwebs,2
dirty,2
overbearing,2
worthwhile,2
drowning,2
tony,2
flight,2
league,2
snowden,2
unknowingly,2
produced,2
valentine,2
bike,2
blind,2
quietly,2
moron,2
clinginess,2
balling,2
matures,2
sanderson,2
admiration,2
bought,2
attractiveness,2
negatively,2
chick,2
blade,2
orange,2
coloured,2
visual,2
sympathetic,2
lurker,2
freely,2
damage,2
intent,2
tourette,2
vii,2
pronounce,2
diablo,2
racing,2
consideration,2
roo,2
aria,2
sphere,2
gear,2
tuck,2
representing,2
arrive,2
invincible,2
built,2
goat,2
implement,2
spice,2
1st,2
frequency,2
tied,2
stood,2
penis,2
anothers,2
farther,2
volunteer,2
andrew,2
chatterbox,2
castle,2
comic,2
magical,2
fiance,2
blush,2
polar,2
motivational,2
significance,2
pepper,2
shouting,2
beer,2
bonobo,2
childish,2
yuri,2
struggled,2
einstein,2
commitment,2
steve,2
protect,2
north,2
peak,2
xlillithx,2
cuban,2
efficiency,2
involve,2
granny,2
layout,2
cringe,2
identical,2
devil,2
ignorance,2
basketball,2
confirm,2
starri,2
stp,2
confuse,2
ultimately,2
majestic,2
slivermoon,2
afford,2
clam,2
eggshell,2
doubted,2
condescending,2
ali,2
compromise,2
epic,2
x97,2
seeming,2
striving,2
daydreaming,2
leaning,2
cheesy,2
sincere,2
aint,2
lethargic,2
ima,2
enter,2
extended,2
3rd,2
mixing,2
looove,2
cream,2
anybody,2
bluntness,2
occurring,2
academic,2
festival,2
largest,2
clary,2
represented,2
smack,2
selflessness,2
tan,2
pessimistic,2
recognizing,2
alpha,2
housing,2
nickname,2
international,2
hipster,2
pad,2
divergent,2
relateable,2
refreshing,2
shoulder,2
platform,2
awaken,2
teeth,2
han,2
fundamental,2
nicely,2
military,2
substance,2
colored,2
melted,2
soldier,2
interviewed,2
voldemort,2
grandmother,2
exclusive,2
pharmd,2
bestest,2
conveys,2
pshhh,2
dessert,2
collaboration,2
bare,2
5mm,2
experimental,2
specie,2
unattainable,2
lighter,2
arnetts,2
prophecy,2
riso,2
actual,2
offending,2
mi,2
spiderman,2
ehhh,2
chilling,2
rider,2
drum,2
kudos,2
key,2
tethered,2
quantum,2
flawless,2
tougher,2
pratchett,2
entpreneur,2
repeating,2
del,2
addicting,2
amc,2
insecure,2
concur,2
netherlands,2
needle,2
duplicate,2
estella,2
holla,2
introduction,2
advocate,2
retreat,2
alec,2
advantage,2
regina,2
beefy,2
sticking,2
entry,2
volatile,2
sassy,2
component,2
bolded,2
rpg,2
vids,2
breakfast,2
centered,2
dosent,2
representation,2
utilitarian,2
lumosaria,2
goodnight,2
cheap,2
excessive,2
superego,2
avoidant,2
xnfj,2
ops,2
beggining,2
bloodbraid,2
flawed,2
amazingly,2
sappy,2
gloom,2
mandate,2
reclaimed,2
melt,2
brian,2
helper,2
un,2
irrelevant,2
awake,2
smothering,2
initiation,2
gee,2
unicorn,2
wedge,2
solving,2
uninterested,2
luckily,2
taller,2
ughhh,2
growth,2
sugar,2
oneself,2
popular,2
liar,2
impressed,2
existentialism,2
emoji178,2
garlic,2
avoided,2
idiot,2
juice,2
hesitate,2
versus,2
fade,2
fullest,2
thrill,2
theoretical,2
desirable,2
worded,2
aslan,2
handy,2
iced,2
alligator,2
hungry,2
macbook,2
rolling,2
advised,2
hoo,2
shake,2
altogether,2
commercial,2
swinging,2
reacting,2
huh,2
riddle,2
counselling,2
pinky,2
sensed,2
hadnt,2
skilled,2
grocery,2
standpoint,2
gilly,2
ps3,2
recognized,2
nicest,2
denying,2
viewpoint,2
tackle,2
methane,2
nvm,2
beatles,2
slytherin,2
organ,2
attacked,2
translation,2
grad,2
teen,2
speed,2
weirdly,2
prejudice,2
hook,2
perfectionist,2
milkshake,2
precise,2
penchant,2
bruh,2
sucking,2
demeanor,2
arrogance,2
christianity,2
poof,2
upper,2
burst,2
authentic,2
occasion,2
pre,2
rachel,2
beneficial,2
jeez,2
al,2
sight,2
grin,2
glorious,2
gun,2
tense,2
crust,2
lashing,2
smiley,2
panic,2
resulting,2
collect,2
aristotle,2
thoroughly,2
deez,2
fictional,2
nineteen,2
caused,2
noah,2
certainty,2
consumerist,2
despair,2
adventurous,2
rewarding,2
commend,2
grasping,2
absolutly,2
hah,2
rofl,2
hideous,2
mass,2
returning,2
biological,2
fj,2
vegetarian,2
overarching,2
merit,2
clinical,2
attempted,2
bridge,2
affectionate,2
poking,2
pooh,2
titled,2
print,2
managed,2
varies,2
proving,2
mission,2
da,2
yelling,2
anne,2
variation,2
polite,2
hallows,2
privacy,2
seduction,2
matthew,2
tape,2
address,2
hiding,2
lsd,2
rain,2
lel,2
continuing,2
flunked,2
tube,2
consensus,2
persecuted,2
whatnot,2
weekly,2
cookie,2
efficiently,2
analytical,2
gentleman,2
doormat,2
road,2
collaborate,2
lego,2
gif,2
starter,2
meditate,2
waste,2
dysfunctional,2
jealousy,2
innocent,2
forgiving,2
toni,2
terrified,2
nfjs,2
naive,2
obstacle,2
involving,2
spirited,2
cuddle,2
dialogue,2
unfamiliar,2
occasional,2
highlight,2
karl,2
credit,2
sin,2
overtly,2
participation,2
answered,2
desk,2
enthusiast,2
practitioner,2
hence,2
depresses,2
drastic,2
vomit,2
superiority,2
pushing,2
empty,2
ashamed,2
awwwwwwww,2
devoid,2
queue,2
absence,2
floor,2
educational,2
rocket,2
pillow,2
surveillance,2
earn,2
multitude,2
functioning,2
heading,2
inf,2
performing,2
glob,2
fragile,2
intrigued,2
terrifies,2
gratitude,2
validation,2
belle,2
disabled,2
snap,2
preferred,2
aerosmith,2
yang,2
sickness,2
ironing,2
immortality,2
leap,2
brandon,2
tunnel,2
session,2
nerd,2
porn,2
alcoholic,2
hunger,2
choked,2
anet,2
individuality,2
catholic,2
began,2
sloth,2
ness,2
impact,2
injustice,2
speaker,2
collection,2
betrayal,2
facial,2
quintillion,2
novel,2
indecisive,2
temperature,2
battling,2
reflecting,2
addict,2
fox,2
belt,2
tender,2
paranoia,2
cooler,2
overreacting,2
divorced,2
spread,2
owe,2
bum,2
scrub,2
comprehend,2
viewed,2
interrupt,2
raania,2
skip,2
dreamt,2
stubbornness,2
lift,2
lower,2
volume,2
lunch,2
spends,2
beside,2
rabbit,2
application,2
divine,2
probs,2
gene,2
browser,2
boat,2
forth,2
unacceptable,2
expert,2
shed,2
receiving,2
symptom,2
winning,2
dress,2
discovery,2
hesitant,2
adventure,2
streak,2
horror,2
bomb,2
receptive,2
smirk,2
affecting,2
apartment,2
sooooo,2
scientist,2
unpredictable,2
continued,2
6w7,2
dichotomy,2
complaint,2
beforehand,2
roomie,2
coach,2
reread,2
hummus,2
snoop,2
fulfilling,2
prominent,2
wontly,2
witnessed,2
ntp,2
submitted,2
bankruptcy,2
logistical,2
impulsive,2
trial,2
acoustic,2
hired,2
expound,2
accepted,2
rope,2
fundamentally,2
hgy,2
tc,2
clarity,2
tower,2
generous,2
formula,2
anonymous,2
satisfaction,2
sized,2
goodbye,2
behave,2
mischief,2
clinically,2
unbelievable,2
challenging,2
market,2
confront,2
sci,2
larger,2
unnecessary,2
cetera,2
nugget,2
majoring,2
ahaha,2
imagery,2
charged,2
awaits,2
answering,2
validated,2
shutting,2
candidate,2
razor,2
underestimate,2
equipped,2
fp,2
kryptonite,2
clothing,2
darkest,2
analyze,2
selene,2
bent,2
wallpaper,2
forrest,2
threw,2
obnoxious,2
domineering,2
signal,2
cancer,2
mysterious,2
blossom,2
plasma,2
tortilla,2
ninja,2
tom,2
egotistical,2
indie,2
haircut,2
journal,2
touching,2
entrance,2
multi,2
skinny,2
banter,2
directed,2
alienated,2
latest,2
jaded,2
suppressing,2
zeppelin,2
tension,2
pacing,2
fabulous,2
istme,2
judgemental,2
driven,2
harris,2
conclude,2
receive,2
sparkly,2
player,2
oblivious,2
wtf,2
breeze,2
spoken,2
harming,2
lemon,2
yeaaah,2
squeamish,2
automatically,2
desperately,2
locked,2
kissed,2
melancholy,2
challenged,2
sela,2
laughed,2
gauge,2
maliciously,2
cozy,2
grammar,2
nose,2
soup,2
painted,2
jacket,2
gu,2
enormous,2
discerning,2
foolish,2
thin,2
biology,2
shouldve,2
permission,2
insect,2
mundane,2
socialising,2
mayer,2
minimal,2
swing,2
medication,2
isolation,2
assure,2
diary,2
seperate,2
forest,2
stark,2
server,2
survive,2
command,2
grain,2
recover,2
motherly,2
independence,2
laying,2
impersonal,2
shape,2
explode,2
represent,2
gladiator,2
clip,2
inventive,2
employee,2
smaller,2
confronting,2
admirable,2
niccolo,2
teddy,2
8w9,2
angle,2
hows,2
supervisor,2
secretly,2
hoped,2
wounded,2
x3,2
tool,2
ensure,2
safely,2
clothes,2
malala,2
enf,2
actress,2
superhero,2
turmoil,2
8w7,2
ohh,2
louder,2
donut,2
palette,2
minor,2
worship,2
intellect,2
indirect,2
token,2
manifestation,2
spring,2
student,2
suffice,2
charm,2
successfully,2
progressing,2
mini,2
harsh,2
tactic,2
awkwardness,2
updated,2
dealt,2
semester,2
terrifying,2
thief,2
interestingly,2
nonetheless,2
temp,2
dreaded,2
controversial,2
introducing,2
ie,2
suitable,2
reiki,2
framework,2
allows,2
suspected,2
thankyou,2
relaxed,2
lu,2
stepping,2
peril,2
foundation,2
vision,2
disheartening,2
county,2
legend,2
mandated,2
admired,2
snow,2
pen,2
boost,2
andre,2
tomboy,2
distrust,2
exterior,1
burdening,1
terror,1
befriend,1
distraction,1
inward,1
chipped,1
solver,1
verse,1
imaginary,1
pursebuzz,1
pennsylvania,1
cera,1
cloning,1
hahahha,1
backwards,1
discretion,1
xstx,1
drift,1
hardd,1
soley,1
psychotic,1
philosopher,1
tl,1
extract,1
heimlich,1
excites,1
foreverrrrr,1
sponged,1
guru,1
freshman,1
talented,1
additionally,1
recommended,1
pulled,1
niece,1
hoper,1
veggie,1
assesed,1
hamlet,1
implication,1
gestalt,1
princess,1
exterminate,1
lucy,1
billed,1
gallagher,1
destroy,1
biscuit,1
disgusting,1
assumes,1
yahh,1
goooood,1
satay,1
madness,1
constatly,1
tigah,1
procrastinating,1
dd,1
manically,1
protesting,1
uncontrolled,1
jesse,1
backflips,1
untold,1
unloved,1
punishment,1
dramatization,1
duel,1
valjaune,1
marie,1
spers,1
unemployed,1
ransom,1
vlogs,1
inaction,1
chrome,1
insurmountable,1
merge,1
neatest,1
ideology,1
prompted,1
conservation,1
celavie,1
ands,1
somenights,1
dominance,1
dank,1
recruited,1
concert,1
sullen,1
limp,1
blossomed,1
misread,1
demonstrate,1
peruse,1
soundsword,1
concussion,1
los,1
energizes,1
sharkcorn,1
lettuce,1
necessity,1
searching,1
gig,1
eliza,1
adroelectro,1
shrink,1
cancelled,1
owner,1
ide,1
withya,1
vega,1
passenger,1
maturing,1
amok,1
tps,1
developmentally,1
argumentative,1
extraordinarily,1
whatevs,1
berochdalbanan,1
astrolamb,1
hung,1
otc,1
lesbian,1
politically,1
danimal,1
manerisms,1
lighten,1
magnetic,1
nnnnngh,1
distinguished,1
scripture,1
behold,1
encyclopedia,1
hostessing,1
perfectionistic,1
5w4,1
waking,1
pineapple,1
agression,1
the·o·ry,1
agrees,1
inception,1
nutrition,1
fluffiness,1
introduce,1
somtimes,1
lifeeee,1
ri,1
cursory,1
tease,1
proceed,1
infpgiftncurse2,1
noobie,1
celebration,1
productivity,1
intutive,1
kurd,1
gognitive,1
marzipan01,1
pottery,1
peg,1
marinated,1
collapse,1
taughtness,1
mary,1
assuredness,1
reallllly,1
equivalently,1
shyness,1
thrilling,1
fuse,1
gang,1
nerdiest,1
dedicate,1
habitually,1
apologizes,1
raid,1
murray,1
academia,1
accross,1
resistance,1
awaited,1
vlogbrothers,1
houston,1
booze,1
idd,1
mercy,1
craving,1
screwed,1
jei,1
misleading,1
production,1
aestrivex,1
cka,1
tricker,1
autistic,1
scotland,1
transplant,1
cheapest,1
homeland,1
persuading,1
randomness,1
electric,1
lung,1
supine,1
lofty,1
quirky,1
secondhand,1
thunk,1
conspiracy,1
economic,1
york,1
sleaziest,1
surfing,1
compelling,1
salad,1
intimidated,1
perplex,1
photogenic,1
musik,1
thor,1
visualise,1
representative,1
catcalling,1
sloan,1
gump,1
fog,1
captor,1
uncertain,1
assault,1
spiritually,1
exclude,1
downed,1
myth,1
continually,1
fuel,1
textbook,1
subjectively,1
wholegrain,1
responsive,1
thai,1
fentanilo,1
donation,1
tron,1
sociological,1
sanguine,1
bewildered,1
yellowish,1
screenplay,1
playlist,1
shrug,1
annabeth,1
requesting,1
rosie,1
aurelion,1
jpeg,1
crawley,1
centipede,1
der,1
throat,1
pursued,1
badddddd,1
ack,1
elf,1
carve,1
histrionic,1
sil,1
chipping,1
stunning,1
electronics,1
cappuccino,1
subgenius,1
fleshy,1
irrational,1
plunge,1
mourn,1
puffy,1
happily,1
pathetic,1
ixtp,1
reaping,1
salmon,1
gnarly,1
mile,1
toy,1
caroline,1
contacting,1
citizenship,1
slinging,1
bore,1
tempromental,1
harbor,1
nelson,1
vulnerably,1
adjective,1
persuade,1
activate,1
ed,1
poet,1
yard,1
whisper,1
straw,1
hogwarts,1
napoleon,1
unyielding,1
testify,1
rich,1
consequently,1
woke,1
handled,1
column,1
haffi,1
narci,1
wesley,1
wretched,1
gravity,1
entity,1
saved,1
exfjs,1
tru,1
burned,1
illness,1
qualitative,1
designer,1
overlook,1
oxford,1
krista,1
obviusly,1
vein,1
savvy,1
tat,1
soundswoooooord,1
technical,1
unsubstantiated,1
practicality,1
marginalized,1
soda,1
stickin,1
infront,1
approval,1
gifting,1
fenty,1
unfaithful,1
toro,1
mibbit,1
kiwigirl,1
entirety,1
golly,1
slacking,1
henioche,1
hentai,1
androgynous,1
assessor,1
picard,1
sexist,1
renaissance,1
bagillion,1
wandering,1
intimidating,1
preface,1
kiwigrl,1
wally,1
appreciative,1
fixed,1
spontaneously,1
accord,1
despaired,1
socionic,1
rochester,1
aloofness,1
egypt,1
preferably,1
officially,1
mucha,1
preaching,1
sam,1
clark,1
repression,1
harassed,1
dhs,1
itunes,1
moreso,1
arinn,1
mt,1
conciously,1
somthing,1
tasting,1
maximize,1
sl,1
minimum,1
swears,1
cooker,1
secrecy,1
orientation,1
deepness,1
sweatpants,1
backed,1
peaceofmind,1
transcendental,1
plummet,1
mackin,1
auto,1
embark,1
stunted,1
prioritize,1
local,1
solo,1
calculus,1
pastor,1
sadist,1
debt,1
disclosure,1
dose,1
bat,1
patteren,1
manual,1
sox,1
dew,1
declared,1
cliché,1
fur,1
painful,1
willkommen,1
peaceful,1
aelthwyn,1
stimulates,1
treating,1
accepts,1
lyrical,1
enforcing,1
stickied,1
astral,1
raging,1
suppression,1
learner,1
stylish,1
alexander,1
distinctive,1
screeching,1
integration,1
oscar,1
illogic,1
chorus,1
mansion,1
composer,1
wilderness,1
subtypes,1
gta,1
fried,1
spell,1
smooch,1
toll,1
ˈthēərēˈthi,1
scrumptious,1
immediated,1
fave,1
union,1
studied,1
pleased,1
heartbreak,1
pencil,1
preoccupied,1
anecdotally,1
reliving,1
classic,1
ongoing,1
relieved,1
malice,1
chan,1
reacts,1
identified,1
cooking,1
quicker,1
mysteriously,1
bowl,1
competitive,1
pedophilia,1
crowding,1
avid,1
profitable,1
snd,1
filter,1
angel,1
elvis2010,1
castigate,1
cutee,1
thanksgiving,1
scotch,1
equality,1
april,1
wedded,1
impulse,1
lukyanov,1
authorirarian,1
enfj19,1
sending,1
fest,1
recieving,1
narcan,1
karate,1
persists,1
pie,1
facebooking,1
£80,1
segment,1
native,1
reproduce,1
rid,1
emotionalmental,1
whiteboy,1
bristol,1
webpage,1
adrenaline,1
flipping,1
warms,1
piglet,1
shotgunned,1
wrongly,1
cautiousness,1
decline,1
pff,1
witness,1
bail,1
slanting,1
muse,1
emilia,1
nexium,1
snug,1
adrianna,1
classroom,1
suppressed,1
estate,1
improv,1
gerdd,1
intentional,1
riverside,1
mg,1
fattening,1
rē,1
diva,1
stabby,1
possibilties,1
melancholic,1
courting,1
violence,1
tickled,1
rucksack,1
navigate,1
caption,1
blueg,1
stint,1
establish,1
linear,1
afoot,1
reoccurring,1
admits,1
stair,1
parroting,1
tensing,1
arrival,1
disappeared,1
grotesquely,1
ensuring,1
fella,1
septillion,1
nipple,1
tomahome,1
busted,1
bull,1
perseverance,1
untitled,1
wit,1
costed,1
margin,1
measurement,1
stimulated,1
banksters,1
reznor,1
domination,1
4w5s,1
hahha,1
marx,1
disturbing,1
stepdad,1
cassie,1
offsmack,1
stereo,1
bottom,1
muf,1
billing,1
switzerland,1
bangin,1
willkeepaneyeoutforyou,1
semitism,1
tert,1
intangible,1
firefox,1
feast,1
georgiana,1
disclose,1
pls,1
insulted,1
rowan,1
weighted,1
scenerios,1
brent,1
endeavor,1
flubbed,1
shooter,1
organisation,1
soraya,1
bonkers,1
summoning,1
len,1
fantasize,1
participate,1
smashing,1
climbing,1
depressant,1
intersted,1
meticulously,1
november,1
nit,1
aquarius,1
personalised,1
charlie,1
format,1
specialist,1
braxton,1
aquiesence,1
nurse,1
barbell,1
amazes,1
microbiology,1
govt,1
vested,1
helllooo,1
supposition,1
teenage,1
fry,1
diverse,1
cigarette,1
ultimatum,1
abbey,1
resolving,1
melchiz,1
rebellious,1
verrry,1
haul,1
delusion,1
pssssshhhhh,1
cummings,1
iver,1
wuss,1
greeting,1
oppurtunities,1
indecent,1
bipolar,1
eulogy,1
twitpic,1
meat,1
humaning,1
quirk,1
taurus,1
yelkin,1
agnostic,1
uphill,1
enable,1
redirected,1
swaying,1
contradiction,1
petal,1
cremated,1
hail,1
organize,1
amaze,1
kskatze,1
casually,1
adverse,1
pony,1
begining,1
agent,1
containing,1
residency,1
anecdotal,1
grandma,1
analyzes,1
ocarina,1
saffron,1
wandas,1
undertone,1
sexuality,1
nastiness,1
emptying,1
broadly,1
companion,1
yr,1
prediction,1
9words,1
institutionalized,1
feniseti,1
hiatus,1
banned,1
centred,1
zodiac,1
afaik,1
entail,1
alienating,1
artisan,1
bonded,1
invariably,1
alike,1
unnatural,1
slacker,1
file,1
fatal,1
kitten,1
evidently,1
devoted,1
simultaneously,1
dawww,1
compel,1
bruce,1
pressured,1
sacrifice,1
theredpyro,1
rp,1
muahhahahahahha,1
speechless,1
hectic,1
embarking,1
freudian,1
oblique,1
jaune,1
victorian,1
rejoin,1
mon,1
troubling,1
pulling,1
dinosuars,1
crow,1
humour,1
psychiatric,1
cicada,1
stupidly,1
friendless,1
omfg,1
mann,1
lip,1
bah,1
athf,1
witty,1
numbered,1
stackings,1
dinsmore,1
primordial,1
pablo,1
juggle,1
frisky,1
wristed,1
tally,1
nick,1
disrupts,1
recipient,1
deck,1
hooooray,1
fever,1
barging,1
submissive,1
improvments,1
accompanies,1
decieved,1
uncompromising,1
muchup,1
reluctant,1
moping,1
steak,1
arcanum,1
mild,1
cheesys,1
declaration,1
disgust,1
reddit,1
rouge,1
livind,1
lirulin,1
yummy,1
equipment,1
vista,1
motivator,1
chakra,1
lefty,1
claimed,1
homework,1
ebola,1
realizes,1
awwwww,1
ｖａｐｏｒｗａｖｅ,1
campaign,1
medschool,1
emote,1
global,1
dearlybeloved,1
doubting,1
rounded,1
williams,1
unjust,1
corresponding,1
fruit,1
secular,1
portugalski,1
thered,1
conversion,1
coulson,1
lash,1
heartedly,1
cbt,1
seoyoung,1
unemotional,1
tran,1
parson,1
arrange,1
superspeedy,1
select,1
erase,1
fidgety,1
cultivate,1
albeit,1
whoo,1
printed,1
horned,1
maslows,1
lightly,1
planning,1
doable,1
tokiens,1
privately,1
marxist,1
ankle,1
maroon,1
feu,1
axiety,1
purgatory,1
lightening,1
lawl,1
adventuring,1
thug,1
imageshack,1
stoicism,1
vanilla,1
indicate,1
torrent,1
provoking,1
boyz,1
1kg,1
homosexual,1
necro,1
dug,1
ritz,1
wfh,1
proposing,1
organizing,1
hooo,1
camp,1
eclectic,1
evaluated,1
calmness,1
proved,1
dmb,1
alwaaayssss,1
ooze,1
ohhhhh,1
overrated,1
dupe,1
cutting,1
diferences,1
enneatype,1
nullifies,1
pmj85,1
robinson,1
kawwwayan,1
grub,1
skeptical,1
implied,1
existentialist,1
broomhead,1
gaining,1
revenge,1
avenger,1
illuminate,1
burrowing,1
panel,1
slinkies,1
puddle,1
shorties,1
soccer,1
srae,1
reckognize,1
florence,1
honored,1
womb,1
hesitated,1
moi,1
spastic,1
stingy,1
correlate,1
revised,1
literary,1
hunny,1
scrambled,1
spiraling,1
luemb,1
underwear,1
hump,1
furious,1
surgical,1
frail,1
xsfj,1
cerebral,1
bartlett,1
tolerate,1
achiever,1
basing,1
dairy,1
couldve,1
instant,1
artistic,1
oddlydevelopedtypes,1
paganism,1
operates,1
prettty,1
neuroplasticity,1
unsolicited,1
timely,1
jungledisco,1
abitsillys,1
eminentfate,1
winding,1
softcore,1
blazer,1
myspace,1
glee,1
coupla,1
african,1
praised,1
ziauddin,1
haughty,1
mike,1
thrive,1
log,1
british,1
nemesis,1
steel,1
detached,1
paul,1
thumbnail,1
illustrate,1
economical,1
modest,1
differentiate,1
disease,1
opposing,1
musically,1
headphone,1
instinctively,1
gent,1
demon,1
klimt,1
extx,1
ironic,1
housewife,1
consultant,1
hmmmmm,1
rainy,1
convey,1
rag,1
indicative,1
omitting,1
u200e0000001,1
ahhhhh,1
fixing,1
scandinavia,1
viscously,1
insist,1
organizer,1
timing,1
adrian,1
caveat,1
joyful,1
tactical,1
tribute,1
raped,1
recieve,1
enxp,1
blonde,1
backpack,1
notoriously,1
bailey,1
employ,1
sounding,1
fright,1
neurotic,1
suppress,1
competence,1
spawned,1
whhhaaaatttttt,1
sock,1
saget,1
gen,1
plastic,1
minus,1
examine,1
plotline,1
chef,1
fattens,1
fluctuate,1
wriggle,1
unsympathetic,1
au,1
vibrant,1
expects,1
vagueness,1
grover,1
unlicensed,1
oldmans,1
spy,1
washed,1
madame,1
conversate,1
quoting,1
producer,1
altering,1
cycling,1
kobain,1
heal,1
degeneres,1
lightfriendlysupportivefull,1
adherent,1
temporarily,1
pounding,1
claudius,1
percent,1
neruda,1
gatsby,1
offend,1
enticing,1
rub,1
uttermess,1
eyed,1
enfjness,1
remove,1
disagrees,1
gal,1
prank,1
erratically,1
virus,1
inundate,1
halt,1
concluding,1
eli,1
snack,1
corporate,1
fettuccine,1
aswers,1
whining,1
challenger,1
esfplolitslieksooooobviouslerl,1
chameleon,1
conformist,1
northern,1
behavioural,1
beating,1
deserving,1
justed,1
slice,1
reblogs,1
dill,1
thusly,1
reaching,1
wipe,1
heyyyyy,1
babe,1
surrounding,1
container,1
unnoticed,1
moan,1
distressed,1
krysta,1
plead,1
capricious,1
reevaluation,1
eerily,1
comming,1
neighbourhood,1
distribution,1
meeehhh,1
tylenol,1
rollover,1
september,1
desribe,1
1975s,1
muscle,1
weirdo,1
suitor,1
marcus,1
loooove,1
gvts,1
peter,1
carrot,1
mere,1
cleopatra,1
nox,1
arggghhh,1
negotiate,1
gibson,1
psychic,1
polluted,1
chasing,1
blacksmithing,1
genetic,1
josephkonrad,1
anyones,1
exclamation,1
macchiavellism,1
retard,1
elevated,1
fort,1
dulled,1
patting,1
frankenstein,1
unrealistic,1
evarr,1
potluck,1
ambiens,1
mentality,1
eep,1
ntps,1
device,1
devastated,1
disclosing,1
benevolent,1
blocking,1
tumblr,1
judged,1
rukia,1
transpired,1
smartest,1
eyre,1
softball,1
dependent,1
crusader,1
approve,1
uck,1
intimidates,1
iei,1
philosophically,1
telepathic,1
dre,1
jamais,1
accommodating,1
misha,1
tao,1
moood,1
astrellalunari,1
cal,1
eliminate,1
nihilism,1
czech,1
hermione,1
rugged,1
tailbone,1
reason—at,1
reunion,1
crucial,1
jakedk,1
dissuade,1
incestious,1
adept,1
halfway,1
percentage,1
hawk,1
fluid,1
elope,1
gorging,1
observed,1
avitar,1
macklemore,1
celebrity,1
mammal,1
peek,1
optimist,1
toxic,1
marked,1
fairness,1
grammer,1
carrier,1
propensity,1
ltr,1
map,1
experiencies,1
terran,1
giphy,1
knightly,1
caitlin,1
revealing,1
sextillion,1
eff,1
snide,1
winner,1
persist,1
gtfo,1
goshhh,1
gwailo,1
sc2,1
brainstorm,1
differentiation,1
buncha,1
portal,1
corporatocracy,1
seeped,1
delicate,1
saaame,1
genius,1
scandal,1
pushover,1
inquiery,1
pondered,1
insanely,1
resists,1
trapped,1
gory,1
nirvana,1
dauntless,1
frozen,1
almond,1
lifting,1
katanagatari,1
indication,1
believed,1
stoning,1
popping,1
onicrow,1
proactive,1
attracting,1
convincing,1
steam,1
hastur,1
tridentus,1
dispasisonate,1
prevalence,1
differs,1
capsule,1
flattering,1
herecy,1
thingamabob,1
aftercare,1
grenade,1
aaaaiiiii,1
realism,1
hibernate,1
ink,1
carbs,1
kicker,1
convice,1
translates,1
overthink,1
nyaruko,1
gradually,1
endear,1
baudelaire,1
dozed,1
lionbridge,1
estjs,1
orderly,1
lunawolf,1
harvey,1
ups,1
mornin,1
scroll,1
sale,1
impressive,1
privilege,1
snowy,1
jr,1
79499storms,1
underrated,1
miscommunication,1
emoji12,1
u2003plural,1
wanderlust,1
nostra,1
questioned,1
emotionless,1
massacre,1
overgeneralization,1
courgette,1
overreact,1
upright,1
desperate,1
kingoftheamazons,1
professionally,1
invitation,1
grrrr,1
syllabus,1
capitalism,1
detest,1
buzz,1
harmoniously,1
instinctual,1
spelled,1
hindsight,1
rarity,1
blogged,1
bpbm,1
lighting,1
rooting,1
harvard,1
haziness,1
sits,1
grindin,1
irregularly,1
salvage,1
harmonic,1
catching,1
gladly,1
jellyfish,1
pip,1
classy,1
rimbaud,1
spill,1
conversating,1
aret,1
baller,1
snuggle,1
ferngully,1
predictable,1
fulfillment,1
dedicating,1
nostalgic,1
visiting,1
xntxs,1
fluidly,1
photographer,1
cloakroom,1
calming,1
ouch,1
emmeline,1
seal,1
suave,1
sunset,1
interpret,1
practising,1
beinga,1
geeze,1
fifth,1
fiestar,1
canadian,1
ackles,1
tragedy,1
unleashing,1
claiming,1
barring,1
shuck,1
egoistic,1
carcinogenic,1
existed,1
calhaun,1
seduced,1
silently,1
unprofessional,1
flooding,1
insurrection,1
temptation,1
elbow,1
scratching,1
paprika,1
maudie,1
diamond,1
nonapplicable,1
4w6,1
unassertive,1
butting,1
fuctions,1
dozen,1
seing,1
keyboard,1
democracy,1
fandom,1
lifeforms,1
decry,1
popped,1
praise,1
enigmawrappedinbacon,1
medias,1
unacceptableeeee,1
cosette,1
anchor,1
cooky,1
neglect,1
enviourment,1
excellsheets,1
impulsively,1
synchronous,1
bothering,1
crown,1
snare,1
empathetic,1
square,1
gospel,1
breath,1
awesomeness,1
confuses,1
loled,1
performer,1
variance,1
retire,1
lazer,1
seni,1
uber,1
transitioning,1
dann,1
intestine,1
fuzziness,1
fashioned,1
bath,1
suhni,1
spelling,1
salvaging,1
prophocey,1
mermaid,1
rifled,1
payment,1
symbol,1
ixtx,1
kebab,1
predjudice,1
stepfather,1
err,1
lovable,1
quesiton,1
emersed,1
manipulates,1
vous,1
overshadows,1
modify,1
deserves,1
de,1
peeved,1
talker,1
calf,1
vigilant,1
ball,1
paris,1
sh,1
6th,1
pleaser,1
untroubled,1
jim,1
zech,1
restraint,1
decoration,1
hearted,1
defender,1
hitler,1
anthem,1
recite,1
uttered,1
conflated,1
sufficiently,1
triaging,1
coldplay,1
meeps,1
unethical,1
arch,1
brighten,1
creek,1
fascinates,1
amateur,1
beserk,1
fragrance,1
calorie,1
dispute,1
shine,1
cmon,1
redeemed,1
existant,1
onfusion,1
rsd,1
abandon,1
mandatory,1
spite,1
anonymity,1
effin,1
hypothesis,1
outlining,1
cursedsoul,1
drifted,1
reciprocity,1
shaped,1
patch,1
fentanyl,1
canine,1
resort,1
dimensional,1
underwater,1
youth,1
busting,1
relief,1
inxp,1
surviving,1
lemur,1
stellar,1
cherry,1
informational,1
raoden,1
righty,1
tlc,1
jam,1
compeltely,1
ho316,1
bikini,1
noble,1
cooperator,1
sensational,1
fromt,1
copying,1
repress,1
amanda,1
blairingly,1
spun,1
hale,1
binge,1
gangster,1
anniversary,1
interconnected,1
sand,1
koala,1
flipside,1
feature,1
sang,1
limbo,1
sleazier,1
vocal,1
republic,1
youl,1
chilli,1
hooray,1
removing,1
chain,1
stole,1
cardboard,1
mediate,1
benson,1
permanent,1
badge,1
mangled,1
ny,1
erratic,1
bahahah,1
disorganization,1
cyamitide,1
denmark,1
videogames,1
disguise,1
chamele,1
toss,1
rollercoasters,1
flowin,1
downfall,1
novella,1
inclusive,1
womanizer,1
neurosis,1
internetting,1
fusyonthesis,1
racism,1
experimented,1
initiate,1
hesitating,1
fittingly,1
michele,1
litmus,1
soy,1
anchores,1
guiding,1
alfreda,1
waldorf,1
rhythm,1
iving,1
commented,1
honningbarna,1
pessimism,1
exxp,1
orchestra,1
ty,1
flora,1
andreas,1
bake,1
intervention,1
warmest,1
embarrassingly,1
hagrid,1
afiak,1
msot,1
chanel,1
achieving,1
desiring,1
takeaway,1
thirdarcade,1
empathising,1
humanistic,1
mirroring,1
solidarity,1
seeee,1
nicer,1
evasion,1
minutia,1
fee,1
jayshambles,1
seed,1
pirating,1
tore,1
stared,1
downtime,1
beind,1
pressuring,1
construct,1
listenin,1
singular,1
amusement,1
wohoo,1
vinndi,1
traveling,1
technology,1
exchange,1
x1nfamousx,1
hurtling,1
uncontrollably,1
emptiness,1
edited,1
misinterpreted,1
jem,1
mastering,1
camus,1
inforjoking,1
navid,1
recatching,1
uniform,1
curry,1
imagr,1
banshee,1
rapidly,1
brushed,1
rey,1
television,1
access,1
airplane,1
propel,1
transparent,1
inbox,1
literal,1
mtl,1
paranoid,1
calmer,1
coldness,1
deductive,1
brilliance,1
reenactment,1
unconventional,1
izzie,1
uhh,1
suxx,1
bambi,1
judgmentality,1
pledged,1
testosterone,1
cesarean,1
admirer,1
psychoanalysis,1
juristic,1
lifestyle,1
stuffing,1
numb,1
tife,1
actualization,1
contradictory,1
fetish,1
locating,1
plaît,1
workplace,1
grandfather,1
baw,1
fueled,1
donating,1
resorted,1
temperment,1
limitation,1
passively,1
panicking,1
spewed,1
whispering,1
drain,1
essential,1
appetite,1
scottish,1
embedded,1
journaling,1
augmented,1
annie,1
10physical,1
century,1
kali,1
mofucka,1
mclachlan,1
preteen,1
oppessive,1
shamanism,1
muhahaha,1
rephrase,1
discworld,1
franco,1
differ,1
iceland,1
overthinking,1
weirder,1
grass,1
loose,1
moisturizer,1
firstly,1
akin,1
vinaigrette,1
fuss,1
ｗｈｙu3000ｉｓu3000ａｎｙｏｎｅu3000ｓｔｉｌｌu3000ｄｉｓｃｕｓｓｉｎｇu3000ｔｈｉｓ！？！？！？！？！？！？！？！？！？！？！？！？！？！？！？,1
consumer,1
comprise,1
aurelius,1
gripe,1
culturally,1
andy,1
grave,1
deliver,1
conform,1
dissolving,1
amp,1
carpet,1
better？,1
bay,1
newer,1
18th,1
keegan,1
rationalist,1
downton,1
helplessness,1
narcos,1
rudy,1
replace,1
balcony,1
ancestor,1
occurred,1
3as,1
dictation,1
presently,1
beacuse,1
interval,1
desired,1
simmons,1
organisational,1
fledged,1
romney,1
sen,1
clique,1
gf,1
richie,1
contradicting,1
zowie,1
accident,1
unsettled,1
daytrona,1
mosty,1
polaroid,1
spiel,1
conditioned,1
reassuring,1
dopamine,1
property,1
discrimination,1
8quality,1
comcast,1
woops,1
flea,1
fantastically,1
sandblast,1
thrift,1
rise,1
matured,1
heeellll,1
neighbor,1
breifley,1
mexican,1
lionel,1
mayo,1
stron,1
sweaty,1
neel,1
banana,1
ireland,1
icky,1
intruiged,1
unjustifiable,1
incest,1
ickyface,1
impose,1
trippedonreality,1
lap,1
tandem,1
exclaimed,1
stewing,1
aka,1
idiosyncrasy,1
mourning,1
mishandled,1
whip,1
convenience,1
geeeez,1
enlighten,1
upload,1
repel,1
perform,1
waaaayyyy,1
cm,1
ye,1
morgan,1
hobbit,1
mei,1
industrial,1
5w6,1
parody,1
squire,1
tricky,1
exchanged,1
gas,1
mace,1
cage,1
keeper,1
believer,1
lana,1
expected,1
presenting,1
hellooooooo,1
debilitating,1
verrrry,1
suffocated,1
steroid,1
partial,1
attending,1
revere,1
ooo,1
lullabyblossom,1
foreigner,1
tourism,1
swedish,1
mclain,1
oneshot,1
fulfills,1
extends,1
sampled,1
lolol,1
masterfully,1
bic,1
cbd,1
anticipate,1
condense,1
stating,1
camarones,1
huuge,1
unreleased,1
refused,1
fasting,1
dampening,1
vocaroo,1
trich,1
zoloft,1
lasting,1
ｈｅu3000ｉｓu3000ｔｈｅu3000ｍｏｓｔu3000ｅｓｔｐu3000ｅｓｔｐu3000ｉｎu3000ｔｈｅu3000ｈｉｓｔｏｒｙu3000ｏｆu3000ｅｓｔｐ－ｎｅｓｓ,1
scariest,1
existing,1
msg,1
amused,1
birthing,1
programming,1
25mm,1
x91well,1
composed,1
crop,1
anthology,1
loling,1
belittling,1
deserted,1
fascinate,1
prince,1
grawr,1
legendary,1
oooh,1
citizen,1
biatch,1
yogurt,1
west,1
braggart,1
ph,1
earring,1
provoke,1
comprehensive,1
weed,1
king,1
cd,1
isolating,1
reggaeton,1
maketh,1
ooey,1
accounting,1
wholl,1
1b,1
melatonin,1
screening,1
unlimited,1
methodology,1
workaholicism,1
salvation,1
agreeable,1
garnering,1
hater,1
yearning,1
poke,1
transversal,1
sting,1
psychologically,1
spiteful,1
cleaned,1
yowch,1
complement,1
undercut,1
megara,1
cam,1
padding,1
ranch,1
shaken,1
abe,1
navy,1
doorknob,1
potent,1
predicting,1
transforming,1
principle,1
fulfill,1
adasta,1
wee,1
paired,1
speshul,1
ipad,1
tornado,1
scarrryyy,1
synonymous,1
homeless,1
wrinkle,1
stunt,1
cooked,1
shelf,1
ensemble,1
lem,1
opioid,1
caitlyn,1
stupidest,1
accusation,1
dixon,1
trot,1
papa,1
epitome,1
wargames,1
inform,1
confidant,1
moar,1
cornered,1
droll,1
quarter,1
strategic,1
haphazard,1
envoirnment,1
smallville,1
compatible,1
strain,1
hostility,1
chemtrails,1
enhancing,1
mannn,1
indifferent,1
alienambassador,1
negatitive,1
reproducing,1
twombly,1
labido,1
wholly,1
vegetable,1
imperfection,1
celestine,1
nomadleviathan,1
fatality,1
overtime,1
suspicious,1
mastermind,1
unreactive,1
separation,1
seamus,1
amos,1
insecurity,1
exposure,1
xxxxx,1
generates,1
becasue,1
unmerited,1
pupil,1
the16types,1
apathetic,1
unforceful,1
banish,1
catalyst,1
aftewards,1
uncharacteristic,1
freight,1
sulking,1
heat,1
pathetically,1
ej,1
farm,1
kodaline,1
healty,1
abstain,1
tip,1
1mm,1
vitrol,1
poetic,1
raged,1
temple,1
nj,1
hating,1
amicable,1
hugely,1
nyfiken,1
lacking,1
commute,1
cursed,1
likened,1
tsa,1
peep,1
faking,1
riiight,1
constitutional,1
carter,1
relating,1
moly,1
fencing,1
ward,1
subscription,1
conflicting,1
scolding,1
poll,1
coordinator,1
paintball,1
embody,1
lillie,1
hotneko,1
tormenting,1
succumb,1
exhausted,1
dis,1
ovulation,1
crafted,1
affirming,1
microdoses,1
mp3,1
derision,1
morbid,1
imaginable,1
permit,1
cabapilities,1
sensetive,1
latino,1
warrant,1
garner,1
gotcha,1
suuuuuuuure,1
acedia,1
glancing,1
overexposure,1
unno,1
erode,1
chillax,1
hateful,1
retriever,1
alice,1
lizard,1
voldermort,1
illustration,1
glitch,1
stomp,1
backtrack,1
unreliable,1
bossed,1
shorter,1
closeness,1
improves,1
genetics,1
atleast,1
marc,1
price,1
ritual,1
watchlists,1
collapsing,1
snuggled,1
oonly,1
practically,1
disturbs,1
puzzle,1
calvin,1
nara,1
alert,1
marijuana,1
sift,1
sterile,1
mmmh,1
dough,1
oberlin,1
inheritance,1
ivy,1
enlightened,1
tesol,1
idiocracy,1
ecpectations,1
webnek,1
extensively,1
bush,1
asks,1
extravorted,1
consumed,1
graced,1
cunning,1
heartfelt,1
gary,1
chrissy,1
dogsoup,1
youtuber,1
hinata,1
notebook,1
jack,1
thatll,1
jane,1
wobbly,1
hovering,1
budget,1
venus,1
10th,1
technicolor,1
daley,1
sealed,1
cap,1
anticipation,1
mayyyybe,1
crazyeddie,1
consummated,1
meee,1
problematic,1
keith,1
sounded,1
emulate,1
revelational,1
mill,1
plethora,1
openness,1
azure,1
stagnancy,1
averaged,1
secondly,1
envious,1
gray,1
speculate,1
approachable,1
exhilarating,1
assignment,1
transfusion,1
dna,1
effeminate,1
sweep,1
straightforward,1
underdeveloped,1
eddie,1
monotone,1
memorable,1
reflective,1
recalling,1
lab,1
holly,1
misstyped,1
crippling,1
giggly,1
roasted,1
variant,1
childlike,1
justification,1
esxj,1
reflexology,1
supporter,1
blackened,1
intxs,1
resturant,1
autonomy,1
retention,1
iisu,1
steady,1
maximus,1
uncarved,1
derren,1
suggestive,1
rite,1
destiny,1
plucking,1
humanization,1
douglas,1
thigh,1
omgoodness,1
organization,1
parentes,1
represents,1
mer,1
criminalistics,1
helpfull,1
inna,1
1yr,1
aizar,1
eie,1
clenching,1
wiki,1
emit,1
apple,1
comedy,1
paradise,1
hetalia,1
stuffed,1
silicone,1
sneaky,1
hiccup,1
reinforce,1
samhain,1
influential,1
beneath,1
anxiousness,1
dracula,1
aged,1
danish,1
hii,1
handling,1
julia,1
borrowed,1
positivity,1
enters,1
election,1
sweetheart,1
needlessly,1
elsa,1
contained,1
ssri,1
swimming,1
subtlety,1
lengthy,1
adviser,1
appoint,1
treasured,1
amonth,1
chumbawumba,1
kewl,1
avoids,1
watercolour,1
regulation,1
outward,1
pushy,1
akward,1
turkeying,1
nephew,1
midst,1
foster,1
cue,1
oooo,1
killer,1
asshole,1
slide,1
relevancy,1
houseboat,1
stroke,1
tuesday,1
anticipating,1
manipulating,1
negativity,1
reflects,1
permenently,1
bod,1
launching,1
extending,1
dishonesty,1
china,1
weapon,1
steryotypes,1
cocaine,1
systematic,1
suggested,1
ranma,1
psych,1
establishes,1
disregarding,1
missile,1
greene,1
unmistakable,1
knittigan,1
adapting,1
sob,1
annihilate,1
adoption,1
induce,1
aspiring,1
ockham,1
questionnaty,1
aspiration,1
conversational,1
stabilizes,1
bae,1
stilled,1
awakening,1
careless,1
shadowish,1
feta,1
immeadeate,1
margaery,1
chuckle,1
hallo,1
western,1
rin,1
mage,1
constitution,1
allergic,1
trope,1
stab,1
insatiable,1
jog,1
someplace,1
sensation,1
flourish,1
remembered,1
squishy,1
drown,1
kool,1
aptly,1
haunting,1
maneuver,1
bopping,1
irrationality,1
moorninnng,1
measured,1
boxed,1
firing,1
underappreciated,1
fridge,1
undesirable,1
ladder,1
sloucher,1
chosen,1
dignified,1
bulk,1
incorporate,1
shallow,1
enchilada,1
transition,1
kreger,1
servant,1
chewin,1
spending,1
hormone,1
brainiac,1
visualizes,1
burnt,1
vibration,1
bodega,1
katherine,1
reticence,1
plasticity,1
begs,1
infection,1
medieval,1
haaaa,1
stuggling,1
transparency,1
equator,1
telephone,1
slippery,1
isle,1
dexterity,1
xntp,1
breaker,1
ntj,1
glockenspiel,1
quarterback,1
overrule,1
homwork,1
diagnosis,1
hype,1
chad0,1
grandpa,1
combined,1
hiya,1
bohemian,1
crude,1
kingdom,1
assured,1
fetus,1
equivalent,1
hairdresser,1
tks,1
thrives,1
compareing,1
categorization,1
weave,1
potomac,1
hugged,1
pinot,1
contest,1
incidentally,1
credo,1
00am,1
lightbulb,1
guarded,1
arguably,1
chest,1
assistant,1
motherfuggah,1
paranormal,1
retarded,1
transformed,1
ernest,1
thinkin,1
personnel,1
accomplishment,1
timeline,1
defiantly,1
fighter,1
lends,1
ruling,1
tag,1
drove,1
yeoreum,1
molded,1
preconception,1
percussion,1
stendhal,1
assemble,1
shenanigan,1
toronto,1
enchanting,1
austin,1
coda,1
eliminating,1
ruled,1
prickly,1
6er,1
oligodendrocyte,1
scheduled,1
senshu,1
thrown,1
wayupnorth,1
comedic,1
brightest,1
muniz,1
overestimate,1
taxing,1
definively,1
motif,1
messing,1
persuaded,1
incluided,1
peterson,1
profit,1
scofield,1
monkey,1
wished,1
sketchy,1
mendi,1
removal,1
supines,1
suitcase,1
avoidance,1
sensibility,1
comforted,1
deshumanization,1
heaney,1
lold,1
dismember,1
iffy,1
mirrored,1
perplexed,1
loveable,1
adjusted,1
ethereal,1
checked,1
proximity,1
annoyance,1
conerned,1
freaky,1
discussed,1
sayin,1
slanted,1
sterotypes,1
tomato,1
cruelty,1
planing,1
aages,1
passing,1
portrayal,1
warrior,1
mia,1
waaay,1
follows,1
sal,1
wage,1
comma,1
sensual,1
roof,1
exxx,1
pawn,1
cao,1
marketing,1
hunza,1
strengthen,1
polyamorous,1
faster,1
validate,1
stamen,1
insomnia,1
kitty23,1
lessened,1
tosh,1
inspires,1
dbt,1
heap,1
darlenes,1
revert,1
mitch,1
thomas,1
thrusting,1
conch,1
relying,1
relationshipthere,1
keira,1
deceive,1
tiresome,1
tax,1
delightfully,1
20th,1
noooo,1
commoner,1
uni,1
anus,1
staff,1
wholeheartedly,1
whichever,1
bagel,1
outrageously,1
gentle,1
permanence,1
naomi,1
feminazism,1
matched,1
dropping,1
pseudowho,1
adherence,1
curse,1
training,1
amazingness,1
flattery,1
calpurnia,1
reciprocated,1
symbolic,1
approaching,1
tarot,1
evacuation,1
marckos,1
loser,1
distribute,1
undestood,1
checkup,1
bahahahahahaha,1
phobic,1
utility,1
3d,1
theology,1
defeat,1
grandiose,1
unbelieveably,1
structural,1
apathy,1
windu,1
dependable,1
fiesty,1
nikka,1
ck,1
wouldve,1
flood,1
seriosuly,1
unusually,1
modesty,1
competitively,1
served,1
courtesan,1
interject,1
sexually,1
xnfx,1
naruto,1
2acts,1
derailed,1
yolo,1
rom,1
spitfire,1
disagreement,1
rip,1
socializing,1
everytime,1
belgium,1
knack,1
np,1
desperation,1
nervousness,1
knowingly,1
dimensionality,1
hire,1
kidnapped,1
scholarship,1
nnnnnnhhhjuaaaaaaaah,1
swallow,1
morrowind,1
remotely,1
horrendous,1
accused,1
carnegie,1
kissing,1
deem,1
absolution,1
sexism,1
enduring,1
ler,1
wonky,1
doyly,1
serving,1
operating,1
indoors,1
sociopath,1
disoriented,1
beard,1
charlotte,1
occurrence,1
restraining,1
codependency,1
kiwi,1
detachment,1
noone,1
mercurial,1
purist,1
raisa,1
mechanical,1
deadline,1
closed,1
greece,1
ewell,1
climb,1
frick,1
damon,1
sf,1
wishlist,1
tritypes,1
respectfully,1
subscribed,1
horrifically,1
tech,1
enxx,1
weir,1
boosting,1
prayer,1
blurred,1
eeeep,1
averaging,1
olympian,1
wracking,1
harmless,1
quench,1
widow,1
ironman,1
okc,1
corny,1
recharged,1
peripheral,1
materially,1
rigidness,1
enfjish,1
rug,1
tim,1
ron,1
softie,1
politicized,1
rebel,1
featured,1
oswin,1
floppy,1
taboo,1
hollow,1
null,1
stinger,1
biochemistry,1
sexiest,1
mallarmé,1
enriched,1
vital,1
marvelous,1
consisted,1
suffers,1
grand,1
disguised,1
crikey,1
assessment,1
joint,1
hugshugshugs,1
coast,1
blessed,1
pep,1
hum,1
buried,1
lotus,1
arthur,1
loner,1
chop,1
incognito,1
dion,1
dismissing,1
playfully,1
wayyy,1
bra,1
inability,1
throng,1
assurance,1
googling,1
skew,1
loss,1
knox,1
meetup,1
wyatt,1
disorganisation,1
ewww,1
vanity,1
presented,1
rbf,1
adaptation,1
pedagogy,1
nietzsche,1
murphy,1
unended,1
sado,1
downer,1
monotonous,1
agency,1
honour,1
hozier,1
seratonin,1
paintbrush,1
canker,1
elizabeth,1
risky,1
melody,1
punctuation,1
invega,1
subway,1
superman,1
causeing,1
strobe,1
intertwined,1
richard,1
cusp,1
pinnochio,1
educating,1
raz,1
honstly,1
artificial,1
allocate,1
weigh,1
carvedilol,1
caufield,1
tidy,1
skeptic,1
vm,1
truthfully,1
criticizing,1
democratic,1
jamming,1
dupelicate,1
narcissism,1
waving,1
invisible,1
overwhelms,1
feelin,1
insunations,1
formfitting,1
arrogant,1
evaluate,1
intermittent,1
salute,1
indestructible,1
bummer,1
frigging,1
efficient,1
winter,1
smelly,1
clazzy,1
australia,1
laura,1
critique,1
infinitely,1
lancashire,1
stacking,1
birthday,1
linking,1
collins,1
machiavellian,1
explorer,1
composure,1
sd,1
robbed,1
wheras,1
physic,1
degenerate,1
dowwwwwwn,1
slump,1
lone,1
obliged,1
lucid,1
document,1
aserbusvenator,1
rougher,1
salsa,1
likewise,1
clone,1
seduce,1
plight,1
m8,1
enslaved,1
shadowdust,1
filtering,1
dabble,1
convenient,1
nouveau,1
masterpiece,1
range,1
4am,1
fillet,1
douchebags,1
ohhhh,1
filling,1
spilled,1
katniss,1
hanna,1
persue,1
shrimpy,1
shamelessly,1
catering,1
floating,1
jake,1
kyle,1
graceful,1
whitney,1
presume,1
gcse,1
chad,1
parenthood,1
esxp,1
cuteeee,1
impartial,1
voicing,1
illogical,1
sleeve,1
lea,1
horney,1
christ,1
micheal,1
murder,1
paramount,1
conservative,1
separately,1
masterx92s,1
thymic,1
lined,1
performance,1
waaaay,1
chic,1
underlying,1
stumping,1
outlier,1
package,1
argh,1
legally,1
strongest,1
coin,1
dinnertime,1
regeneration,1
forming,1
drawer,1
glue,1
aim,1
liiiiiiiiife,1
nightwing,1
differiental,1
coursework,1
wasp,1
mcgonnogal,1
split,1
ralphs,1
driveway,1
intx,1
amen,1
vodka,1
blindly,1
ordered,1
inverse,1
currency,1
optimism,1
preparation,1
scientifically,1
scarce,1
stefan,1
disagreed,1
poignant,1
buzzkiller,1
gooey,1
chaotic,1
poko,1
voluntarily,1
alfredo,1
tempest,1
offtopic,1
pictured,1
fling,1
convinces,1
refresher,1
march,1
typod,1
sade,1
hoe,1
countering,1
guide,1
revolution,1
rainicorn,1
trivial,1
carving,1
trilogy,1
ala,1
besties,1
conceited,1
ashley,1
simulated,1
technician,1
fakeness,1
rationalizing,1
sincerity,1
clashed,1
dimitri,1
aminoacids,1
outcast,1
macoeconomics,1
mane,1
witch,1
diabla,1
accessible,1
slug,1
removed,1
interpreting,1
myriad,1
buble,1
vocab,1
route,1
variable,1
starwars,1
technicality,1
pairing,1
relaxation,1
inherit,1
boo,1
carlin,1
gah,1
tamaki,1
roast,1
scenerio,1
lydibug,1
neural,1
aggression,1
cooperative,1
dsl,1
aggresive,1
defense,1
conflictor,1
porch,1
abundance,1
resulted,1
villians,1
revive,1
gait,1
indicas,1
revolves,1
tldr,1
frightened,1
projection,1
phish,1
accidental,1
hacking,1
incompetence,1
unspoken,1
climax,1
iq,1
convert,1
unruffled,1
dispostion,1
redo,1
rumbled,1
begged,1
involves,1
horrified,1
duhhhhhhhhhhhhhhhhhhhhhh,1
warmth,1
ambiguous,1
mush,1
inherently,1
defended,1
flattered,1
hendrix,1
obituary,1
helloquizzy,1
talkingi,1
texture,1
shiet,1
inpatient,1
analysing,1
glenda,1
astronomy,1
seattleites,1
instructor,1
bogged,1
solely,1
dumbledore,1
appetizing,1
pmsisawesomenotreally,1
ddd,1
cme,1
vengeance,1
rationalization,1
caution,1
indecisiveness,1
recursive,1
arise,1
environmentalist,1
lily,1
eternalfrost,1
numerous,1
résult,1
reallize,1
resolved,1
skid,1
adhokk,1
tumbleweed,1
reciprocal,1
curious0610,1
unintentionally,1
malleable,1
sarek,1
whistle,1
jamie08,1
facilitates,1
contradict,1
indigenous,1
wikisocion,1
mall,1
hebephilia,1
xxfj,1
accompanying,1
unearthing,1
bending,1
liberty,1
replicate,1
willingness,1
prepping,1
watercolor,1
kinkster,1
doberman,1
trans,1
eastern,1
hypocrite,1
bamboo,1
stong,1
logicand,1
rugby,1
plath,1
ridicule,1
mercedes,1
straddle,1
jude,1
misery,1
quaint,1
pleasantry,1
irrationally,1
pegged,1
bodily,1
grip,1
drat,1
rigidly,1
aviatar,1
emoji93,1
skepticism,1
untill,1
gelato,1
clouded,1
weeeeeeeeeeeeeeeeee,1
cackled,1
unsatisfying,1
assign,1
shagged,1
disconcerting,1
groove,1
reeled,1
bobbing,1
dutch,1
utilized,1
whim,1
doin,1
defines,1
falafel,1
pigeonholed,1
shock,1
gelatinous,1
lingers,1
anton,1
outlandish,1
wail,1
bang,1
yezi,1
awh,1
shadowhunters,1
gloop,1
unremarkable,1
seducible,1
tortured,1
longterm,1
overuse,1
founder,1
loyalist,1
mondane,1
inhibition,1
reframing,1
simulation,1
sleek,1
waayyy,1
apprehensive,1
innovation,1
lexi,1
louie,1
unquestionably,1
herb,1
yelled,1
tidbit,1
photoshop,1
innuendo,1
thru,1
digression,1
whale,1
tianas,1
jessica,1
rewatched,1
affinity,1
intrigue,1
unstable,1
viewer,1
whitey,1
outright,1
globally,1
explaination,1
locally,1
fortune,1
insanity,1
meeeee,1
observer,1
steph,1
intrusive,1
plea,1
reintroduction,1
plz,1
administering,1
veil,1
gamer,1
haunted,1
strum,1
tactile,1
lightwood,1
govorim,1
cosmos,1
supernaught,1
kent,1
vimeo,1
convoluted,1
naveen,1
tzu,1
proofreading,1
quartet,1
plural,1
cheek,1
semi,1
malfoy,1
ime,1
typingneko,1
jelousy,1
ideological,1
accurately,1
brrr,1
plato,1
redraw,1
boomer,1
innanet,1
prevent,1
buena,1
totaally,1
baseball,1
ｔｒｕｍｐu3000ｉｓu3000ａｎu3000ｅｓｔｐ,1
heist,1
cruel,1
convo,1
anybodys,1
stern,1
unmitigated,1
recollection,1
ahem,1
hitting,1
retired,1
goddamn,1
vaginahead,1
shimo,1
massively,1
active,1
punctual,1
fascinated,1
ghibli,1
ai,1
gibbs,1
euphemism,1
remorse,1
donate,1
truer,1
fl,1
virology,1
crescendo,1
coating,1
liner,1
eminem,1
ja,1
economy,1
idol,1
est,1
liking,1
resemble,1
anatomy,1
pirate,1
everybodys,1
tailor,1
harp,1
offence,1
adderall,1
xp,1
distruction,1
1000euros,1
niff,1
listent,1
rebecca,1
sherlock,1
blogger,1
biotin,1
governing,1
hosting,1
disconnected,1
swag,1
measuring,1
smoked,1
withholding,1
scratch,1
3ish,1
priceless,1
viability,1
pest,1
slander,1
explicit,1
physicist,1
traumatized,1
william,1
dailo,1
thoughhh,1
rediscovered,1
riker,1
testicle,1
campus,1
discontent,1
inconvenient,1
admins,1
confession,1
3acts,1
shrugging,1
tour,1
compulsion,1
sylvia,1
destructive,1
grilled,1
kettle,1
partisan,1
constance,1
absorption,1
nagging,1
wannabe,1
easter,1
superbly,1
reinforcing,1
batshit,1
consist,1
caucasian,1
yawwwwwnnnn,1
pixar,1
reveals,1
splint3r,1
crippled,1
dissapointed,1
ditzy,1
shipped,1
absurdism,1
caffeine,1
shhh,1
shay,1
emoji1317,1
remorseful,1
alley,1
figuratively,1
constructed,1
gearing,1
funeral,1
eligible,1
childbirth,1
thinky,1
lastly,1
cursive,1
guillermo,1
personnality,1
frankie,1
contain,1
mitchell,1
freezing,1
duality,1
cultivated,1
shortay,1
nasty,1
protection,1
pseudoscientific,1
coherency,1
linzy,1
delight,1
illusive,1
exonerated,1
dem,1
zealand,1
historic,1
extp,1
elitist,1
slightest,1
coarse,1
colorful,1
empath,1
hoard,1
continues,1
complimentors,1
bullet,1
worshipper,1
jojo,1
50mm,1
casa,1
obligatory,1
co2,1
pendragon,1
saint,1
diplomatic,1
netflix,1
pheremone,1
lotr,1
producing,1
ebil,1
wavy,1
despise,1
pioneer,1
sephora,1
jensen,1
ole,1
mating,1
shakespeare,1
approached,1
suicide,1
shopping,1
turbulence,1
essence,1
drinker,1
irrefutably,1
categorized,1
permabanning,1
exclusively,1
zen,1
fabolous,1
thicker,1
elena,1
raving,1
puking,1
fullness,1
emoji20,1
phew,1
abide,1
lax,1
tessa,1
ftl,1
basket,1
strangest,1
chickpea,1
ballpark,1
jusrified,1
reacquainted,1
slept,1
yesdear,1
rapture,1
effortlessly,1
chestnut,1
bright,1
rapunzel,1
mindful,1
smartplanet,1
predicament,1
dressed,1
homeowner,1
mankind,1
beverage,1
shania,1
confidently,1
ignores,1
underestimating,1
escort,1
pacific,1
archetype,1
langdon,1
darkdocumentaries,1
battlefront,1
dddd,1
concentrating,1
alllll,1
makesa,1
pigsty,1
kaly,1
innermost,1
sync,1
outwards,1
sliced,1
isxp,1
microbe,1
outlook,1
muay,1
bailing,1
blown,1
blackmail,1
opennes,1
freddy,1
pratical,1
verbatim,1
premise,1
copied,1
riot,1
saddened,1
enchanted,1
myelin,1
actuality,1
inn,1
february,1
serkis,1
donna,1
ouran,1
losartan,1
harmonizing,1
solar,1
sinatra,1
burger,1
perceiver,1
4eva,1
bluest,1
steal,1
humming,1
convention,1
monitor,1
embarrass,1
ip,1
ceremony,1
gahhhh,1
whaaat,1
longing,1
thiss,1
inadequacy,1
ermergurrd,1
earl,1
rayder,1
runaway,1
bonnie,1
mlk,1
janie,1
loony,1
dispirited,1
suppost,1
synopsis,1
countrary,1
correction,1
nymeria,1
dataset,1
facility,1
relevance,1
cheesiest,1
blot,1
parrish,1
varied,1
offends,1
fitness,1
distinguishes,1
lime,1
addicted,1
vauge,1
lurver,1
autoplayed,1
fist,1
magority,1
chris,1
murdered,1
ply,1
ambulatory,1
shining,1
accompany,1
hahahaaa,1
literotica,1
miracle,1
crash,1
shred,1
opressers,1
sleeper,1
empowering,1
ferris,1
venting,1
cutiepatootie,1
energetic,1
rybak,1
theoretically,1
zalaire,1
row,1
richest,1
teehee,1
lableling,1
aggravated,1
prejudiced,1
protects,1
accolytes,1
slipping,1
overlooking,1
winnie,1
dote,1
giddy,1
sailor,1
ellen,1
underrepresented,1
sabbatical,1
zebra,1
heve,1
intuitives,1
kyusaku,1
thrah,1
philadelphia,1
escalator,1
drunkenly,1
stimulate,1
abuser,1
resisted,1
tryna,1
resolve,1
sponsored,1
tasted,1
invalidation,1
incapability,1
doll,1
restlessness,1
erma,1
en,1
femur,1
fingertip,1
laeona,1
shelk,1
deduce,1
wonderbolts,1
consumerism,1
persevered,1
candle,1
sorcerer,1
juevos,1
liek,1
looooove,1
homoerotic,1
pasting,1
household,1
packed,1
executive,1
gossiping,1
shortaaayyyyyyy,1
farmer,1
disrespectful,1
implicitly,1
oftentimes,1
moody,1
subversion,1
epicureanism,1
dick,1
exhibiting,1
embarassing,1
rocker,1
notification,1
gahhh,1
seldom,1
willpower,1
reconciliation,1
judy,1
stubble,1
carbon,1
mutually,1
ususally,1
script,1
meanness,1
articulately,1
lotsa,1
era,1
adapted,1
eco,1
tipsy,1
reminding,1
ickle,1
tinged,1
tn,1
prosecuting,1
liberating,1
namecalling,1
dragging,1
browsing,1
swiss,1
ruminating,1
obvi,1
remains,1
mortality,1
har,1
excessively,1
congrates,1
employer,1
associated,1
acerbusvenator,1
contingency,1
flickr,1
backyard,1
critic,1
validity,1
sunday,1
grind,1
string,1
unexplored,1
iron,1
reiterate,1
piscesfish,1
destiel,1
commanding,1
exceed,1
grandmaster,1
oooooo,1
rhyme,1
duo,1
skimming,1
trek,1
reject,1
emoji1360,1
capitalist,1
aloud,1
rubbing,1
plotting,1
frowned,1
policy,1
fedora,1
messy,1
region,1
pry,1
fancy,1
financially,1
littlebear,1
anima,1
hazel,1
julius,1
mediator,1
sparkle,1
ode,1
norwegian,1
chilled,1
hypothetical,1
profound,1
transportation,1
sink,1
flux,1
throne,1
reviving,1
st,1
reduce,1
clown,1
greatness,1
italian,1
jetaime,1
nobility,1
angrier,1
annoys,1
claus,1
martini,1
secondary,1
summary,1
junky,1
peacock,1
notorious,1
task,1
emoji94,1
hiiiiiiiiiiiiiiiiiiiiiiiiiiiiiiiiiiiiiiiiiiiiiiiiiiiiiiiiiii,1
labile,1
tad,1
connotation,1
monologue,1
amongst,1
purity,1
plausible,1
disposition,1
hun,1
inappropriate,1
improvised,1
darth,1
chamomile,1
victim,1
whooooooole,1
selling,1
bandito,1
expectancy,1
award,1
wwoof,1
ordering,1
viii,1
imposible,1
transformer,1
incoherent,1
malcolm,1
deletreas,1
synced,1
humble,1
doh,1
capsicum,1
crime,1
preponderance,1
rowboat,1
derailing,1
1970s,1
nuff,1
reason—for,1
cue5c,1
chararters,1
alex,1
webcam,1
lobe,1
subconciously,1
trynna,1
phoebe,1
scrubbs,1
thanked,1
pesky,1
impatient,1
comp,1
pissing,1
everythings,1
flaked,1
uhhh,1
threaten,1
shinier,1
mimic,1
hourglass,1
offered,1
favour,1
lb,1
cece,1
runner,1
snappy,1
brave,1
immerse,1
gibraltar,1
hispanic,1
unconditionally,1
2receiving,1
sequential,1
frantic,1
software,1
huggable,1
realtionship,1
jungian,1
screwing,1
themed,1
grant,1
tap,1
hazy,1
countless,1
jackson,1
infraction,1
controlled,1
portion,1
mmmhmm,1
contains,1
overjoyed,1
infer,1
philistins,1
endless,1
enchantment,1
max,1
superbad,1
formalized,1
hahahaa,1
1receiving,1
ghetto,1
usernamefoundyeyme,1
puked,1
hunch,1
prob,1
strech,1
protein,1
fracking,1
patronizing,1
getaway,1
bill,1
mink,1
keirsey,1
consipiracy,1
hostile,1
vaseline,1
graveyard,1
jandy,1
bon,1
radley,1
alluding,1
ruined,1
vinny,1
ska,1
boppin,1
googoodoll,1
tina,1
maaaaybe,1
signed,1
warming,1
ripped,1
extensive,1
bombeck,1
yooyoung,1
purposefully,1
wrath,1
functionality,1
poorly,1
interrupting,1
gris,1
muahahahahahaha,1
sexting,1
presumptuous,1
corrupt,1
undergraduate,1
hyemi,1
frittata,1
muffin,1
upstream,1
happend,1
harrry,1
soothing,1
pilgrimage,1
pratchetts,1
prison,1
awwwwwwwwwwwwwwwwwwwwwwwwwwwwwww,1
dynamite,1
trifix,1
abused,1
dependability,1
nailed,1
oconnor,1
mighty,1
fey,1
procsess,1
ussr,1
bypass,1
undersatand,1
cha,1
barrier,1
enjoys,1
hysterical,1
remaining,1
hammer,1
flipped,1
carl,1
hahhaha,1
rationalized,1
actor,1
misled,1
schemer,1
burr,1
upward,1
lend,1
qualified,1
loan,1
darnnn,1
bag,1
symbolism,1
deceived,1
peroson,1
monokie,1
emoji1316,1
burying,1
activites,1
dialectical,1
placement,1
7words,1
collonized,1
waitng,1
chord,1
solidify,1
enthusiasm,1
withx97someone,1
prized,1
rihanna,1
rodgers,1
macroeconomics,1
enxps,1
reactive,1
washroom,1
gn,1
bellisario,1
rounder,1
motto,1
sahm,1
regulate,1
customer,1
aftershock,1
intruding,1
kristindork,1
survey,1
roman,1
ridden,1
sinner,1
exceptional,1
gifs,1
ehm,1
thunderstorm,1
vitamin,1
kilimanjaro,1
resonate,1
infernal,1
jumbled,1
prolly,1
inconsiderate,1
lapse,1
mantis,1
dread,1
abrupt,1
woohoo,1
enthousiastic,1
emily,1
silver,1
peppermint,1
attract,1
arrangement,1
exfx,1
sesame,1
er,1
percieved,1
velasquez,1
pursuit,1
googled,1
disturbingly,1
exintj,1
generalize,1
rhetorical,1
huff,1
phoenix400,1
monetary,1
meta,1
uhm,1
defo,1
cello,1
cusack,1
emma,1
stats,1
sighhh,1
weaker,1
confrontational,1
presentation,1
yousafzai,1
appearing,1
implode,1
declaring,1
wheres,1
übermensch,1
gps,1
cigg,1
helpfulness,1
tailoring,1
necessitated,1
warn,1
schneier,1
hurted,1
mutton,1
carefree,1
canvas,1
droog,1
alisha,1
clever,1
famine,1
tumblrs,1
blushing,1
prescription,1
sentience,1
messaged,1
wood,1
loaded,1
marvel,1
concentration,1
eyelid,1
angeles,1
namaste,1
basementbugs,1
shnoogin,1
ahahah,1
conference,1
complicating,1
sandwich,1
ronan,1
monster,1
neglected,1
ebonic,1
preferring,1
abstract,1
doesn´t,1
abyss,1
incident,1
disharmony,1
fossil,1
restoration,1
acknowledged,1
knowt,1
prideful,1
hassle,1
creates,1
assert,1
drake,1
interpreted,1
dunkin,1
introspect,1
credibility,1
disturbed,1
parseltongue,1
１，０００，０００％u3000ｅｓｔｐ,1
blackice,1
farce,1
marzipan,1
tripped,1
james,1
rockstar,1
keating,1
olivia,1
generational,1
piecing,1
blocked,1
argumenative,1
satellite,1
default,1
shallowness,1
alignment,1
brantly,1
eichen,1
recruit,1
scott,1
thisll,1
chocolatey,1
spain,1
complimented,1
mel,1
strut,1
distinct,1
dork,1
diversity,1
moto,1
widely,1
recital,1
frownyface,1
regrettably,1
discrepancy,1
sector,1
peacemaker,1
lawn,1
worn,1
writes,1
tremor,1
memo,1
frustratingly,1
disconnection,1
compete,1
forloves,1
11pm,1
harmonica,1
inactive,1
debatable,1
pakistan,1
virtuous,1
host,1
idiotic,1
troian,1
boh,1
fleeting,1
chile,1
keen,1
ineffective,1
atkinson,1
basement,1
cased,1
remembering,1
competing,1
persistence,1
bastardizes,1
adaptable,1
rocky,1
reallybriefly,1
disinterested,1
liv,1
procrastinated,1
tp,1
covet,1
formulated,1
dexter,1
san,1
drummer,1
delayed,1
catgroove,1
verlaine,1
reenergized,1
cease,1
engagement,1
virginity,1
inspired,1
soulmate,1
bling,1
demonstrates,1
splash,1
ad,1
entering,1
complicate,1
nfgeeks,1
wiring,1
cosmic,1
satire,1
mmmm,1
establishing,1
classily,1
befor,1
theatre,1
plated,1
gained,1
sneaker,1
hoosier,1
unloading,1
counsel,1
loveeeeee,1
absol,1
perish,1
hawkaboogey,1
managing,1
divider,1
nightmare,1
motown,1
soap,1
continuously,1
crowded,1
pal,1
trainspotting,1
productive,1
executable,1
fjord,1
famous,1
kindly,1
nabbed,1
khiros,1
cricket,1
squirrel,1
aimlessly,1
sparrow,1
amputated,1
peeled,1
xntx,1
courtesy,1
tumble,1
perrsonality,1
shitting,1
informed,1
divinity,1
shortly,1
rosalie7,1
storming,1
vitality,1
incomplete,1
manifested,1
acidificatoin,1
friendliness,1
unwarranted,1
equalizer,1
bride,1
coffe,1
ross,1
lynda,1
east,1
counselled,1
strive,1
disown,1
prolonged,1
eliciting,1
miserable,1
kti,1
saviour,1
soju,1
alaric,1
atticus,1
practise,1
cher,1
fromfaraway,1
cheesier,1
instrumental,1
abusive,1
tribulation,1
safer,1
sulk,1
endured,1
geniunely,1
intellegent,1
compulsive,1
threshold,1
nooooo,1
unable,1
cardigan,1
paradoxical,1
located,1
gurl,1
hardship,1
30ish,1
familar,1
mama,1
insulting,1
randi,1
caress,1
custard,1
ian,1
parable,1
torus,1
mason,1
rhapsody,1
fungi,1
innovative,1
cetanu,1
dong,1
fearing,1
keyhole,1
blatantly,1
stressing,1
urban,1
groan,1
instinctually,1
volleyball,1
mega,1
delicious,1
bloat,1
hurray,1
supposedly,1
severely,1
unfortunate,1
ew,1
chanted,1
mho,1
analyzing,1
fraternity,1
sn,1
schromance,1
missouri,1
swept,1
fanfare,1
anarchy,1
pancreatic,1
madlib,1
jewerly,1
sophistication,1
identifying,1
maia,1
denied,1
sweeney,1
regretting,1
recovery,1
tirade,1
noodle,1
cliff,1
threatened,1
tatoo,1
mozzarella,1
influenciate,1
shooting,1
goddarn,1
bday,1
abidingness,1
threatening,1
circumstantial,1
ignoring,1
sol,1
spektor,1
frustrates,1
intrusion,1
prime,1
nonverbal,1
trustworthy,1
tupac,1
retrospective,1
daedalus,1
knowledgeable,1
cosa,1
correctness,1
superficiality,1
externality,1
extraversion,1
5th,1
sveltihel,1
clarifying,1
valued,1
thoroughfare,1
coloring,1
giff,1
pajama,1
mocha,1
bin,1
pee,1
oxycodone,1
aligned,1
intuitively,1
pole,1
aiming,1
conscientius,1
volunteering,1
disappear,1
inwardly,1
serenity,1
noon,1
happiest,1
leisurely,1
cig,1
apthy,1
greek,1
cinema,1
ionno,1
utterly,1
uptake,1
vedder,1
united,1
twain,1
hotspur,1
concluded,1
whelp,1
nearest,1
internalize,1
squeeze,1
eek,1
hallmark,1
pan,1
dilated,1
lick,1
sniveling,1
ecstatic,1
downstairs,1
plain,1
optimus,1
cashing,1
bizarre,1
predictability,1
costco,1
abandonment,1
irish,1
decisive,1
phil,1
dim,1
espresso,1
auschwitz,1
poeple,1
enabled,1
wo0t,1
shapaha,1
skimmed,1
blithe,1
7physical,1
eta,1
bonaparte,1
qrivan,1
convolute,1
strife,1
phd,1
succinct,1
shun,1
radio,1
nurture,1
narcissistic,1
greet,1
