,0
im,411
like,363
dont,280
think,270
people,226
one,202
know,197
really,182
get,163
would,160
esfp,155
type,148
ive,145
thing,134
time,125
well,124
say,119
feel,119
http,114
want,112
make,105
see,98
youre,97
love,95
good,92
friend,91
much,86
lot,84
thats,80
go,79
something,77
also,75
two,75
could,74
way,73
guy,73
thanks,71
someone,71
life,71
never,70
always,70
said,67
even,67
person,65
right,65
sure,65
going,64
thought,64
though,64
take,63
mean,63
hundred,63
need,63
enfp,62
year,61
pretty,61
post,60
actually,60
lol,59
probably,57
got,57
intj,56
cant,56
personality,55
find,54
around,54
sound,54
anything,52
estp,52
infj,51
yes,51
mbti,51
maybe,50
relationship,50
test,50
first,49
better,49
thread,49
yeah,48
back,48
id,47
day,47
work,46
kind,46
seems,46
isfp,45
thousand,45
read,45
look,44
entp,44
long,44
little,43
girl,43
question,43
guess,42
using,42
point,42
hard,42
new,42
laughing,42
doesnt,41
come,41
tell,41
still,41
oh,40
nice,39
ill,39
understand,39
definitely,38
best,38
help,38
many,38
didnt,37
different,36
give,36
thank,36
last,36
sometimes,35
high,35
feeling,35
book,35
infp,35
everyone,35
hate,35
reason,34
might,34
entj,34
bit,34
happy,34
sent,34
esfj,34
school,34
agree,33
talk,33
used,33
ever,33
let,33
function,32
se,32
trying,32
enough,32
believe,32
fun,32
tapatalk,32
haha,31
mind,31
big,31
seem,31
made,31
others,31
try,31
forum,30
remember,30
seen,30
idea,30
else,30
word,30
answer,29
since,29
estj,29
intp,29
hey,29
getting,29
real,29
twenty,28
another,28
anyone,28
woman,28
three,28
looking,27
wanted,27
hi,27
curious,27
bad,26
problem,26
usually,26
use,26
may,26
stuff,26
world,26
true,26
isfj,26
start,26
great,25
far,25
wrong,25
sorry,25
especially,25
esfps,25
put,24
everything,24
either,24
thinking,24
game,24
fact,24
isnt,23
ne,23
istp,23
enfj,23
saying,23
show,23
wont,23
met,23
enjoy,23
te,23
prefer,23
totally,23
told,23
fi,23
face,22
keep,22
example,22
interested,22
havent,22
stop,22
talking,22
social,22
na,22
situation,22
cool,22
least,22
crazy,22
took,22
opinion,22
super,22
welcome,22
away,22
hello,22
nothing,21
story,21
quite,21
theyre,21
class,21
experience,21
almost,21
character,21
sense,21
found,21
matter,21
reading,21
however,20
wasnt,20
digger,20
old,20
istj,20
live,20
fe,20
seven,20
exactly,20
alone,20
consider,20
month,20
every,20
blue,20
wish,20
man,20
hear,20
please,20
six,19
sex,19
job,19
end,19
eye,19
attention,19
place,19
conversation,19
okay,19
course,19
wouldnt,19
change,19
song,19
hope,19
enneagram,19
part,19
movie,19
intjs,18
able,18
often,18
writing,18
quote,18
couple,18
ask,18
college,18
interest,18
side,18
group,18
head,18
ten,18
ok,18
recently,17
must,17
five,17
level,17
self,17
interesting,17
name,17
likely,17
typed,17
party,17
making,17
yet,17
age,17
men,17
rather,17
le,17
cat,17
iphone,17
clear,17
tongue,17
plus,17
music,17
si,17
response,16
based,16
past,16
felt,16
nine,16
bored,16
although,16
term,16
sixty,16
whole,16
kitteh,16
anyway,16
wow,16
enfps,16
stupid,16
personal,15
strong,15
youll,15
youve,15
anymore,15
typing,15
description,15
fifty,15
came,15
small,15
shit,15
whatever,15
ni,15
tend,15
went,15
learn,15
become,15
sad,15
child,15
open,14
seriously,14
forty,14
taking,14
add,14
order,14
possible,14
difference,14
easily,14
sort,14
mostly,14
sister,14
shes,14
along,14
hell,14
mom,14
care,14
whats,14
choice,14
god,13
together,13
animal,13
week,13
heard,13
relate,13
proud,13
intps,13
wink,13
appreciate,13
without,13
gon,13
tired,13
dear,13
stark,13
thirty,13
introverted,13
fight,13
husband,13
cause,13
gave,13
starting,13
value,13
date,13
phone,13
sims,13
degree,13
mine,13
intuitive,13
general,13
site,13
extrovert,13
everybody,13
easy,13
already,13
four,13
fit,13
list,12
family,12
sx,12
break,12
decision,12
sensing,12
started,12
smart,12
half,12
night,12
leave,12
advice,12
write,12
tmlt,12
plan,12
fucking,12
figure,12
personally,12
deep,12
lie,12
instead,12
glad,12
older,12
introvert,12
close,12
sp,12
emotion,12
article,12
money,12
next,12
free,12
house,12
wait,12
posted,12
kinda,12
done,11
stand,11
cute,11
important,11
boyfriend,11
perc,11
ago,11
eight,11
speak,11
issue,11
socionics,11
meet,11
gt,11
human,11
low,11
rest,11
somebody,11
future,11
entjs,11
ti,11
worth,11
disorder,11
common,11
kid,11
accurate,11
depends,11
stay,11
whether,11
asked,11
home,11
basically,11
view,11
hahaha,11
picture,11
dude,11
bed,11
eleven,11
play,11
supposed,11
sixteen,10
emotional,10
intelligence,10
normal,10
dominant,10
dad,10
called,10
case,10
moment,10
amazing,10
huge,10
dog,10
considered,10
speaking,10
sleep,10
saw,10
number,10
hand,10
watched,10
asking,10
sensor,10
putting,10
honestly,10
deal,10
working,10
original,10
liked,10
information,10
taken,10
hot,10
bring,10
art,10
mention,10
topic,10
special,10
tried,10
car,10
internet,10
community,10
today,10
arent,10
infjs,10
opposite,10
hair,10
move,10
edit,10
i9000,10
anxiety,9
hold,9
second,9
similar,9
chance,9
extroverted,9
noticed,9
straight,9
realized,9
line,9
certain,9
preference,9
room,9
constantly,9
watching,9
heart,9
myers,9
spend,9
avatar,9
season,9
playing,9
eighteen,9
action,9
estps,9
easier,9
message,9
fall,9
avoid,9
run,9
short,9
notice,9
reality,9
shy,9
completely,9
known,9
disagree,9
seventy,9
worst,9
hmm,9
shocked,9
funny,9
debate,9
younger,9
giving,9
trust,9
seeing,9
hurt,9
set,9
soon,9
title,9
negative,9
dunno,9
respect,9
idk,9
yep,8
wan,8
suck,8
talked,8
several,8
briggs,8
weird,8
lmao,8
slow,8
act,8
major,8
dream,8
watch,8
mad,8
minute,8
certainly,8
user,8
memory,8
waiting,8
decided,8
explain,8
etc,8
friendship,8
field,8
forget,8
rule,8
behavior,8
million,8
decide,8
theory,8
call,8
female,8
silly,8
reply,8
meant,8
lately,8
war,8
outside,8
finding,8
generally,8
honest,8
argue,8
helpful,8
finally,8
power,8
miss,8
dead,8
7w8,8
logical,8
coming,8
imagine,8
entps,8
color,8
link,8
laugh,8
fine,8
omg,8
sweet,8
ah,8
falling,7
knew,7
input,7
born,7
trait,7
nature,7
shot,7
contact,7
spot,7
opportunity,7
inside,7
highly,7
ppl,7
possibly,7
fix,7
mentioned,7
coffee,7
energy,7
style,7
video,7
obviously,7
dating,7
freedom,7
evil,7
judging,7
page,7
sign,7
moral,7
system,7
fuck,7
count,7
insight,7
recent,7
religious,7
non,7
truly,7
wondering,7
dealing,7
annoying,7
awesome,7
passion,7
bill,7
currently,7
brain,7
whenever,7
stereotype,7
risk,7
heavily,7
confused,7
unless,7
result,7
quality,7
dom,7
intuition,7
wrote,7
chocolate,7
top,7
somewhere,7
sexy,7
mark,7
positive,7
observation,7
username,7
sit,7
feeler,7
popular,7
parent,7
6w7,7
simple,7
lazy,7
extremely,7
knowledge,7
english,7
business,7
excited,7
loved,7
build,7
eighty,7
yr,7
worry,7
daughter,6
helped,6
seemed,6
bunch,6
happened,6
afraid,6
smile,6
3w4,6
communication,6
shouldnt,6
moving,6
specific,6
correct,6
obsessed,6
flirt,6
towards,6
chris,6
particular,6
attitude,6
determine,6
turned,6
heather,6
answering,6
complete,6
ha,6
extraverted,6
plenty,6
forth,6
despite,6
particularly,6
present,6
young,6
affect,6
alright,6
couldnt,6
yea,6
learning,6
earth,6
later,6
smiley,6
op,6
adventure,6
option,6
involved,6
stick,6
prone,6
red,6
perhaps,6
late,6
scene,6
7w6,6
science,6
check,6
cognitive,6
actual,6
buy,6
jack,6
choose,6
artist,6
suppose,6
ex,6
ear,6
somewhat,6
professional,6
cry,6
whip,6
showing,6
brother,6
company,6
charming,6
according,6
potential,6
joke,6
gotten,6
blushed,6
considering,6
favorite,6
office,6
learned,6
1w2,6
given,6
absolutely,6
mental,6
describe,6
belief,6
handle,6
depression,6
significant,6
hm,6
biggest,6
practice,6
private,6
kill,6
star,6
turn,6
sitting,6
lack,6
ta,6
body,6
online,6
boy,6
except,6
profile,6
share,6
summer,6
weekend,6
serious,6
understanding,6
warning,6
studying,6
website,5
esfjs,5
cuz,5
tonight,5
crap,5
forgot,5
control,5
entire,5
window,5
aware,5
touch,5
stressed,5
banned,5
series,5
member,5
analyze,5
dislike,5
ego,5
compared,5
doms,5
logic,5
useful,5
bi,5
damn,5
pick,5
piss,5
doubt,5
assume,5
mixed,5
spending,5
son,5
hehe,5
bump,5
caring,5
theyve,5
stranger,5
individual,5
worse,5
beautiful,5
road,5
perfect,5
observed,5
terrible,5
xd,5
tough,5
ahead,5
fourteen,5
circumstance,5
girlfriend,5
8w7,5
mistake,5
photo,5
slowly,5
lost,5
imo,5
hour,5
ability,5
complicated,5
mood,5
willing,5
3w2,5
city,5
traffic,5
upset,5
shallow,5
minded,5
flip,5
random,5
wear,5
6w5,5
previous,5
note,5
barely,5
mountain,5
depressed,5
ftw,5
position,5
vote,5
politician,5
happens,5
4w5,5
express,5
stuck,5
otherwise,5
nerdy,5
described,5
create,5
trouble,5
smell,5
mother,5
holy,5
eventually,5
loving,5
tv,5
perfectly,5
perceiving,5
accept,5
win,5
mainly,5
suggestion,5
form,5
average,5
challenge,5
inferior,5
emotionally,5
fictional,5
versus,5
multiple,5
quickly,5
freak,5
walk,5
detail,5
fast,5
quick,5
hungry,5
insightful,5
occasion,5
beginning,5
skill,5
somehow,5
badly,5
typical,5
fat,5
bought,5
literally,5
warm,5
relation,5
developed,5
specifically,5
dark,5
comfortable,5
overall,5
pizza,5
meeting,5
full,5
male,5
happen,5
beer,5
due,5
effect,5
surprising,5
correlation,5
attractive,5
forward,5
hit,5
kept,5
angry,5
truth,5
yall,5
partner,5
twelve,5
infps,4
loop,4
necessarily,4
offense,4
fifteen,4
pm,4
wise,4
bear,4
socializing,4
clinton,4
bothered,4
cult,4
eat,4
unsure,4
chaos,4
food,4
attempt,4
public,4
drink,4
root,4
health,4
source,4
isfjs,4
busy,4
curiosity,4
majority,4
nt,4
middle,4
dry,4
purpose,4
letter,4
temperament,4
blush,4
sweden,4
spell,4
argument,4
bf,4
sun,4
noticing,4
black,4
youtube,4
ipad,4
comment,4
click,4
jump,4
scored,4
tomorrow,4
marriage,4
focused,4
youd,4
version,4
3d,4
planning,4
lady,4
changing,4
console,4
bos,4
polar,4
strange,4
seventeen,4
creature,4
increase,4
pain,4
poem,4
neither,4
selling,4
sarcastic,4
fired,4
weve,4
require,4
david,4
interior,4
kiss,4
yo,4
failed,4
apparently,4
drawing,4
park,4
wind,4
reasoning,4
history,4
ultimate,4
heavy,4
confuse,4
distance,4
broke,4
kidding,4
mod,4
match,4
creepy,4
searching,4
frustrated,4
needed,4
weakness,4
extp,4
dropped,4
immature,4
dumb,4
surprised,4
written,4
american,4
draw,4
connection,4
8w9,4
teenager,4
trump,4
novel,4
bank,4
table,4
anybody,4
university,4
dr,4
sick,4
status,4
lmfao,4
poster,4
plot,4
christmas,4
quiz,4
exist,4
listen,4
chandler,4
within,4
closest,4
focus,4
horrible,4
hahahaha,4
slightly,4
dealt,4
taste,4
driving,4
stress,4
seek,4
rarely,4
society,4
light,4
hmmm,4
skip,4
twice,4
street,4
bottom,4
replying,4
support,4
collection,4
wolfie,4
labeled,4
brief,4
upon,4
text,4
episode,4
bold,4
accidentally,4
compatibility,4
rude,4
teach,4
standard,4
leaving,4
asperger,4
state,4
strongly,4
sharing,4
proof,4
weak,4
alive,4
bio,4
sooo,4
beauty,4
toy,4
instagram,4
incredibly,4
ninety,4
per,4
cu,4
bitch,4
ice,4
vice,4
personnally,4
everywhere,4
frustrating,4
category,4
anyways,4
film,4
hug,4
expect,4
mac,4
btw,4
worker,4
atheist,4
student,4
isxj,4
drunk,4
moderate,4
toward,4
interaction,4
pay,4
tested,4
intellectual,4
depending,4
quiet,4
recommend,4
clarify,4
calling,4
estjs,4
among,4
harder,4
christian,4
quirky,4
sps,4
baby,4
spent,4
grew,4
deciding,4
magazine,4
beat,4
language,4
worried,4
leaning,4
jealous,4
therefore,4
awkward,4
apart,4
mate,4
reach,4
development,4
official,4
telling,4
accepted,4
knowing,4
longer,4
event,4
background,4
ideal,4
town,4
thirteen,4
boring,4
jrpgs,4
area,4
direct,4
traceur,4
difficulty,4
everyones,4
hilarious,4
co,4
pretend,4
yesterday,4
teacher,4
everyday,4
wanting,4
explanation,4
genius,4
dress,3
snow,3
send,3
entirely,3
sport,3
team,3
marry,3
paid,3
continuing,3
recall,3
becoming,3
percentage,3
identify,3
piece,3
exaggerated,3
october,3
apply,3
reference,3
pattern,3
tolerance,3
ashengrace,3
pew,3
dare,3
properly,3
atleast,3
sen,3
witch,3
noise,3
creative,3
manipulative,3
canada,3
tom,3
laid,3
dancing,3
rock,3
responsibility,3
difficult,3
com,3
white,3
fooling,3
nerd,3
lucky,3
offended,3
matthew,3
researching,3
practically,3
compatible,3
shut,3
factor,3
ended,3
hung,3
step,3
mini,3
achieve,3
voice,3
db,3
criticism,3
dirty,3
changed,3
flu,3
thinker,3
acting,3
glee,3
score,3
meepers,3
statement,3
lead,3
attracted,3
explained,3
subject,3
growing,3
regard,3
listened,3
unfortunately,3
kissing,3
la,3
period,3
club,3
mature,3
embarrassed,3
esxp,3
design,3
filter,3
referring,3
project,3
approval,3
wikipedia,3
claim,3
beach,3
rare,3
trick,3
maureen,3
king,3
perception,3
physical,3
weed,3
abstraction,3
immediately,3
asleep,3
indicate,3
rape,3
daily,3
mannerism,3
theme,3
listening,3
collins,3
grown,3
posting,3
wonderful,3
cover,3
trip,3
pic,3
jesus,3
habit,3
mouth,3
determined,3
buying,3
breakfast,3
gift,3
continue,3
career,3
depend,3
organized,3
introversion,3
differently,3
perceive,3
paranoid,3
data,3
push,3
environment,3
impressed,3
concluded,3
couch,3
appreciated,3
normally,3
financial,3
improving,3
huh,3
stable,3
study,3
manifest,3
classic,3
oriented,3
spam,3
talent,3
grade,3
perceived,3
broken,3
crush,3
auburn,3
via,3
nah,3
kick,3
tolerate,3
total,3
horse,3
fireman,3
spiritual,3
cowboy,3
pop,3
spontaneous,3
brought,3
clothes,3
box,3
monogamous,3
unfair,3
pet,3
catch,3
sentence,3
hahahah,3
pack,3
thin,3
current,3
el,3
selfish,3
naked,3
replied,3
communicate,3
linked,3
worked,3
lower,3
alot,3
various,3
intense,3
odd,3
die,3
concerned,3
actor,3
firstly,3
attack,3
bottle,3
react,3
destroy,3
bag,3
prove,3
blame,3
roger,3
perceiver,3
shovel,3
elvis,3
jon,3
psychology,3
woah,3
childhood,3
greater,3
chat,3
image,3
strength,3
vibe,3
mistyped,3
singing,3
german,3
corrected,3
country,3
preferred,3
socialize,3
physically,3
restaurant,3
exhibit,3
directly,3
visiting,3
anytime,3
begin,3
drive,3
phoebe,3
extent,3
promise,3
doc,3
micah,3
drop,3
water,3
breaking,3
understood,3
distraction,3
effectively,3
cheating,3
gone,3
join,3
luck,3
fire,3
necessary,3
2w3,3
anime,3
partially,3
mary,3
cut,3
news,3
capable,3
backwards,3
screen,3
sansa,3
appearance,3
grow,3
hasnt,3
span,3
assistant,3
uff,3
involves,3
nobody,3
flaw,3
thus,3
clarity,3
pull,3
9w8,3
computer,3
relative,3
guitar,3
married,3
board,3
income,3
ton,3
nervous,3
understands,3
graphic,3
uh,3
mr,3
wild,3
favor,3
empty,3
third,3
mirror,3
active,3
dedication,3
label,3
influence,3
sleeping,3
lick,3
contribute,3
existence,3
criticized,3
mistaken,3
essay,3
listed,3
sake,3
hated,3
desire,3
playlist,3
bollywood,3
center,3
adhd,3
sherlock,3
talkative,3
pointless,3
flirtation,3
gentleman,3
affection,3
enjoyed,3
practical,3
besides,3
empathy,3
convincing,3
blah,3
convenient,3
respond,3
joy,3
paying,3
task,3
withdraw,3
regarding,3
military,3
fake,3
receiving,3
pursued,3
local,3
spirit,3
mess,3
realize,3
tumblr,3
bowl,3
follow,3
played,3
istjs,3
healthy,3
outgoing,3
father,3
badass,3
religion,3
cheerleader,3
impression,3
approach,3
analysis,3
living,3
nail,3
natural,3
ignore,3
attribute,3
chose,3
pie,3
symptom,3
graduate,3
forever,3
blueberry,3
lesson,3
hmmmm,3
intention,3
generation,3
eh,3
definite,3
retail,3
anywhere,3
possibility,3
uncomfortable,3
um,3
arguing,3
cow,3
2000s,3
boundary,3
earlier,3
functional,3
explains,3
trend,3
polite,3
obvious,3
illness,3
asshole,3
rolleyes,3
eating,3
discussion,3
netflix,3
meaning,3
opposed,3
chatting,3
equal,3
report,3
suddenly,3
recharge,3
becomes,3
criticize,3
sea,3
amount,3
evans,3
claiming,3
suggested,3
walking,3
angel,3
fan,3
drama,3
behind,3
magic,3
regular,3
sale,3
wine,3
orange,3
speech,2
tendency,2
safe,2
onion,2
core,2
carell,2
service,2
attract,2
hence,2
bizarre,2
distinguishing,2
behave,2
throughout,2
hahah,2
expressive,2
asian,2
annoyed,2
improve,2
slit,2
rap,2
flag,2
herp,2
killing,2
faith,2
kk,2
underlying,2
esp,2
annoy,2
chip,2
santa,2
concept,2
bozo,2
gaming,2
aroused,2
spring,2
incredible,2
colorado,2
nutshell,2
cynicism,2
building,2
furniture,2
sloan,2
holding,2
headphone,2
hill,2
near,2
therapy,2
pulling,2
professor,2
esteem,2
invent,2
unoriginal,2
homeless,2
sticking,2
isfps,2
xsfj,2
grad,2
location,2
boredom,2
pulled,2
robb,2
liking,2
torture,2
clothing,2
cooking,2
trial,2
brown,2
memorizing,2
hardly,2
culture,2
daydream,2
scrub,2
cancer,2
aww,2
consulting,2
icon,2
humanmetrics,2
expressed,2
fairy,2
technical,2
mixture,2
1st,2
nineteen,2
darkness,2
stressful,2
remix,2
grain,2
crime,2
monty,2
le9acymuse,2
gap,2
tag,2
notion,2
competent,2
awful,2
categorizing,2
checking,2
satisfy,2
saturday,2
cooky,2
grey,2
hd,2
mobile,2
space,2
cared,2
underwear,2
gym,2
oitnb,2
aid,2
front,2
trigun64,2
fixed,2
reckon,2
mail,2
math,2
grease,2
crack,2
insanely,2
improved,2
gingertonic,2
anger,2
tbh,2
flow,2
critical,2
exercise,2
indulge,2
mimi,2
privacy,2
reverse,2
fail,2
discovering,2
odds,2
yellow,2
finished,2
copters,2
jr,2
spanish,2
joined,2
celebrity,2
appealing,2
classy,2
succeed,2
rise,2
cold,2
commit,2
size,2
sum,2
enter,2
morning,2
taylor,2
medication,2
exact,2
exploring,2
academic,2
condition,2
yoga,2
incorrect,2
porn,2
rant,2
tertiary,2
drinking,2
x93otherworldlinessx94,2
sang,2
includes,2
detect,2
research,2
keirsey,2
sarcasm,2
struggle,2
employer,2
concerning,2
val,2
vague,2
cost,2
heck,2
admit,2
internal,2
rifle,2
invalid,2
manage,2
hospital,2
gamma,2
bat,2
charm,2
unfortunate,2
joining,2
ugh,2
scuai,2
tall,2
committed,2
agent,2
guessed,2
holder,2
bar,2
criticizing,2
speaks,2
hyper,2
hole,2
intelligent,2
channel,2
zombiecide,2
jail,2
bias,2
introduced,2
driver,2
satine,2
fiction,2
large,2
optimistic,2
insane,2
provide,2
nurse,2
mellow,2
legend,2
texting,2
disappear,2
apologize,2
anonymous,2
agrees,2
gif,2
slight,2
dollar,2
distant,2
inherently,2
questionnaire,2
successful,2
handful,2
rooting,2
extensive,2
ghost,2
rate,2
lean,2
hearing,2
danny,2
crowd,2
trainer,2
remembering,2
fairly,2
hanging,2
criminal,2
felony,2
phrase,2
technician,2
recharging,2
genetics,2
sexually,2
spare,2
comedy,2
activity,2
xstj,2
management,2
vel,2
monica,2
manager,2
approaching,2
stone,2
arm,2
faced,2
genuinely,2
running,2
ntp,2
clicked,2
helping,2
trusted,2
requirement,2
ignoring,2
humour,2
excitement,2
sugah,2
thoughtful,2
smith,2
horny,2
sue,2
painful,2
takeaway,2
rulebook,2
suggest,2
anna,2
journey,2
popularity,2
picked,2
repeat,2
aggressive,2
zombie,2
ramble,2
folk,2
weekly,2
automatically,2
eats,2
soprano,2
scholarship,2
left,2
fresh,2
compliment,2
grip,2
maori,2
cartoon,2
expand,2
hyrax,2
lonely,2
performer,2
virtual,2
secure,2
asap,2
ritual,2
jk,2
inspector,2
throw,2
korra,2
drug,2
expression,2
skinny,2
ready,2
subtle,2
context,2
secretly,2
rational,2
sacrifice,2
conflict,2
keeping,2
kitten,2
blood,2
height,2
bruce,2
inuition,2
primarily,2
fascinating,2
engine,2
stereotyped,2
deeper,2
green,2
modern,2
accused,2
cersei,2
bug,2
dying,2
crossing,2
knack,2
scratch,2
combination,2
mistreated,2
identity,2
application,2
process,2
screw,2
became,2
defend,2
scary,2
benny,2
choosing,2
2nd,2
precisely,2
fallout,2
bing,2
flexibility,2
favourite,2
spicy,2
jung,2
impatient,2
manga,2
latest,2
architecture,2
spread,2
james,2
previously,2
church,2
triple,2
somthing,2
noodle,2
nf,2
unrelated,2
monogamy,2
force,2
attentive,2
shitty,2
waffle,2
explanatory,2
shelby,2
judge,2
verdict,2
relying,2
edition,2
perceptive,2
fighting,2
frequently,2
absolute,2
waste,2
shed,2
illogical,2
alike,2
5w6,2
simultaneously,2
wrist,2
swear,2
friday,2
gwen,2
sucky,2
president,2
pursue,2
jelly,2
ambition,2
inclination,2
holmes,2
attached,2
manwithouthats,2
overcome,2
spain,2
ninja,2
mutual,2
logically,2
clarification,2
yelling,2
syllable,2
zone,2
masculine,2
wife,2
tip,2
saran,2
iq,2
south,2
raise,2
pink,2
instinctual,2
hoping,2
birthday,2
owned,2
kinky,2
greatest,2
bowieownsmysoul,2
wasting,2
ya,2
setting,2
politely,2
ruds,2
missing,2
adore,2
visual,2
neglect,2
snart,2
messing,2
collective,2
wheat,2
fair,2
participate,2
ignored,2
bedroom,2
clearly,2
loud,2
comfort,2
fucked,2
imaginative,2
swing,2
overnight,2
experienced,2
bite,2
naturally,2
poll,2
riddle,2
tut,2
nut,2
sized,2
excuse,2
basic,2
contrast,2
vulnerability,2
criterion,2
flipping,2
facebook,2
reread,2
humor,2
theater,2
secondly,2
turning,2
subtype,2
built,2
gustav,2
paired,2
typoc,2
exfp,2
banana,2
honesty,2
distinctly,2
oops,2
password,2
air,2
aint,2
wondered,2
expert,2
whove,2
letting,2
exists,2
marketing,2
colbert,2
leg,2
moved,2
denial,2
reveal,2
pair,2
server,2
john,2
program,2
freaky,2
revolutionary,2
thrill,2
talon,2
usual,2
sandwich,2
traditional,2
imagination,2
warrior,2
aunt,2
concentration,2
͡°,2
tragedy,2
suitable,2
pointing,2
narrow,2
partly,2
actively,2
opened,2
dauntless,2
doctor,2
clash,2
surprise,2
flying,2
excitable,2
tends,2
wtf,2
supported,2
struck,2
gun,2
creativity,2
phase,2
popcorn,2
procrastinate,2
inclined,2
duality,2
enthusiastic,2
bullet,2
wonder,2
carrot,2
unloved,2
policy,2
meal,2
spirituality,2
sophomore,2
ate,2
filled,2
extroversion,2
shinsei,2
msu,2
damaged,2
provided,2
sadly,2
prefers,2
joanne,2
peanut,2
content,2
mastery,2
disorganized,2
killed,2
ohh,2
joking,2
instantly,2
mi,2
tease,2
acceptance,2
marina,2
session,2
perry,2
lotsa,2
awhile,2
spotless,2
moon,2
villain,2
composition,2
brilliantly,2
fullmetal,2
catelyn,2
code,2
syndrom,2
sexual,2
intrigued,2
robert,2
schedule,2
hitler,2
considers,2
ball,2
gradually,2
stacking,2
strictly,2
breakup,2
senior,2
reconsider,2
single,2
offensive,2
jerk,2
intimate,2
istx,2
syndrome,2
stoic,2
responding,2
reactive,2
mole,2
christopher,2
guest,2
miracle,2
key,2
wrap,2
connect,2
fitness,2
shake,2
frustration,2
upper,2
roommate,2
impossible,2
soul,2
pray,2
tomato,2
itd,2
plz,2
appears,2
informative,2
manly,2
grace,2
guessing,2
offer,2
aspergers,2
planned,2
relates,2
ross,2
ukulele,2
vision,2
routine,2
jade,2
complex,2
obama,2
feminine,2
pure,2
seductive,2
ann,2
testing,2
knife,2
congrats,2
nailed,2
improvement,2
eachother,2
calm,2
dna,2
9w1,2
pin,2
looked,2
sometime,2
abt,2
yummy,2
funniest,2
pissed,2
record,2
sagittarius,2
peter,2
disorganization,2
candle,2
texas,2
pleasure,2
definition,2
subjective,2
aspect,2
objective,2
garden,2
bible,2
straightforward,2
blog,2
enxp,2
impact,2
whoa,2
define,2
excitedly,2
typology,2
bba,2
tomboy,2
discovered,2
variety,2
door,2
acceptable,2
leader,2
correctly,2
aspie,2
listener,2
reaction,2
expansion,2
sigh,2
disappointed,2
plain,2
whoop,2
performance,2
stock,2
wed,2
stubborn,2
jaime,2
uf0b7,2
bother,2
crisp,2
gellar,2
limited,2
sticky,2
mm,2
passed,2
ish,2
solution,2
engage,2
advocating,2
poke,2
hype,2
whore,2
experiencing,2
obligation,2
confusing,2
overload,2
youngest,2
exclusively,2
amongst,2
narcissism,2
stressing,2
opinionated,2
indepth,2
central,2
doggy,2
shape,2
suit,2
round,2
kindergarten,2
load,2
disrespected,2
ughhh,2
available,2
blown,2
oatmeal,2
primary,2
poor,2
convoluted,2
disagreement,2
hero,2
relevant,2
kissed,2
gale,2
versa,2
reasonable,2
track,2
clue,2
handling,2
utter,2
butter,2
ai,2
universe,2
developing,2
giant,2
misunderstood,2
ned,2
mass,2
humanity,2
scenario,2
painting,2
intriguing,2
tan,2
famous,2
brings,2
en,2
visto,2
stage,2
momma,2
bran,2
happiest,2
settle,2
related,2
fourth,2
tattoo,2
playful,2
til,2
fantasize,2
goodness,2
preconceived,2
sounded,2
dat,2
nearly,2
update,2
weight,2
simon,2
regret,2
3x4,2
histrionic,2
paper,2
crpgs,2
pr,2
mild,2
hemsworth,2
none,2
italic,2
property,2
january,2
dave,2
french,2
sleepy,2
doubled,2
lying,2
productive,2
across,2
search,2
abstract,2
sugar,2
section,2
awww,2
bomb,2
band,2
bullshit,2
scope,2
goal,2
journalism,2
solitary,2
introduce,2
cousin,2
fuckin,2
fear,2
occupation,2
endless,2
demanding,2
romantic,2
addicted,2
golden,2
robin,2
egotistical,2
misunderstanding,2
peg,2
familiar,2
misunderstand,2
ace,2
greeting,2
stimulating,2
sending,2
superficial,2
liar,2
card,2
fellow,2
officially,2
died,2
discussed,2
sadness,2
tony,2
nightmare,2
shopping,2
chair,2
determining,2
hang,2
muscle,2
vacation,2
dumbest,2
mindset,2
decent,2
mainstream,2
anatomy,2
kink,2
america,2
candidate,2
thismustbetheplace,2
winning,2
atmosphere,2
originally,2
bro,2
mononoke,2
empathic,2
meaningful,2
mustve,2
chill,2
alchemist,2
representation,2
ol,2
cafe,2
littlefinger,2
excitment,2
oneself,2
fo,2
espf,2
careful,2
feedback,2
following,2
combo,2
yup,2
collect,2
overview,2
downey,2
interview,2
finger,2
politics,2
quotient,2
assumption,2
fry,2
retarded,2
lasted,2
sensitive,2
hawaii,2
outburst,2
arya,2
concern,2
puppy,2
lesbian,1
moonjock,1
answered,1
education,1
initiated,1
finishing,1
screamo,1
laced,1
disappointment,1
aphrodisiac,1
instigate,1
onsie,1
slim,1
intent,1
colonel,1
appear,1
regulated,1
metal,1
exposed,1
ticket,1
matt,1
intepreting,1
coco,1
tablet,1
cheapening,1
unproductive,1
adverse,1
loser,1
corpse,1
gamestop,1
diamandis,1
director,1
activate,1
august,1
conservative,1
calculator,1
addict,1
extreme,1
vacantly,1
invades,1
googled,1
external,1
accepts,1
biochemistry,1
significance,1
contributing,1
treated,1
confidently,1
wander,1
fought,1
flash,1
gambino,1
ishh,1
moah,1
niqqa,1
gaga,1
paragraph,1
raw,1
artform,1
sociability,1
instance,1
commercialized,1
rank,1
defaming,1
swim,1
5pm,1
nothingness,1
euron,1
exploration,1
firsthand,1
encouraging,1
learner,1
jury,1
threat,1
clownzones,1
ji,1
abused,1
unexpectedly,1
advisor,1
chilled,1
epic,1
wing,1
leveraging,1
involving,1
bubbly,1
pistol,1
cramped,1
info,1
deployment,1
sib,1
havnt,1
naive,1
allowed,1
treat,1
whered,1
nfs,1
detested,1
bowling,1
fabulous,1
overestimating,1
contemplating,1
cheated,1
cuddle,1
hypnotist,1
chemical,1
misdemeanor,1
uncertain,1
blubbly,1
selection,1
admitted,1
beef,1
raised,1
inspiring,1
organization,1
cooperative,1
fairness,1
tho,1
cloud,1
jokingly,1
auburns,1
indent,1
pertinent,1
feti,1
target,1
gtfo,1
surroundings,1
controller,1
poloniumcyanide,1
unintentional,1
ease,1
measuring,1
lelila,1
cruz,1
mechanism,1
allowing,1
rickon,1
juliet,1
landed,1
eie,1
agreed,1
aux,1
existent,1
drooling,1
fragile,1
steak,1
considerate,1
gandolfini,1
zodiac,1
vicious,1
unimpressed,1
consistent,1
inform,1
earn,1
tune,1
4w3,1
hunger,1
vivacious,1
indian,1
effort,1
monday,1
7th,1
incentive,1
radiating,1
asthma,1
freiherr,1
guilt,1
religiously,1
pressure,1
shameless,1
bluekitdon,1
forgive,1
typism,1
darn,1
wilt,1
wouldve,1
unpleasant,1
rich,1
brad,1
menu,1
fish,1
albeit,1
validated,1
fortunately,1
facilitate,1
homelyroamlydomely,1
hint,1
unconventional,1
dose,1
unique,1
reached,1
impulsive,1
jello,1
skepticism,1
alternative,1
theatre,1
critique,1
kilmer,1
dizorganized,1
dangerous,1
bunjee,1
placement,1
undecorated,1
barrowman,1
exhaust,1
teaching,1
commercial,1
shout,1
devastated,1
wordplay,1
shame,1
tail,1
unlucky,1
bane,1
borrowed,1
exception,1
paulette,1
produced,1
bike,1
cleaning,1
veil,1
annoyingness,1
roaminspirit,1
hopefully,1
comprehend,1
bacon,1
complaining,1
envy,1
intimacy,1
xbox,1
sadistic,1
paced,1
curvy,1
temperature,1
behaviour,1
maniac,1
stereotypically,1
tickle,1
ordered,1
diadochi,1
vaping,1
deceiving,1
feminist,1
enjoying,1
splashiness,1
created,1
hearkens,1
security,1
hack,1
winter,1
efficient,1
muslim,1
wherever,1
requiring,1
bog,1
tizzy,1
ps2,1
café,1
arrogant,1
stingy,1
bound,1
intimidate,1
tact,1
turbulent,1
minor,1
wahhhhhh,1
johnson,1
robbing,1
magnolia,1
okey,1
unacceptable,1
realz,1
hardworking,1
exhausted,1
creates,1
violation,1
zato,1
inherent,1
nighttime,1
katniss,1
candy,1
ge,1
faithful,1
2010s,1
albrecht,1
nicholson,1
likewise,1
scott,1
thisll,1
cuckoo,1
amy,1
proprofs,1
physic,1
margin,1
aeon,1
behalf,1
swirl,1
pigeonhole,1
sentiment,1
verything,1
spilled,1
getter,1
icee,1
exagerated,1
flight,1
amazes,1
professionally,1
charge,1
reynolds,1
supposedly,1
panic,1
cleaner,1
smacking,1
lashing,1
housewife,1
diamondeyes,1
include,1
oblivious,1
jamming,1
strategize,1
bender,1
repeated,1
prevalent,1
essentially,1
excessive,1
closer,1
boat,1
boa,1
unconcious,1
lucas,1
gene,1
cycle,1
bathroom,1
settled,1
ground,1
reconstruction,1
4minute,1
format,1
underestimate,1
apologise,1
bitten,1
grossed,1
substantial,1
maturity,1
chun,1
johansson,1
sausage,1
chinese,1
medium,1
mib,1
attain,1
scooter,1
zero,1
kava,1
wireslessy,1
myjazz,1
maple,1
april,1
shadashada,1
flightiness,1
5hrs,1
quicker,1
bearing,1
invest,1
gawd,1
stalin,1
illusion,1
diced,1
demi,1
ruined,1
donde,1
mlynn,1
nobunaga,1
jcf,1
shell,1
killer,1
familar,1
mermaid,1
baker,1
robbie,1
bestfriends,1
enhances,1
uninteresting,1
fiona,1
uncommon,1
cruise,1
vulnerable,1
havnet,1
dinged,1
lotta,1
apartment,1
ptds,1
reserved,1
deny,1
disjointed,1
surely,1
prefered,1
human72,1
gal,1
improperly,1
feasible,1
sifan,1
gaius,1
2x3,1
appearing,1
healthier,1
snob,1
suffers,1
award,1
kickball,1
risen,1
actress,1
eagle,1
immediate,1
trainwreck,1
civilian,1
floating,1
nit,1
ursella,1
licked,1
merit,1
downright,1
pastor,1
profound,1
hurrican,1
appliance,1
accustomed,1
castration,1
ridiculously,1
misha,1
mouse,1
ix92m,1
repetitive,1
defensive,1
whimsical,1
predictable,1
rarity,1
fulfill,1
switch,1
translation,1
pratchett,1
entertained,1
atm,1
ffix,1
beforehand,1
constant,1
questioner,1
blablalba,1
updated,1
qi,1
revenue,1
vie,1
tasty,1
audiobooks,1
earned,1
revised,1
tombstone,1
exemplary,1
pretended,1
twist,1
penguin,1
medicine,1
outrageous,1
goldie,1
mama,1
exclusion,1
truvy,1
savage,1
attracting,1
dread,1
fatigue,1
curve,1
numbing,1
duckling,1
egoless,1
conclusion,1
western,1
sickliness,1
prime,1
steal,1
unjust,1
judged,1
socialized,1
whaaaat,1
inconsiderate,1
kudos,1
kevin,1
sophisticated,1
approximation,1
fling,1
hurry,1
department,1
neurosis,1
effective,1
doritos,1
hypnosis,1
bush,1
tonsil,1
bikini,1
enigmatic,1
atamagasuita,1
distinct,1
clip,1
bone,1
justice,1
bully,1
brace,1
tennant,1
posse,1
tangled,1
technology,1
unknow,1
hannin,1
controlled,1
kingdom,1
promiscuous,1
hearted,1
ocean,1
payment,1
surface,1
insect,1
pelopra,1
ukraine,1
navy,1
brainiac,1
gmt,1
ehh,1
mwahaha,1
philosophy,1
sand,1
hater,1
map,1
relaxed,1
software,1
allow,1
crudely,1
hacker,1
kashi,1
terry,1
diamond,1
scroll,1
classroom,1
advocacy,1
paradox,1
hunting,1
aang,1
breed,1
certified,1
pringles,1
drove,1
formost,1
watchin,1
emphasis,1
rated,1
rrod,1
delve,1
euphoric,1
wistful,1
disease,1
suduce,1
max,1
productivity,1
specialization,1
timing,1
willis,1
clueless,1
pursuing,1
untrue,1
mundane,1
orgasm,1
resurrecting,1
quidditch,1
leela,1
wrpgs,1
fallacious,1
wooden,1
wxyz,1
lancelot,1
flew,1
ancestor,1
prickly,1
awkwardness,1
paradise,1
fitzgerald,1
confidence,1
forced,1
hetty,1
condescending,1
utmost,1
laughin,1
motorcycle,1
landslide,1
socialization,1
cosby,1
komodo,1
wake,1
rescuing,1
descending,1
kindred,1
store,1
truck,1
caught,1
chilli,1
broomstick,1
hobbit,1
unclean,1
assistance,1
paine,1
stalker,1
gain,1
julia,1
underrated,1
dancer,1
crown,1
sj,1
ahhhhhhhhhhhhhhhh,1
sneak,1
branchmonkey,1
microtransaction,1
aloof,1
cindrellas,1
mjs,1
hulme,1
matchmaking,1
enlighten,1
discarded,1
reassurance,1
tick,1
heartfelt,1
smother,1
smartest,1
antibody,1
artwork,1
donner,1
practicing,1
misguided,1
ff,1
dust,1
negatively,1
newspaper,1
x97,1
sads,1
immortal,1
feature,1
que,1
concrete,1
sexuality,1
fault,1
infinitely,1
manipulated,1
popped,1
confessing,1
lovable,1
elle,1
doer,1
silverware,1
gossiping,1
ixfx,1
sweatpants,1
collage,1
graduated,1
surrounded,1
giveaway,1
hindi,1
attraction,1
spiffy,1
tow,1
necessarly,1
tool,1
clea,1
polr,1
vet,1
cultivate,1
cept,1
readjust,1
fetched,1
gen,1
cracked,1
maker,1
denying,1
gullible,1
summed,1
cheerful,1
witnessed,1
maintain,1
attendance,1
bent,1
childish,1
natalie,1
persona,1
grocery,1
trillion,1
offline,1
despised,1
trope,1
needing,1
tolerant,1
theoretically,1
firefly,1
oyster,1
guacamole,1
gender,1
breakdown,1
wipe,1
ship,1
artemis,1
snare,1
tree,1
blackdog,1
embedded,1
gemini,1
worrying,1
whine,1
stepmom,1
backtrack,1
weapon,1
exaggerating,1
werent,1
idiot,1
unrealistic,1
worded,1
dy,1
bright,1
x85,1
formality,1
anticipating,1
anomaly,1
surf,1
sjs,1
funkydorae,1
absolutly,1
bpd,1
turbo,1
glass,1
exfx,1
adamant,1
personnality,1
jonneh,1
coldness,1
valiant,1
access,1
combined,1
minimizing,1
sub,1
seamaid,1
humm,1
fridge,1
intend,1
accent,1
smaller,1
pea,1
gosh,1
desperatly,1
contradictory,1
octave,1
andy,1
argentinean,1
duff,1
critisim,1
cheer,1
physiology,1
burn,1
evidence,1
campus,1
chicken,1
syrian,1
rican,1
duvall,1
accounting,1
recommended,1
elton,1
specify,1
batshit,1
nutella,1
androgynous,1
spéculé,1
personnalty,1
upfront,1
analogy,1
patronizing,1
mission,1
trilogy,1
blur,1
exotic,1
digital,1
reminds,1
intensifies,1
swtor,1
threw,1
capture,1
1x2,1
syrup,1
ep,1
alumnus,1
ofc,1
prison,1
beard,1
aka,1
inappropriately,1
easiest,1
neighborhood,1
rocket,1
bread,1
pride,1
resentment,1
nazi,1
fried,1
iness,1
ayyyyyy,1
esfpproblems,1
messed,1
pill,1
stfu,1
essential,1
tooth,1
stayed,1
atama,1
lynching,1
reign,1
obnoxious,1
anti,1
boi,1
ride,1
vent,1
homer,1
forbear,1
expressing,1
hl,1
inb4,1
upping,1
needa,1
defense,1
accurately,1
suspected,1
beyond,1
scottish,1
thatll,1
sorrysorry,1
bridge,1
realised,1
lexa,1
grieve,1
marijuana,1
rebellion,1
unhappily,1
naughty,1
jason,1
silence,1
doggedly,1
winebombs,1
kermit,1
align,1
thanked,1
implementation,1
fapping,1
anxious,1
tight,1
land,1
somoene,1
han,1
loneliness,1
nope,1
sbel90,1
uhh…anybody,1
freshman,1
train,1
wager,1
fell,1
overlook,1
maaaan,1
describing,1
romanticized,1
provides,1
dreamed,1
operate,1
wheee,1
ation,1
address,1
motivate,1
ummmmm,1
losing,1
restroom,1
villian,1
extraversion,1
distract,1
orientation,1
revisiting,1
fluctuating,1
lighter,1
tp,1
bonifide,1
skye,1
educated,1
uther,1
dolphin,1
hola,1
insult,1
katie,1
inexperienced,1
speed,1
stephen,1
jealousy,1
dependable,1
elysian,1
crocodile,1
michaelangelo,1
initially,1
mockingbird,1
bestiality,1
tritype,1
bye,1
thyroid,1
mentally,1
matured,1
handled,1
gutsy,1
raphelo,1
tiger,1
ili,1
talonia,1
comeback,1
aaand,1
delicious,1
bland,1
buddy,1
drowned,1
unclear,1
object,1
midget,1
cassie,1
befriend,1
bearer,1
flavour,1
swap,1
innate,1
cest,1
followed,1
madly,1
evaluate,1
vids,1
assert,1
stair,1
strangely,1
rut,1
importance,1
reggie,1
ran,1
broforce,1
blunt,1
survivory,1
army,1
montreal,1
cheapest,1
kesha,1
donut,1
sympathy,1
realisation,1
eternity,1
7kg,1
apologetics,1
election,1
comparison,1
heatwave,1
sur,1
flickr,1
lull,1
ssri,1
whack,1
offered,1
cinematic,1
paramedic,1
copying,1
alice,1
hungover,1
minion,1
bronerd,1
webcam,1
characterization,1
confined,1
preservation,1
drew,1
thumbup,1
wellnah,1
venue,1
signal,1
oughta,1
destruct,1
hamster,1
added,1
vanilla,1
accomodating,1
observer,1
creamy,1
industry,1
unbreakable,1
roar,1
touched,1
instinct,1
presumed,1
shall,1
tie,1
validating,1
bellamy,1
squid,1
alias,1
dragon,1
scattered,1
furious,1
mcnn4,1
respecting,1
partlycloudy,1
pitched,1
leadership,1
picking,1
interacted,1
mistype,1
currency,1
spotting,1
extravagant,1
trivia,1
fallen,1
cws,1
deaf,1
clipper,1
parody,1
princess,1
electric,1
yeap,1
cranked,1
sassiness,1
titty,1
classify,1
adaptable,1
ixtj,1
workout,1
commentary,1
applies,1
rhys,1
omagad,1
expected,1
bet,1
suckish,1
mid,1
bienvenido,1
mentor,1
bday,1
bengalcat,1
cell,1
probs,1
catherine,1
depth,1
temporary,1
breaker,1
refuse,1
hows,1
mandatory,1
aura,1
simpler,1
desperate,1
european,1
gospel,1
continues,1
national,1
blow,1
anal,1
jumping,1
loathe,1
estppreference,1
regaining,1
chucky,1
irrational,1
spontaneity,1
ignorant,1
min,1
unhealthy,1
assuming,1
cage,1
unwind,1
greatly,1
textbook,1
ack,1
judgment,1
economics,1
sheldon,1
county,1
scotland,1
typhoon,1
relating,1
disregarded,1
handheld,1
wound,1
coolest,1
bullied,1
threatened,1
motörhead,1
underestimated,1
cheesecake,1
traveling,1
burrrday,1
rejection,1
guilty,1
picturing,1
dennis,1
goddamn,1
ile,1
nevermind,1
tube,1
laundry,1
allows,1
bungling,1
spill,1
implication,1
lee,1
spatial,1
apocalypse,1
kokiri,1
extravert,1
blaring,1
5w4,1
whhaaaat,1
fisher,1
playground,1
tension,1
siu200b,1
error,1
cookie,1
dramatically,1
minimize,1
pernoctator,1
indicates,1
neurotic,1
teoretically,1
ache,1
hitched,1
underdog,1
tolerates,1
timer,1
romance,1
baptist,1
apothean,1
indicator,1
olympics,1
jeremy,1
plane,1
fool,1
rousing,1
buzz,1
seeker,1
replace,1
targeting,1
respectful,1
platonic,1
chubby,1
dis,1
master,1
cocaine,1
graph,1
zen,1
slapstick,1
procrastinator,1
disgust,1
skype,1
projection,1
devious,1
beside,1
cooked,1
clever,1
begun,1
kurt,1
detest,1
tl,1
variant,1
ba,1
msn,1
verbal,1
insecure,1
strategy,1
communicates,1
oral,1
beater,1
arsed,1
mzku,1
corresponds,1
cinnamon,1
horsemanship,1
chaotic,1
chunky,1
february,1
ben,1
ip,1
deserved,1
doping,1
trina,1
marshall,1
wotsits,1
goodnight,1
rejected,1
accountability,1
sturdiness,1
hazel,1
prof,1
cringe,1
succeedsocially,1
grandly,1
nonfiction,1
actualize,1
whatre,1
personalisation,1
castle,1
hypervigilant,1
postsecret,1
stats,1
extrem,1
membership,1
misanthropy,1
christ,1
appropriate,1
invite,1
peppy,1
decrying,1
grating,1
misread,1
xl,1
hypothetical,1
fashioned,1
almondmilk,1
marathoning,1
curly,1
articulate,1
nitty,1
neatly,1
satirical,1
stewart,1
niceness,1
staple,1
whooohooo,1
mindedness,1
yak,1
morgause,1
babay,1
dinner,1
resounded,1
assertive,1
higher,1
premise,1
inbetweeners,1
junior,1
assignment,1
showering,1
modestly,1
cried,1
costello,1
peace,1
rx,1
formula,1
farnsworth,1
dishonorable,1
congratulation,1
auxiliary,1
suffered,1
boil,1
insecurity,1
gold,1
forest,1
confuses,1
intentional,1
gee,1
poppinss,1
draining,1
fulfilling,1
ahh,1
graduating,1
attacking,1
twisted,1
abuse,1
staff,1
intensely,1
athos,1
imply,1
heap,1
bordering,1
ahlicks,1
eatin,1
commute,1
clover,1
writer,1
icecream,1
bologna,1
cheat,1
farmer,1
noble,1
burtation,1
leo,1
esi,1
sa,1
durr,1
death,1
sofa,1
taupins,1
compare,1
headache,1
tiny,1
owen,1
mesh,1
zookeeper,1
barrier,1
heaven,1
spectrum,1
rainbow,1
retaining,1
xstp,1
bewbies,1
mistakenly,1
tournament,1
base,1
reminding,1
troll,1
deflated,1
forging,1
gel,1
overwhelming,1
qingdom,1
whistle,1
narcissist,1
seat,1
orihara,1
pile,1
handsome,1
dip,1
develop,1
guardian,1
cosmic,1
validity,1
airing,1
pissing,1
intrested,1
lose,1
bell,1
protecting,1
analyzer,1
rush,1
blind,1
muddy,1
pocket,1
june,1
sombrero,1
huffing,1
extend,1
morse,1
surprisingly,1
luminary,1
garlic,1
notorious,1
nebula,1
muppet,1
victim,1
unsuspecting,1
mgtow,1
skull,1
hypocrisy,1
yondu,1
hmmmmmm,1
fxxk,1
cuteness,1
veronica,1
lust,1
framework,1
marathon,1
sleeve,1
explaining,1
arty,1
dick,1
ufff,1
michigan,1
mtbis,1
critically,1
carpenter,1
mellie,1
leap,1
involve,1
salted,1
annoys,1
interestingly,1
plausible,1
fiery,1
attained,1
balloon,1
introspective,1
cooling,1
lightly,1
thingys,1
un,1
greet,1
entrepreneur,1
goofy,1
underage,1
river,1
method,1
definetely,1
tanstaafl28,1
texture,1
return,1
riiight,1
bonkers,1
invasion,1
amazon,1
samesies,1
machine,1
climbing,1
enfjs,1
psycho,1
tert,1
amusement,1
highclasssavage,1
pitt,1
kingslayer,1
principle,1
yorkie,1
amphetamine,1
auditory,1
vii,1
falsely,1
pneumoceptor,1
associate,1
lana,1
perfected,1
stating,1
loiuse,1
classical,1
rode,1
implies,1
illiterate,1
xxfjs,1
vibrato,1
tickling,1
suffocated,1
tran,1
therere,1
chan,1
associated,1
deprive,1
ring,1
alberta,1
disturbing,1
talkativeness,1
glanced,1
samwell,1
ziva,1
staffan,1
youth,1
satisfied,1
heartbeat,1
advic,1
pud,1
recognition,1
hugely,1
moan,1
shadow,1
eccleston,1
groundbreaking,1
bore,1
mccain,1
nichirenwarrior,1
heritage,1
shrug,1
amazed,1
resemble,1
fate,1
python,1
relieved,1
phlegmatic,1
temporarily,1
frenemy,1
exterior,1
invincible,1
chump,1
paint,1
archivist,1
composer,1
primal,1
bouncing,1
emoticon,1
doublemasked,1
firefighter,1
restless,1
anticlimactic,1
statistic,1
convinced,1
programmed,1
escalate,1
lucille,1
fixture,1
insterested,1
consideration,1
tickled,1
sincere,1
devoid,1
bloodstream,1
ect,1
addiction,1
gots,1
eastenders,1
relax,1
led,1
inquisition,1
goddamnit,1
henrietta,1
monger,1
inhaling,1
alarm,1
divisive,1
espanol,1
consequently,1
waving,1
stretch,1
sung,1
ratio,1
appeared,1
inxj,1
entry,1
bliss,1
bbq,1
savoury,1
confirm,1
happiness,1
partway,1
decorate,1
istps,1
friendly,1
ea,1
w007,1
quebec,1
girly,1
penis,1
alleyway,1
unstressed,1
innocent,1
friending,1
hormone,1
causation,1
kimmy,1
gintama,1
supposedu200b,1
unnecessarily,1
double,1
affected,1
justify,1
assertion,1
powerless,1
provocatively,1
purchase,1
centered,1
moriarty,1
leather,1
steam,1
pry,1
tutoring,1
bragging,1
fortunate,1
aubs,1
pointer,1
cannon,1
betty,1
volume,1
dining,1
carrie,1
comic,1
liver,1
packed,1
sheet,1
twin,1
thunder,1
emailing,1
lowkey,1
grandparent,1
cyberpunk,1
lawful,1
block,1
congratualtions,1
lay,1
manfred,1
chrysantheist,1
twisting,1
perform,1
socialist,1
hammered,1
ygritte,1
nearest,1
energetic,1
united,1
topographical,1
therapist,1
dirt,1
drowning,1
abuser,1
troublemaker,1
helloe,1
philosophical,1
kapoor,1
stab,1
stimulus,1
watcher,1
crumble,1
remembered,1
drown,1
eveyone,1
outward,1
presentation,1
deftones,1
withdrawal,1
suicide,1
3w2also,1
trash,1
norwood,1
taker,1
torus,1
grateful,1
biggs,1
outlook,1
william,1
jone,1
humped,1
mizz,1
typically,1
fait,1
spouting,1
compose,1
xoxoxoxixhks,1
visit,1
funnier,1
doe,1
pebble,1
tank,1
roll,1
mock,1
yeess,1
brighten,1
murdering,1
ps4,1
donna,1
groot,1
extract,1
survivor,1
sacred,1
anemic,1
nosed,1
native,1
budgeting,1
arising,1
spreadsheet,1
paypal,1
xx,1
signing,1
neck,1
protective,1
egocentric,1
natalia,1
leftist,1
absurd,1
kate,1
specie,1
discyuhbleh,1
pot,1
woosh,1
vaporizer,1
mccoys,1
rabble,1
pi,1
mouthed,1
emulator,1
tour,1
streamlined,1
dora,1
display,1
obsession,1
slightest,1
harmless,1
constructed,1
guaranteed,1
coordinator,1
aside,1
ntps,1
galaxy,1
portman,1
lloydy,1
inconvenience,1
zeroing,1
jugginess,1
dk,1
distracted,1
geographical,1
prevent,1
teh,1
simpson,1
distress,1
mommy,1
stronger,1
meatball,1
android,1
coarse,1
harry,1
wwii,1
freema,1
indeed,1
fancy,1
favour,1
nicely,1
consulted,1
stomach,1
elephante,1
sucker,1
angrier,1
andf,1
def,1
cucumber,1
cp,1
rice,1
bubble,1
watt,1
strangest,1
phenomenal,1
envision,1
clockwork,1
u200bno,1
clock,1
carl,1
racism,1
peaked,1
rider,1
schmidt,1
greed,1
emmett,1
saunders,1
infancy,1
debating,1
em,1
smoothie,1
repressed,1
regenerated,1
sensei,1
maan,1
spinach,1
police,1
bisexual,1
pcafe,1
x96,1
liontiger,1
shove,1
russell,1
puffing,1
hah,1
workload,1
privilege,1
winslet,1
utena,1
football,1
familiarity,1
waking,1
beastie,1
misty,1
dramedy,1
observe,1
mahogany,1
avoiding,1
amazingly,1
nuttiest,1
aw,1
hybrid,1
belong,1
holliday,1
sam,1
likelihood,1
daenerys,1
pal,1
dated,1
knock,1
continuously,1
lip,1
invisibility,1
marino,1
anywaysss,1
morgana,1
account,1
cricket,1
speculation,1
ou,1
tomboyish,1
gilmore,1
admits,1
lackadaisical,1
pancaketreehouse,1
gracias,1
disturbed,1
jive,1
picky,1
battery,1
oil,1
deception,1
mortal,1
antrist,1
court,1
hockey,1
organise,1
agenda,1
forwardly,1
yay,1
airy,1
hike,1
memorize,1
ldr,1
disavowed,1
morana,1
stj,1
doh,1
bahahaha,1
glowy,1
jenny,1
squished,1
sli,1
crisis,1
programming,1
voted,1
cartoonist,1
flab,1
massacre,1
radius,1
reader,1
stylish,1
exhausting—but,1
clarke,1
temp,1
ixfp,1
motivated,1
strengthfinder,1
follower,1
chatty,1
ughhhh,1
wuss,1
yammered,1
training,1
wee,1
cautious,1
frankenstein,1
gameplay,1
consequence,1
fowl,1
unable,1
bask,1
feewings,1
minority,1
nuff,1
seretonin,1
cruelty,1
thered,1
loosest,1
shirt,1
electronic,1
rose,1
adult,1
drenched,1
interpret,1
tab,1
economically,1
committing,1
merlin,1
slutty,1
remark,1
powershell,1
pitied,1
sample,1
fascinated,1
passive,1
hadnt,1
consensus,1
heartache,1
asks,1
comittment,1
affair,1
gibbs,1
ultranumb,1
tear,1
convince,1
ixtp,1
satisfying,1
route,1
nickname,1
appetitie,1
partake,1
arrogance,1
grandaaad,1
aisle,1
happyness,1
bohemian,1
esxj,1
wh1zkey,1
taller,1
eminem,1
kareena,1
league,1
curled,1
uneasy,1
personalitypage,1
oreo,1
solitude,1
exfps,1
barcelona,1
typingneko,1
hesitant,1
1km,1
telltale,1
divorce,1
applied,1
haz,1
advocate,1
tunnel,1
benefit,1
downloaded,1
timezones,1
murder,1
serait,1
terresh,1
rey,1
overstressed,1
luky,1
fma,1
ana,1
flavor,1
web,1
estimate,1
kohi,1
tote,1
knight,1
obscure,1
dislexic,1
stumped,1
haaaaaaaaaaaa,1
weather,1
poisoned,1
tone,1
fill,1
yax85,1
ambitious,1
gq,1
aoutch,1
net,1
musical,1
queen,1
hk,1
ethnicity,1
apthy,1
beck,1
artistic,1
attracts,1
adorable,1
adam,1
sexism,1
staring,1
tangible,1
lovely,1
mkay,1
boldness,1
percs,1
rewarding,1
fails,1
amd,1
exsps,1
mentality,1
growth,1
passionate,1
occasional,1
elctoral,1
prejudice,1
praticiens,1
dissing,1
whydeo,1
stem,1
law,1
forcing,1
ohhh,1
landscape,1
slide,1
preschool,1
relevance,1
storytelling,1
psychological,1
hidden,1
opera,1
inspire,1
hermes,1
taysian,1
slacker,1
crotch,1
psychotic,1
figured,1
preferring,1
seeking,1
indirectly,1
winner,1
colleague,1
hahahahahah,1
shepherd,1
shock,1
chainmail,1
lexical,1
oohhhhhhh,1
morrigan,1
shower,1
affinity,1
weigh,1
maher,1
discus,1
consent,1
distinguish,1
oppa,1
mile,1
neutral,1
clairee,1
providing,1
carried,1
thumbnail,1
shiny,1
piggy,1
grohl,1
tidbit,1
andre,1
oooops,1
nest,1
banshee,1
perceives,1
item,1
lunar,1
tate,1
expectation,1
expecting,1
targeted,1
bc,1
unlikely,1
narcissistic,1
afterwards,1
knocked,1
wrpg,1
author,1
authenticity,1
calvi,1
severity,1
socially,1
egg,1
idealism,1
memo,1
humorous,1
compressed,1
zidler,1
95lbs,1
leslie,1
direction,1
sing,1
squad,1
orientated,1
raphael,1
mating,1
16personalities,1
coldlight,1
horribly,1
advise,1
amanda,1
commonly,1
coaster,1
outwards,1
itching,1
model,1
lad,1
incarnation,1
snoring,1
dre,1
player,1
prize,1
tosh,1
hall,1
uniformly,1
ipod,1
contest,1
compass,1
dreary,1
prequel,1
mutant,1
warner,1
statham,1
obtain,1
wood,1
uhh,1
winded,1
grammar,1
puberty,1
encouragement,1
administrative,1
harold,1
inconsequential,1
pissy,1
slut,1
vivian,1
lovato,1
homophobe,1
overestimated,1
unsettling,1
midst,1
fantasy,1
batman,1
roller,1
wolfzones,1
rough,1
welfare,1
energize,1
riding,1
monroe,1
jet,1
lifelong,1
jana,1
behavoir,1
testosterone,1
pimped,1
farming,1
jewelry,1
wahhahahaa,1
wickerdeer,1
producer,1
durarara,1
texted,1
treading,1
pero,1
penny,1
dignity,1
redundant,1
discussing,1
hunggry,1
imbb,1
aubby,1
uds,1
incapable,1
whatsoever,1
zzz,1
displeasure,1
survive,1
basis,1
delicatefrench,1
sounding,1
satisfies,1
xxx,1
considerably,1
mah,1
corner,1
homework,1
grabbing,1
lifestyle,1
lgbt,1
denver,1
reassuring,1
apirl,1
sharper,1
universally,1
tortilla,1
whiney,1
toooons,1
cheesy,1
aesthetic,1
edited,1
foggy,1
expletive,1
degrading,1
supplement,1
wohoooo,1
sinking,1
cook,1
archetype,1
liberal,1
inattentive,1
ruffalo,1
severe,1
fluffy,1
prep,1
playstation,1
mushroom,1
racing,1
momsen,1
duty,1
symbol,1
meep,1
poetry,1
demeaning,1
measure,1
procratinator,1
loveable,1
advantage,1
deserves,1
screwloose,1
doll,1
fly,1
ib,1
blaine,1
sal,1
throwing,1
tape,1
lelu,1
interning,1
assessment,1
awesomeness,1
divide,1
literature,1
deeply,1
bellarke,1
indecisive,1
flirtatious,1
nabari,1
armour,1
parker,1
melt,1
freakin,1
passing,1
trap,1
xnfj,1
infraction,1
rugrats,1
kicked,1
ericb,1
lifetime,1
soft,1
insulting,1
pillow,1
individuality,1
proximity,1
ouch,1
square,1
secondary,1
loose,1
esfp7,1
final,1
truthfully,1
island,1
designated,1
runner,1
rent,1
scientist,1
reception,1
nujabes,1
workshop,1
ont,1
suspect,1
implied,1
blink,1
browsing,1
oppressive,1
audible,1
traveler,1
overanalyze,1
affectionate,1
bandz,1
someday,1
cleanliness,1
eos,1
humiliated,1
verbally,1
wrath,1
baron,1
google,1
outfit,1
cake,1
bolded,1
wicked,1
unknown,1
thrown,1
portuguese,1
cia,1
describes,1
organic,1
pullover,1
potentially,1
pointed,1
email,1
mario,1
aight,1
gnome,1
osp,1
freaking,1
gryffindor,1
app,1
scientifical,1
rarest,1
overdo,1
similarity,1
jackie,1
tossin,1
commitment,1
ageeeees,1
trans,1
race,1
whey,1
massive,1
imbalance,1
billion,1
sheetrock,1
definity,1
charmed,1
southern,1
subforum,1
th,1
jeez,1
wolverine,1
license,1
sell,1
classified,1
mint,1
walnut,1
awareness,1
invested,1
samuel,1
quiestion,1
pness,1
pre,1
showed,1
runaround,1
zuko,1
outspoken,1
generalized,1
dreading,1
intuitives,1
prank,1
driven,1
thrive,1
confess,1
appreciation,1
utopia,1
laughed,1
badgering,1
clean,1
db11,1
bernie,1
ixxj,1
destruction,1
naivety,1
naw,1
pepsi,1
ffi,1
pegging,1
proactive,1
von,1
belly,1
cop,1
subconscious,1
ferreira,1
closet,1
instill,1
caution,1
credible,1
centerpiece,1
diagnosed,1
characteristic,1
impressive,1
acquired,1
theon,1
studier,1
searched,1
humourless,1
varies,1
richthofen,1
believing,1
todd,1
aspies,1
theyll,1
hypochondriac,1
reprs,1
lumineers,1
tennis,1
angered,1
titled,1
ianto,1
warmth,1
phrased,1
wuthering,1
platorepublic,1
designed,1
mummy,1
restraining,1
dunkin,1
kintsugi,1
monster,1
ummon,1
fis,1
piggybacking,1
runty,1
whig,1
octavia,1
buttery,1
callahan,1
itch,1
pleased,1
dipped,1
demonstrated,1
gorgeous,1
caved,1
fbi,1
mmos,1
contradict,1
corn,1
overtime,1
unmarried,1
mgmt,1
row,1
scrable,1
peach,1
compelled,1
commission,1
guinness,1
bourgeois,1
groovyshamrock,1
hurried,1
grind,1
shag,1
rationalizing,1
badc,1
crusher,1
deserving,1
projected,1
progressing,1
brutal,1
patriotism,1
correlate,1
main,1
scout,1
lab,1
boob,1
enthusiast,1
dictated,1
med,1
lounge,1
reputable,1
prediction,1
plotline,1
brave,1
debbie,1
limb,1
yas,1
shattering,1
somethin,1
tesco,1
convert,1
destription,1
scarlett,1
begged,1
violent,1
naaaah,1
gasp,1
unlocked,1
grizzly,1
hilariously,1
september,1
somedaydream,1
alienate,1
themandinator,1
muchado,1
begs,1
gaining,1
predisposed,1
disintegration,1
heavenly,1
transitional,1
selflessness,1
xnfp,1
depict,1
arranges,1
foreign,1
demon,1
literary,1
bickering,1
peeve,1
radical,1
blye,1
2ds,1
evolving,1
ripped,1
libertarian,1
aversion,1
obstacle,1
lanky,1
ziggurat,1
gallon,1
cheeky,1
pronounced,1
iron,1
sauce,1
trivial,1
mysterious,1
unstable,1
owell,1
callen,1
steve,1
sizing,1
intraverted,1
wore,1
intact,1
responded,1
showtime,1
bathwater,1
quoted,1
flirty,1
ftr,1
dump,1
yaall,1
abstractly,1
bookshelf,1
ahahahahahahahaha,1
waver,1
disordered,1
coordinated,1
toilette,1
unlicensed,1
moth,1
helloooo,1
nurture,1
ugly,1
loyal,1
jrpg,1
schizophrenia,1
refined,1
punjabi,1
clerk,1
cave,1
fudge,1
trapped,1
developp,1
secret,1
arkham,1
ay,1
ruled,1
bud,1
dive,1
integration,1
frog,1
bean,1
wisdom,1
interviewer,1
eyelash,1
rapper,1
psyche,1
gained,1
vid,1
ticked,1
overly,1
immoral,1
mann,1
voltaic,1
citation,1
captain,1
oat,1
edgy,1
floyd,1
supervision,1
preemptive,1
robot,1
fb,1
oww,1
maze,1
homeschooling,1
blanket,1
uniquely,1
sfj,1
telemarketer,1
comma,1
adding,1
derived,1
addressing,1
complaint,1
bruges,1
cheater,1
dance,1
formulating,1
custom,1
dismiss,1
deceptive,1
shown,1
defined,1
construction,1
sour,1
mediterranean,1
offering,1
verecreperum,1
mutation,1
goodbye,1
rip,1
crawl,1
p5110,1
solve,1
hopeful,1
geez,1
walrus,1
excerpt,1
treebob,1
eoin,1
cynthia,1
kiff,1
sled,1
lamp,1
reward,1
ruthie,1
resource,1
fewer,1
ennegrame,1
lingerie,1
blessed,1
nikki,1
cheeseballs,1
sorta,1
simply,1
featured,1
accepting,1
alcoholic,1
13th,1
shyness,1
persuing,1
gangnam,1
daydreaming,1
universal,1
appointment,1
ironic,1
libido,1
nostalgia,1
delivery,1
slytherin,1
cottage,1
predictible,1
whereas,1
divergence,1
wasp,1
cent,1
screwing,1
intx,1
prey,1
forming,1
engaging,1
irl,1
supernatural,1
tricking,1
india,1
mycroft,1
trippy,1
possiblyscrabble,1
gentlemanly,1
failing,1
range,1
hanna,1
philosophically,1
festive,1
loner,1
shrink,1
colombian,1
argh,1
identified,1
eldest,1
strongest,1
hullo,1
quill,1
poet,1
compassion,1
acknowledge,1
gustatory,1
empathized,1
depressing,1
dimple,1
infatuated,1
clexa,1
prepare,1
ixxp,1
acquire,1
hobby,1
utilize,1
decade,1
elderberry,1
thatre,1
hopeless,1
͜ʖ,1
overrated,1
finanically,1
heightened,1
schizoid,1
charged,1
barred,1
freely,1
lush,1
rebellious,1
ignorance,1
pathetic,1
majoring,1
basketball,1
jerry,1
katzulli,1
eyed,1
kart,1
toying,1
recurring,1
porch,1
innocence,1
kensi,1
villians,1
enneatype,1
conducting,1
trolling,1
market,1
lion,1
coldnobility,1
hazard,1
sudden,1
calculate,1
eyesopen,1
rising,1
aiming,1
bow,1
marksman,1
discriminating,1
intellectually,1
renner,1
malicious,1
auby,1
strip,1
vacuum,1
honey,1
casually,1
nonsense,1
cerebral,1
melted,1
deprivation,1
north,1
chippy,1
flirting,1
convos,1
ot,1
mindfulness,1
chatroom,1
maximl,1
muse,1
usage,1
aching,1
dolla,1
derp,1
brownie,1
travel,1
product,1
metaphysical,1
element,1
sanguine,1
marylin,1
globe,1
je,1
downer,1
brightflashes,1
recoup,1
richard,1
intellect,1
nostalgic,1
hide,1
introvertian,1
housefly,1
sfp,1
xxfps,1
nibbler,1
playfulness,1
thesis,1
review,1
cox,1
dolalli,1
detective,1
rooted,1
peeta,1
materialistic,1
zulban,1
fakeness,1
colfer,1
bang,1
bueno,1
bitchy,1
harvest,1
extrovertit,1
accomplished,1
sociopath,1
complementary,1
drum,1
sociable,1
williams,1
rpgs,1
extps,1
inch,1
spite,1
jd,1
cinema,1
grandmother,1
izombie,1
tbsp,1
seinfeld,1
izaya,1
ledge,1
blatantly,1
daytrip,1
stereotypic,1
finale,1
hiya,1
persay,1
del,1
participating,1
stack,1
escapee,1
crimewatch,1
dion,1
dareson,1
buffet,1
passage,1
turtle,1
arthur,1
notation,1
diminishing,1
meirsho,1
hardest,1
espionage,1
asia,1
skin,1
steel,1
lange,1
afghan,1
sprinkle,1
ahhh,1
mantis,1
hed,1
hillary,1
perspective,1
ron,1
urien,1
colored,1
crossed,1
george,1
eco,1
dreamer,1
extraordinary,1
redo,1
sinfully,1
alter,1
af,1
overanayse,1
speculated,1
seeg,1
grounded,1
assault,1
daddy,1
elaborate,1
wholesome,1
sky,1
sears,1
success,1
duke,1
woo,1
designer,1
linebacker,1
salt,1
burned,1
closed,1
exfj,1
invited,1
gut,1
terminology,1
aide,1
gluten,1
contender,1
rhapsody,1
radiohead,1
agyeman,1
wolf,1
musician,1
cleared,1
dentist,1
rebel,1
ranting,1
atla,1
babymetal,1
rub,1
articulated,1
distracting,1
scared,1
nabbit,1
offs,1
sword,1
thorough,1
tropicana,1
genetic,1
antartica,1
meme,1
ulysses,1
mix,1
happythoughts,1
undeveloped,1
rec,1
flyswatter,1
rationalize,1
revisit,1
increasing,1
vein,1
bird,1
lain,1
iv,1
neoliberal,1
carp,1
presumption,1
mulling,1
chiiips,1
hire,1
sooooo,1
huck,1
held,1
chick,1
zoidberg,1
cking,1
particle,1
arbitrary,1
uhhh,1
fourtines,1
okcupid,1
intimidated,1
popinjay,1
foolproof,1
geared,1
lottery,1
progression,1
swimming,1
fog,1
solo,1
adapt,1
spy,1
mentioning,1
menace,1
quarter,1
certains,1
minimum,1
culturally,1
elegance,1
slip,1
schooling,1
database,1
landing,1
sweetthoughtful,1
lover,1
moreso,1
infx,1
rat,1
burrito,1
camaro,1
marimeli,1
veg,1
prequels,1
frame,1
anywhy,1
sits,1
iz,1
