,0
im,344
like,275
think,245
dont,241
people,219
one,203
know,170
would,168
thing,165
estj,163
type,142
get,141
time,137
really,130
say,123
want,121
well,119
make,110
friend,108
ive,103
love,102
something,97
see,95
http,94
way,93
much,90
feel,82
need,82
lot,81
never,80
good,79
life,78
always,78
guy,75
find,75
even,74
someone,74
go,72
estjs,71
work,71
year,69
going,67
best,65
first,65
sure,64
could,64
take,63
thats,61
person,60
relationship,60
yes,59
right,59
said,59
mean,59
ill,58
tell,57
also,55
infp,54
read,53
agree,52
doesnt,51
though,51
youre,50
actually,49
day,49
cant,49
post,49
question,48
feeling,47
since,47
enfp,47
still,47
id,46
pretty,45
hundred,44
point,44
might,44
lol,44
didnt,44
personality,44
probably,43
look,43
thought,43
two,43
thread,43
got,42
try,41
let,41
idea,41
give,40
many,40
new,40
forum,40
entj,40
anything,40
help,39
come,39
back,38
believe,38
thanks,38
problem,36
long,36
done,35
better,35
understand,34
thank,34
usually,34
around,34
ever,34
others,34
may,33
made,33
true,33
stuff,33
talking,33
kind,33
sorry,32
hard,32
however,32
test,32
care,32
seems,31
everything,31
quite,31
use,31
maybe,31
wrong,31
world,31
anyone,31
little,30
istj,30
talk,30
sometimes,29
interesting,28
tend,28
eagle,28
experience,28
oh,28
thousand,27
part,27
posh,27
last,27
mind,27
getting,27
definitely,27
saying,27
thinking,27
fun,27
please,27
reading,27
sound,26
nice,26
every,26
situation,26
family,26
girl,26
else,25
school,25
guess,25
reason,25
change,25
either,25
intj,25
enough,24
isfp,24
fact,24
bit,24
different,24
trying,24
everyone,24
sense,24
le,24
intp,24
value,24
met,24
put,24
found,23
entp,23
wouldnt,23
game,23
infj,23
often,23
especially,23
wanted,23
wont,23
wow,23
ask,23
week,23
istp,23
nothing,22
must,22
real,22
bad,22
become,22
sort,22
co,22
xd,22
close,22
used,22
mbti,21
funny,21
estp,21
book,21
three,21
live,21
looking,21
already,21
child,21
answer,21
another,20
esfj,20
open,20
course,20
favorite,20
happy,20
call,20
yr,20
without,20
word,20
haha,20
end,19
recently,19
whatever,19
far,19
society,19
based,19
rather,19
forty,19
seem,19
movie,19
show,19
fi,19
hate,19
depends,19
sex,18
exactly,18
able,18
place,18
least,18
keep,18
remember,18
start,18
instead,18
ok,18
hope,18
stay,18
self,18
shes,18
watch,18
man,18
personally,18
ne,17
money,17
unless,17
goal,17
opinion,17
seven,17
conversation,17
play,17
high,17
hey,17
kid,17
function,17
mom,17
human,17
great,17
enfj,17
esfp,17
yeah,17
four,17
asking,16
hand,16
although,16
cry,16
thirty,16
working,16
totally,16
fe,16
topic,16
seeing,16
welcome,16
plan,16
generally,16
month,16
na,16
speak,16
alone,16
hi,16
anyway,16
seriously,16
completely,16
laughing,16
enjoy,16
almost,15
learn,15
te,15
theyre,15
peer,15
site,15
control,15
art,15
ni,15
havent,15
seen,15
felt,15
strong,15
argument,15
eight,15
matter,15
big,15
isnt,15
female,15
spent,15
glad,15
job,15
wish,15
sister,15
order,14
stand,14
si,14
stupid,14
whole,14
free,14
ago,14
whether,14
issue,14
truth,14
list,14
parent,14
drink,14
write,14
consider,14
certain,14
difference,14
away,14
troll,14
hear,14
example,14
mostly,14
weird,14
music,14
date,14
likely,13
response,13
energy,13
woman,13
class,13
appreciate,13
general,13
deal,13
video,13
twenty,13
trust,13
cool,13
sleep,13
heard,13
perhaps,13
using,13
mine,13
english,13
father,13
relate,13
isfj,13
awesome,13
stop,13
along,13
group,13
laugh,13
level,13
enneagram,13
mother,13
gon,13
meet,13
picture,13
past,12
interest,12
bed,12
case,12
youve,12
trump,12
side,12
etc,12
decision,12
buy,12
fellow,12
known,12
male,12
term,12
taking,12
important,12
home,12
late,12
wasnt,12
respect,12
second,12
took,12
name,12
finding,12
honest,12
head,12
hurt,12
heart,12
truly,12
couple,12
making,12
realize,12
infjs,12
brother,11
lead,11
house,11
ex,11
full,11
share,11
degree,11
rule,11
science,11
dad,11
fit,11
absolutely,11
behavior,11
together,11
sx,11
later,11
avatar,11
men,11
country,11
mr,11
happens,11
text,11
huge,11
nine,11
enfps,11
kiss,11
line,11
wonder,11
future,11
lie,11
coffee,11
attention,11
fine,11
ten,11
similar,11
confused,11
figure,11
emotional,11
old,11
waste,11
behind,11
wrote,10
spend,10
difficult,10
member,10
power,10
leave,10
thanx,10
yet,10
language,10
writing,10
posted,10
easy,10
left,10
liked,10
pain,10
hold,10
personal,10
next,10
perc,10
break,10
set,10
ya,10
went,10
state,10
wait,10
serious,10
low,10
bird,10
obvious,10
tired,10
advice,10
check,10
infps,10
told,10
emotion,10
act,10
today,10
several,10
perfect,10
single,10
eye,10
husband,10
sport,10
3w2,10
humor,10
youd,10
night,10
suggest,10
explain,10
arent,10
obviously,10
happen,10
busy,9
anymore,9
entps,9
notice,9
red,9
tv,9
simply,9
extremely,9
noticed,9
match,9
interested,9
except,9
telling,9
fear,9
honestly,9
crazy,9
started,9
page,9
meant,9
drive,9
turn,9
pick,9
estps,9
saw,9
fast,9
result,9
fall,9
special,9
step,9
sp,9
simple,9
online,9
marry,9
ninety,9
hug,9
career,9
law,9
wear,9
logic,9
istjs,9
ur,9
hanging,9
logical,9
death,9
taken,9
ah,9
god,9
business,9
wat,9
nt,9
action,9
queen,9
move,9
organized,9
super,9
express,9
number,9
ap,9
american,9
option,8
imagine,8
tried,8
bos,8
comment,8
anybody,8
meaning,8
pay,8
rarely,8
photo,8
proud,8
fifty,8
study,8
joined,8
join,8
intjs,8
add,8
hour,8
process,8
quality,8
offer,8
literally,8
brain,8
hav,8
finally,8
extra,8
studying,8
accept,8
rest,8
run,8
top,8
french,8
character,8
constantly,8
clean,8
prefer,8
deep,8
half,8
assumption,8
math,8
learning,8
ppl,8
uk,8
aggressive,8
asked,8
agreed,8
tongue,8
common,8
title,8
creative,8
joke,8
towards,8
university,8
create,8
short,8
shirt,8
none,8
early,8
upset,8
hahaha,8
dream,8
edit,8
confident,8
connection,8
social,8
playing,7
six,7
cut,7
boring,7
everybody,7
giving,7
description,7
opposed,7
considered,7
kinda,7
black,7
worse,7
gut,7
body,7
abt,7
practical,7
bored,7
developed,7
living,7
reaction,7
marriage,7
curious,7
tattoo,7
internet,7
accurate,7
aware,7
voice,7
mentioned,7
somewhere,7
stage,7
sixteen,7
hell,7
nf,7
ti,7
came,7
college,7
car,7
quote,7
dear,7
amount,7
listen,7
given,7
annoy,7
feeler,7
phone,7
perfectly,7
profile,7
info,7
couldnt,7
food,7
system,7
speaking,7
worth,7
eat,7
activity,7
excellent,7
easily,7
watching,7
dating,7
within,7
negative,7
disagree,7
married,7
judging,7
website,7
board,7
perspective,7
boyfriend,7
normal,7
possible,7
reality,7
form,7
setting,7
view,7
apparently,7
core,7
trouble,7
song,7
image,7
reply,7
attempt,7
surprised,7
send,7
incredibly,7
compliment,7
happened,7
weve,7
support,7
intuitive,7
sad,7
se,7
dislike,7
direct,7
username,7
attractive,7
annoyed,7
depressed,7
football,7
theory,7
apart,6
follow,6
messing,6
hopefully,6
passive,6
related,6
field,6
hole,6
amazing,6
hmm,6
handle,6
bother,6
sj,6
clear,6
gone,6
useful,6
random,6
user,6
nfs,6
starting,6
hello,6
alright,6
nobody,6
ignore,6
depression,6
draw,6
running,6
twelve,6
hide,6
design,6
assume,6
lonely,6
letter,6
present,6
biggest,6
becoming,6
claim,6
angry,6
growing,6
wonderful,6
shy,6
positive,6
exact,6
loved,6
walk,6
directly,6
company,6
wicked,6
wink,6
mate,6
role,6
forgot,6
listening,6
refuse,6
rational,6
decided,6
suppose,6
background,6
unhealthy,6
forget,6
terrible,6
learned,6
willing,6
focus,6
entjs,6
middle,6
young,6
friendship,6
student,6
correct,6
uuu,6
posting,6
west,6
8w7,6
active,6
original,6
sharing,6
morning,6
light,6
drunk,6
leader,6
main,6
described,6
cute,6
excuse,6
trigger,6
somewhat,6
weak,6
desire,6
struggle,6
extreme,6
lost,6
pony,6
lived,6
account,6
natural,6
version,6
annoying,6
team,6
chemistry,6
extrovert,6
subject,6
cheating,6
ground,6
minute,6
discussion,6
certainly,6
conclusion,6
healthy,6
understanding,6
kill,6
message,6
concerned,6
interacting,6
talked,6
shop,6
boy,6
choice,6
ideal,6
click,6
possibly,6
task,6
buying,5
graphic,5
war,5
history,5
okay,5
age,5
avoid,5
wanting,5
trait,5
episode,5
lydia,5
current,5
room,5
specific,5
de,5
stereotype,5
separate,5
7w8,5
win,5
upon,5
alot,5
generation,5
huh,5
cousin,5
choose,5
skill,5
patience,5
brought,5
detail,5
twice,5
sweet,5
build,5
responsible,5
fan,5
regret,5
particular,5
older,5
nearly,5
greek,5
myers,5
4w3,5
interact,5
inner,5
ha,5
planning,5
soul,5
typically,5
outcome,5
2w3,5
objective,5
worst,5
mess,5
guilty,5
computer,5
discus,5
clothing,5
classic,5
cold,5
pleasure,5
belief,5
sit,5
borderline,5
relevant,5
health,5
thinker,5
marketing,5
normally,5
roommate,5
somebody,5
judge,5
introvert,5
appear,5
coming,5
note,5
cooking,5
nah,5
wen,5
minded,5
front,5
born,5
prepared,5
story,5
capable,5
inside,5
introverted,5
applies,5
bet,5
clearly,5
interaction,5
blow,5
conflict,5
isfps,5
space,5
religion,5
tendency,5
learnt,5
fairly,5
project,5
gift,5
identify,5
expect,5
otherwise,5
official,5
empathy,5
adult,5
due,5
bear,5
emotionally,5
definition,5
summer,5
jealous,5
enjoying,5
facebook,5
8w9,5
hence,5
necessarily,5
focused,5
anyways,5
pepper,5
including,5
typed,5
pissed,5
gender,5
opposite,5
wing,5
star,5
bought,5
luck,5
entire,5
spot,5
basically,5
mention,5
called,5
understood,5
recommend,5
typing,5
wickedqueen,5
lyric,5
sick,5
rare,5
treat,5
cleo,5
tho,5
theyd,5
controlling,5
insight,5
pa,5
oriented,5
save,5
calm,5
sign,5
king,5
sixty,5
broke,5
reminds,5
yep,5
currently,5
tested,5
worry,5
vibe,5
memory,5
whats,5
talkative,5
easier,5
face,5
major,5
statistic,5
esfjs,5
purpose,5
unfortunately,5
briggs,5
hasnt,5
horror,4
onto,4
secretary,4
stick,4
moral,4
exist,4
scary,4
analyzing,4
anger,4
smith,4
five,4
helpful,4
pragmatic,4
blue,4
artwork,4
intuition,4
channel,4
repeat,4
cash,4
count,4
lance,4
daughter,4
expectation,4
hm,4
non,4
ended,4
butt,4
load,4
ahead,4
roll,4
election,4
trolling,4
mistake,4
position,4
analysis,4
upto,4
eleven,4
auction,4
fight,4
um,4
cafe,4
esteem,4
clarification,4
indie,4
clothes,4
mixed,4
youtube,4
box,4
wed,4
lacking,4
valentine,4
shit,4
clubhouse,4
eighteen,4
lack,4
neither,4
frequently,4
nope,4
return,4
admit,4
unsure,4
auditory,4
commitment,4
round,4
physical,4
blunt,4
warning,4
wasted,4
loser,4
raised,4
changed,4
hedgehog,4
kingdom,4
uncomfortable,4
genuine,4
sensor,4
sunday,4
typical,4
independent,4
trend,4
mad,4
drug,4
aside,4
sarcasm,4
area,4
romantic,4
esxp,4
avoiding,4
programmer,4
op,4
planned,4
master,4
seemed,4
reach,4
cuz,4
object,4
failure,4
regardless,4
wondering,4
variant,4
log,4
hot,4
selfish,4
mature,4
pic,4
rice,4
blog,4
lied,4
batman,4
direction,4
environment,4
odd,4
throughout,4
vampire,4
stable,4
doctor,4
large,4
internally,4
intelligent,4
impression,4
green,4
childhood,4
buddy,4
politics,4
piece,4
preference,4
musician,4
racism,4
flirt,4
following,4
favourite,4
bring,4
glass,4
smell,4
broken,4
looked,4
cause,4
classy,4
ignored,4
novel,4
debate,4
complex,4
driven,4
answering,4
sugar,4
score,4
length,4
scott,4
criticism,4
audio,4
individual,4
appearance,4
elliott,4
sibling,4
priority,4
regard,4
hum,4
expression,4
mainly,4
careful,4
dark,4
double,4
shocked,4
forward,4
effect,4
ahiko,4
feely,4
among,4
moment,4
party,4
development,4
wall,4
itll,4
fake,4
friendly,4
higher,4
tone,4
exclusive,4
moving,4
listed,4
offended,4
communication,4
correlation,4
small,4
style,4
dom,4
deeply,4
link,4
poll,4
smart,4
son,4
america,4
track,4
helped,4
knowledge,4
suck,4
turned,4
fifteen,4
visual,4
drinking,4
offensive,4
teacher,4
closest,4
wearing,4
compared,4
grey,4
wild,4
extraverted,4
decide,4
creating,4
connected,4
scared,4
realized,4
tea,4
sega,4
touch,4
limit,4
united,4
wud,4
imply,3
sitting,3
habit,3
greece,3
frustration,3
introversion,3
valuable,3
grandpa,3
government,3
genesis,3
critical,3
obnoxious,3
satisfied,3
flower,3
cried,3
breed,3
hero,3
pull,3
nervous,3
quickly,3
jesus,3
complacent,3
success,3
hormone,3
entertaining,3
community,3
hobby,3
sometime,3
iron,3
latest,3
era,3
curb,3
akin,3
worked,3
intense,3
mum,3
youll,3
quiz,3
die,3
risk,3
seemingly,3
reference,3
worried,3
perceived,3
countless,3
suit,3
force,3
knew,3
charge,3
thrown,3
xstjs,3
root,3
traditional,3
explained,3
cancer,3
emma,3
piss,3
league,3
blood,3
gud,3
isfjs,3
grab,3
walking,3
bossy,3
variety,3
default,3
supposed,3
wan,3
onion,3
cover,3
boundary,3
soooo,3
greatly,3
textbook,3
sonic,3
appropriate,3
breakup,3
crude,3
qualification,3
solution,3
bunch,3
pretend,3
victim,3
jersey,3
poem,3
tutor,3
touching,3
vote,3
article,3
fourteen,3
rise,3
rip,3
confirmed,3
idiot,3
mentally,3
correctly,3
potter,3
seventy,3
practice,3
fail,3
mental,3
product,3
doubt,3
nigiri,3
hadnt,3
jean,3
massive,3
excited,3
regarding,3
wife,3
hardly,3
multiple,3
whining,3
overwhelmed,3
john,3
arrogant,3
feminist,3
clue,3
difficulty,3
viking,3
joining,3
eighty,3
internal,3
prove,3
heavy,3
iq,3
dramatic,3
source,3
allowed,3
model,3
ho,3
dude,3
loyalty,3
vixin,3
gave,3
raise,3
betrayed,3
epic,3
george,3
passion,3
nonsense,3
instance,3
culture,3
ull,3
finishing,3
girlfriend,3
nowhere,3
apology,3
depending,3
mood,3
yall,3
cared,3
bronies,3
responsibility,3
wolf,3
hearing,3
white,3
naruto,3
series,3
experienced,3
longer,3
stuck,3
incorrect,3
asleep,3
clinton,3
accused,3
networking,3
contact,3
artistic,3
ad,3
battle,3
violetta,3
apologize,3
suffer,3
murder,3
quick,3
anime,3
finance,3
hilarious,3
authority,3
hmmm,3
enemy,3
tmlt,3
cost,3
concept,3
physic,3
political,3
effort,3
strongly,3
mix,3
various,3
ship,3
tertiary,3
rofl,3
jung,3
quit,3
hed,3
entirely,3
missed,3
daily,3
appears,3
trash,3
ridiculous,3
accomplish,3
fault,3
attraction,3
shut,3
blast,3
closed,3
complicated,3
overcome,3
anxiety,3
automatically,3
assertive,3
taboo,3
saturday,3
spider,3
sentence,3
therefore,3
confidence,3
creates,3
determined,3
stated,3
finished,3
inferior,3
catch,3
information,3
item,3
credit,3
deserved,3
checked,3
barely,3
touchy,3
previous,3
weed,3
compromise,3
despite,3
obsession,3
statement,3
malia,3
tool,3
represent,3
spontaneous,3
addition,3
pattern,3
anywhere,3
larger,3
lately,3
manipulative,3
polite,3
color,3
thnx,3
liberal,3
creator,3
faith,3
toast,3
solving,3
cell,3
peace,3
harm,3
factual,3
questioning,3
thankful,3
pig,3
competition,3
waiting,3
expected,3
incompetent,3
signature,3
period,3
dealt,3
sell,3
innocent,3
intentionally,3
6w5,3
seek,3
afford,3
nature,3
5w4,3
specially,3
pifanjr,3
combination,3
highly,3
perception,3
modern,3
describe,3
picked,3
meiko,3
beginning,3
outside,3
stress,3
shape,3
thou,3
soccer,3
dunno,3
hehe,3
complete,3
sadly,3
dated,3
boob,3
spam,3
dynamic,3
unfortunate,3
bill,3
chance,3
native,3
manager,3
sea,3
concrete,3
changing,3
dancing,3
irrelevant,3
condom,3
psychology,3
straightforward,3
indeed,3
shouldnt,3
committed,3
rock,3
messy,3
virtual,3
reminded,3
wedding,3
survival,3
sale,3
earlier,3
bookmark,3
sjs,3
convince,3
philosophy,3
partner,3
pant,3
kept,3
teach,3
stile,3
jewelry,3
section,3
significant,3
research,3
lying,3
unusual,3
enter,3
pal,3
google,3
characteristic,3
insult,3
surrounded,3
developing,3
colleague,3
pillar,3
writer,3
pinina,3
sensing,3
hakeem,3
religious,3
teenage,3
em,3
schedule,3
throwing,3
understands,3
pointed,3
distance,3
filled,3
whereas,3
signifies,3
damn,3
passionate,3
dinner,3
aspect,3
nerve,3
driving,3
affect,3
accepted,3
shoulder,3
calling,3
unlikely,3
breakfast,3
exam,3
speed,3
plus,3
gathering,3
bronycon,3
water,3
interview,3
unable,3
lady,3
sleeping,3
honey,3
acting,3
wise,3
hair,3
intended,3
password,3
comic,3
grew,3
thick,3
gain,3
btw,3
begin,3
lunch,3
temper,3
socionics,3
harry,3
despise,3
hit,3
rate,2
affectionate,2
beautiful,2
rejection,2
packed,2
comfortable,2
partly,2
detached,2
grain,2
hummus,2
criminal,2
equal,2
neat,2
exfj,2
client,2
defend,2
potential,2
supposedly,2
chose,2
arguing,2
pat,2
bookbutterfly,2
spear,2
gotten,2
pleased,2
xstj,2
danger,2
digging,2
pack,2
tu,2
scare,2
tenchi,2
public,2
spring,2
crime,2
triumph,2
kinesthetic,2
camera,2
ultimately,2
madness,2
garbage,2
misunderstand,2
key,2
arabic,2
bumped,2
fresh,2
asia,2
attribute,2
exterminate,2
intensity,2
attitude,2
salt,2
thursday,2
calvin,2
hopeless,2
leg,2
spencer,2
input,2
loose,2
across,2
bff,2
jackson,2
whimper,2
subconcious,2
contributed,2
diagnosed,2
geared,2
chaotic,2
unbalanced,2
wrestler,2
enfjs,2
release,2
ruin,2
grounded,2
machine,2
sight,2
motorcycle,2
horrible,2
la,2
dealing,2
affection,2
withdrawn,2
juice,2
twist,2
mindset,2
max,2
operation,2
hobbes,2
upbringing,2
caucasian,2
existence,2
devastated,2
stare,2
dress,2
backwards,2
gentleman,2
cucumber,2
graduate,2
5w6,2
elder,2
lawyer,2
console,2
ryoko,2
application,2
initially,2
ready,2
combo,2
desperate,2
sun,2
ton,2
slow,2
doctorate,2
store,2
rude,2
written,2
spends,2
dash,2
classified,2
method,2
blonde,2
hurry,2
imaginative,2
rewritten,2
overrated,2
misunderstood,2
earl,2
cracked,2
laikta,2
dead,2
industry,2
legal,2
evil,2
europe,2
legacy,2
com,2
singing,2
moderator,2
observation,2
porn,2
deleted,2
physically,2
recommendation,2
inspirer,2
donald,2
keirsey,2
kyle,2
paper,2
holiday,2
chat,2
freak,2
tai,2
final,2
ruthless,2
scum,2
utter,2
lazy,2
prepare,2
criticized,2
diet,2
basic,2
cigarette,2
every1,2
financially,2
engineering,2
easiest,2
boil,2
scarce,2
ummm,2
unprofessional,2
brilliant,2
usual,2
cent,2
charming,2
universe,2
sen,2
fantastic,2
consistency,2
daleks,2
gakuto,2
pleasant,2
anti,2
awaits,2
undergrad,2
checking,2
recall,2
lasted,2
drastic,2
international,2
condition,2
younger,2
ample,2
appeal,2
brief,2
cast,2
stronger,2
secret,2
snack,2
laughable,2
sudden,2
newsom,2
disorder,2
transparent,2
population,2
jack,2
shud,2
moved,2
argue,2
bump,2
stopped,2
informed,2
rage,2
broaden,2
spending,2
grip,2
beer,2
grand,2
gay,2
relax,2
tends,2
dominant,2
feed,2
hula,2
sa,2
measure,2
intelligence,2
bipolar,2
willpower,2
asian,2
taught,2
certainty,2
kate,2
bfs,2
flip,2
topcat,2
romance,2
skeptic,2
deserve,2
robot,2
wondered,2
digital,2
potentially,2
quoting,2
maintain,2
tolerate,2
meeting,2
cheated,2
manner,2
insulting,2
pu,2
3w4,2
taht,2
vehicle,2
south,2
regan,2
fully,2
dry,2
authoritarian,2
grade,2
attached,2
occasionally,2
ala,2
preach,2
freedom,2
loud,2
involved,2
material,2
van,2
floss,2
fix,2
uncommon,2
fascination,2
uninteresting,2
criticize,2
hufflepuff,2
president,2
safe,2
witch,2
divorce,2
suddenly,2
coke,2
snappy,2
bachelor,2
reputation,2
sleeve,2
missing,2
david,2
stability,2
favor,2
wilt,2
jim,2
criterion,2
originally,2
sexy,2
actual,2
frustrated,2
marrying,2
subsection,2
werewolf,2
swimming,2
wreck,2
retro,2
stink,2
cook,2
choosing,2
curse,2
assumed,2
hardest,2
dracula,2
unnecessary,2
react,2
sander,2
tomato,2
protect,2
france,2
learner,2
solve,2
hated,2
farm,2
thus,2
triad,2
violent,2
involves,2
conservative,2
dobler,2
med,2
percentage,2
yeh,2
technical,2
obama,2
burning,2
disregard,2
dependent,2
dish,2
bitch,2
alien,2
mirror,2
expertise,2
nasty,2
pathetic,2
shortcoming,2
truthful,2
penis,2
resolved,2
marlowe,2
sir,2
hoti,2
winter,2
parental,2
disgusted,2
distant,2
streaming,2
essentially,2
gather,2
orwell,2
african,2
necklace,2
believed,2
gfs,2
handsome,2
differently,2
failing,2
lecture,2
sweetie,2
holding,2
insane,2
borrow,2
efficient,2
exxj,2
tiny,2
massage,2
fairy,2
norm,2
advanced,2
chase,2
dick,2
showed,2
connect,2
approach,2
british,2
converse,2
north,2
cease,2
frustrating,2
anniversary,2
jam,2
defensive,2
ufeffthe,2
panty,2
stating,2
bullshit,2
ops,2
stjs,2
abuse,2
played,2
forever,2
mushy,2
corporate,2
provide,2
commonly,2
stressful,2
spiritual,2
th,2
maturity,2
japanese,2
exchange,2
pro,2
reasoning,2
replace,2
popular,2
theyll,2
proven,2
aftermath,2
motivation,2
traveling,2
warm,2
per,2
instruction,2
belong,2
secretly,2
heel,2
comparing,2
irritated,2
productive,2
context,2
mere,2
taylor,2
fashion,2
address,2
involving,2
angelictroublemaker,2
chosen,2
tomorrow,2
becomes,2
fluff,2
specified,2
applying,2
motivate,2
subscription,2
misleading,2
motif,2
relating,2
mod,2
smaller,2
stalin,2
visually,2
dominance,2
encountered,2
debating,2
seventeen,2
fox,2
plenty,2
assuming,2
intellect,2
birth,2
naturally,2
reasonable,2
joanna,2
repayment,2
according,2
loss,2
comfort,2
hipster,2
1w2,2
watched,2
platform,2
aspergers,2
communist,2
grandmother,2
allows,2
error,2
congrats,2
lucky,2
path,2
nerd,2
opportunity,2
category,2
military,2
dang,2
cheat,2
impossible,2
practically,2
grow,2
reconsider,2
inform,2
technically,2
fought,2
kitchen,2
secure,2
mistaken,2
masculine,2
army,2
teh,2
comedy,2
absence,2
iphone,2
pride,2
seed,2
nicer,2
paying,2
apparent,2
breaking,2
rant,2
keen,2
scheming,2
2w1,2
spirit,2
security,2
matt,2
duty,2
necessary,2
attorney,2
functional,2
leading,2
accepting,2
recording,2
biased,2
significantly,2
external,2
record,2
helping,2
shoe,2
span,2
figuring,2
wolverine,2
efficiency,2
display,2
fell,2
ignoring,2
land,2
hermoine,2
tight,2
allow,2
parrot,2
trusting,2
differ,2
rephrase,2
happening,2
island,2
violence,2
bite,2
politician,2
hermit,2
tie,2
invading,2
nineteen,2
stressed,2
straight,2
everyday,2
uh,2
keeping,2
approved,2
app,2
instinct,2
undergraduate,2
flawed,2
confrontation,2
obsessed,2
nail,2
letting,2
sporty,2
shooting,2
metal,2
harsh,2
dangerous,2
lengthy,2
fitting,2
lecturer,2
kidding,2
hypocrite,2
invited,2
putting,2
peeking,2
exhibit,2
needing,2
compelled,2
zero,2
discussed,2
develop,2
bucket,2
lawl,2
fantasy,2
cud,2
artist,2
complaining,2
suspect,2
rush,2
liar,2
raising,2
amusing,2
honesty,2
shower,2
elsewhere,2
suggestion,2
season,2
trauma,2
semi,2
comforting,2
beat,2
monkey,2
sounded,2
prince,2
represents,2
ish,2
acknowledge,2
mercy,2
regularly,2
benefit,2
report,2
engage,2
stereotypical,2
achieve,2
invade,2
playful,2
realise,2
washed,2
paragraph,2
resistant,2
caters,2
geek,2
sent,2
glove,2
door,2
wide,2
discipline,2
indirectly,2
explicit,2
private,2
xntj,2
britain,2
winning,2
grateful,2
homosexual,2
ann,2
suicide,2
extent,2
behaviour,2
oldest,2
deleting,2
needed,2
villain,2
directing,2
dumb,2
sake,2
majority,2
rotting,2
fenton,2
slammed,2
challenge,2
harder,2
thanked,2
manage,2
include,2
bollywood,2
motivational,2
oblivious,2
apartment,2
handful,2
chased,2
obnoxiousness,2
cup,2
block,2
exists,2
poor,2
useless,2
office,2
mass,2
curiosity,2
buddhist,2
algae,2
dare,2
professional,2
adventure,2
breath,2
umbridge,2
communicate,2
christian,2
near,2
guessing,2
scenario,2
frnd,2
included,2
resolution,2
required,2
befriend,2
idealism,2
versed,2
fair,2
sensible,2
racist,2
lower,2
mari,2
painting,2
satan,2
consequence,2
deciding,2
actively,2
define,2
shade,2
wine,2
whenever,2
comparison,2
destroying,2
connotation,2
crafting,2
talent,2
ethic,2
fascinated,2
elevator,2
baseball,2
evidence,2
valid,2
lovely,2
autism,2
association,2
million,2
popped,2
ratio,2
content,2
semester,2
died,2
cruel,2
city,2
neutral,2
deprive,2
ken,2
bold,2
dolores,2
flattered,2
shadow,2
manand,2
arranged,2
skirt,2
extroversion,2
kwaran,2
discovered,2
cognition,2
caught,2
apply,2
threatened,2
depth,2
contribute,2
breaker,2
organization,2
eventually,2
hype,2
prevent,2
fawn,2
convention,2
xntp,2
scene,2
yikes,2
tbh,2
church,2
listened,2
classical,2
intention,2
fictional,2
dog,2
screwed,2
delete,2
web,2
shake,2
immediately,2
phd,2
firm,2
naked,2
crap,2
pet,2
pm,2
pinkie,2
flirting,2
receiving,2
leaf,2
animal,2
viewed,2
sps,2
lung,2
brony,2
dialogue,2
informative,2
minority,2
shopping,2
inxj,2
loving,2
fighting,1
brand,1
adorable,1
inherent,1
educate,1
circle,1
persona,1
size,1
idealistic,1
earn,1
shell,1
pedantic,1
unagi,1
swing,1
compile,1
accessory,1
domestic,1
spa,1
giver,1
recognize,1
roh,1
directed,1
projecting,1
brick,1
stickied,1
tradition,1
prettier,1
matrix,1
jazz,1
cortisole,1
chamber,1
union,1
generalizing,1
interpret,1
pulled,1
montreal,1
disrespectful,1
cutlet,1
toymaker,1
barf,1
redpill,1
encompasses,1
jelly,1
baby,1
perfectionist,1
kilotay,1
loneliness,1
superior,1
proceed,1
hangout,1
disappointment,1
goofy,1
kumari,1
violettas,1
equality,1
smarvelous,1
intramural,1
scallion,1
violates,1
baking,1
stereotyped,1
appealing,1
precurser,1
rolleyes,1
nyarlathotep,1
ranted,1
curtain,1
notion,1
nevermind,1
pedophile,1
brightflashes,1
sacrifice,1
understandand,1
ahahahaha,1
inefficient,1
confrontational,1
efficiently,1
killing,1
hai,1
steel,1
thisbut,1
flatmate,1
medicinal,1
ingenuine,1
serve,1
lirulin,1
essay,1
zombie,1
mewhere,1
9k,1
torque,1
inexcusable,1
namco,1
zodiac,1
therapy,1
macbook,1
fidel,1
hippy,1
tom,1
chill,1
partial,1
tube,1
unpleasant,1
progressive,1
politically,1
deeper,1
pearl,1
diagnostic,1
scarlet,1
earbuds,1
thief,1
pump,1
scream,1
harshness,1
wiki,1
valley,1
awful,1
beep,1
trollish,1
organizing,1
evaluating,1
accessible,1
alice,1
traffic,1
border,1
mujhe,1
celebrate,1
tf2,1
decides,1
inefficiently,1
swat,1
shall,1
mow,1
sixth,1
ta,1
received,1
chick,1
july,1
spanish,1
openly,1
saint,1
homicidal,1
impeachment,1
indian,1
bridge,1
slowly,1
complimenting,1
published,1
experiencing,1
permission,1
gwen,1
hosted,1
weather,1
inspiring,1
joey,1
mai,1
copeland,1
belongs,1
sygma,1
allykat,1
epistemological,1
atleast,1
wht,1
infxs,1
painful,1
mock,1
describing,1
workable,1
freshman,1
drift,1
enrolled,1
uhhhhhhhhh,1
genuinely,1
7w6,1
palaeontologist,1
partially,1
believing,1
nov,1
onlywho,1
eton,1
academists,1
tabletop,1
elitist,1
inbetween,1
emphasized,1
encouraging,1
reserved,1
assure,1
vocally,1
mockingbird,1
disappear,1
obtain,1
tiniest,1
guysi,1
participate,1
renounce,1
qualify,1
stalk,1
misread,1
sneaky,1
worstbreakuplinesalltime,1
katie,1
camp,1
former,1
prediction,1
vague,1
giggling,1
integrate,1
originates,1
album,1
disable,1
arrange,1
latte,1
slight,1
attend,1
boredom,1
professor,1
overreacting,1
awwwww,1
token,1
vincent,1
discount,1
brooklyn,1
lavigne,1
sesame,1
haired,1
email,1
ae,1
likewise,1
ween,1
price,1
adios,1
albeit,1
legit,1
blond,1
thee,1
accomplishment,1
wooooow,1
tiger,1
achievement,1
glossy,1
patronising,1
ninja,1
losing,1
autograph,1
emorning,1
kiyone,1
angelcat,1
bedtime,1
unsolicited,1
incident,1
unusually,1
xsfj,1
6w7,1
maguro,1
possibility,1
antonio,1
faithfulness,1
assigned,1
coin,1
bike,1
sagan,1
discredit,1
grudge,1
inclusive,1
aur,1
strange,1
señor,1
poetic,1
wickedqueens,1
credibility,1
format,1
trivial,1
conspiracy,1
monitor,1
unpopular,1
returned,1
tofu,1
sur,1
libra,1
bastion,1
grammar,1
service,1
fullest,1
minaj,1
arsenal,1
wasnot,1
irritable,1
closer,1
theoden,1
meaningful,1
memorizing,1
cafebot,1
ansari,1
cosmos,1
cooked,1
dorm,1
handdrink,1
william,1
paradoxically,1
unique,1
est,1
ballot,1
freely,1
animosity,1
futile,1
imbecile,1
jic,1
doting,1
kevin,1
deepest,1
bargain,1
fulfiller,1
sided,1
pointing,1
disclose,1
decade,1
escapism,1
korean,1
disharmony,1
redbull,1
jeffrey,1
lonlely,1
wellbeing,1
shame,1
inevitable,1
cursedkitten,1
survive,1
unaware,1
anesthesia,1
respond,1
unpredictable,1
buffy,1
fiercely,1
search,1
respectful,1
disasterous,1
panic,1
nahi,1
trololol,1
counterculture,1
winner,1
joker,1
disliked,1
drained,1
loveand,1
knee,1
handing,1
guarantee,1
scope,1
problemcurled,1
trinket,1
consciously,1
executing,1
retrieving,1
tpp,1
guitar,1
sittingwonderduck,1
temporarily,1
percent,1
arranging,1
paperwork,1
underestimate,1
bathroom,1
indefinitely,1
whatsoever,1
bread,1
bleak,1
gump,1
dually,1
democratic,1
steal,1
watson,1
hint,1
knife,1
mascara,1
swept,1
stacking,1
sentimental,1
mildly,1
glacial,1
weightlift,1
checkpoint,1
monopoly,1
boat,1
anonymouslynot,1
australia,1
cat,1
consent,1
readily,1
fortunately,1
facing,1
rexy,1
poly,1
truthfully,1
knit,1
abouti,1
ouchy,1
hardworking,1
cognitively,1
spice,1
ghee,1
switch,1
steadfast,1
tail,1
smile,1
medicine,1
cayman,1
worker,1
wind,1
thoughtful,1
righteous,1
curve,1
review,1
routine,1
lame,1
espress,1
department,1
intent,1
throw,1
cupcake,1
srite,1
lentil,1
evolutionarily,1
capital,1
crushing,1
management,1
leaving,1
dancer,1
leminence,1
brook,1
furry,1
claimed,1
hungar,1
kana,1
negitives,1
intaking,1
prominently,1
assist,1
chaos,1
regulated,1
heartfulle,1
treebob,1
gullible,1
shaman,1
gentler,1
mouse,1
obligate,1
ham,1
delighted,1
stirring,1
irish,1
gym,1
designed,1
sholay,1
showing,1
mrgreendots,1
prime,1
obscure,1
areally,1
abusive,1
enterprising,1
adopting,1
guardian,1
privacy,1
pressure,1
prurience,1
gijinka,1
impact,1
western,1
hahahahah,1
schooling,1
jefferson,1
pole,1
announce,1
cuddle,1
recorded,1
morality,1
surgeon,1
cautious,1
bro,1
limerance,1
phobos,1
empowering,1
disorganization,1
continuation,1
sof,1
requirement,1
spirited,1
engineer,1
fleetway,1
imagination,1
emo,1
tuxedo,1
inspire,1
hormonal,1
inviting,1
thingy,1
bitchy,1
assertiveness,1
surprising,1
portrait,1
castro,1
staying,1
installed,1
irritating,1
disciplined,1
bibi,1
debt,1
temptation,1
fluttershy,1
attachment,1
torn,1
ruined,1
intimate,1
replaced,1
basketball,1
helsing,1
deadline,1
ego,1
zinda,1
ran,1
anothers,1
intial,1
freeze,1
skimmed,1
ooh,1
rapid,1
cow,1
undermines,1
ironic,1
statistically,1
presence,1
treating,1
air,1
exclusively,1
snob,1
extraordinary,1
toy,1
skim,1
dreamy,1
encourages,1
syndrome,1
judged,1
emberfly,1
myer,1
insensible,1
wizard,1
universal,1
msbossypants,1
instructor,1
dime,1
messageif,1
acted,1
accomplished,1
realm,1
calculator,1
disturbs,1
schitzoid,1
churchill,1
probability,1
singapore,1
hotgirlinfl,1
presume,1
removing,1
everywhere,1
conflicted,1
imbedded,1
sadistic,1
yellowtail,1
morally,1
cleaning,1
karate,1
christ,1
pink,1
zech,1
kindergarten,1
primary,1
importance,1
blame,1
faithfully,1
bloodflow,1
judgmental,1
unrealistic,1
bush,1
htgawm,1
abstract,1
ironically,1
weapon,1
maid,1
goldberg,1
stassi,1
sire,1
kayness,1
nag,1
gnome,1
couldve,1
virgo,1
midnight,1
exupéry,1
teen,1
commit,1
greatest,1
summon,1
milk,1
literal,1
forceful,1
rut,1
hooked,1
laundry,1
developped,1
exaggerating,1
urge,1
bright,1
anticipating,1
bothe,1
chad86tsi,1
beatles,1
izaya,1
insisted,1
creatively,1
comosition,1
verdi,1
tree,1
musculine,1
looping,1
accident,1
feasability,1
crush,1
brush,1
mentality,1
feisty,1
scottish,1
software,1
pushed,1
disappointed,1
ascendant,1
hombre,1
teardrop,1
geologist,1
revolutionary,1
clueless,1
greene,1
endless,1
kimochi,1
worrying,1
behaved,1
unwavering,1
natalie,1
chore,1
newer,1
aladdin,1
shitposts,1
dust,1
rowing,1
effectiveness,1
insightful,1
lowbrow,1
ordinary,1
till,1
transmission,1
incomplete,1
peasant,1
conscious,1
disappears,1
clumsy,1
teamed,1
illegal,1
crusade,1
sharona,1
advertises,1
pen,1
nation,1
lawbot,1
foundation,1
yo,1
choleric,1
twin,1
recreational,1
dictionary,1
intimidate,1
chest,1
gung,1
autistic,1
energized,1
truthfulness,1
rationality,1
daylightsun,1
carl,1
evaluation,1
interruption,1
irritate,1
charlie,1
wasand,1
rebut,1
anxious,1
shave,1
accurately,1
mechanism,1
push,1
spiraling,1
ferrero,1
frankly,1
bf,1
mischievous,1
echo,1
pheles,1
standard,1
vow,1
tornado,1
partie,1
experst,1
topical,1
heaving,1
ted,1
charm,1
bowie,1
fame,1
incorporate,1
meepers,1
coldness,1
basket,1
provides,1
tsej,1
inculcate,1
irrevocably,1
uncle,1
gemini,1
discord,1
judgers,1
nettie,1
taste,1
lotion,1
zaria,1
cherish,1
personalyty,1
significance,1
flamers,1
earthling,1
screwing,1
coating,1
arogant,1
secrecy,1
java,1
doncha,1
messge,1
sneaking,1
napoleon,1
dint,1
talkatives,1
suspicious,1
whish,1
irresistible,1
aux,1
dozen,1
surprise,1
mississippi,1
topman,1
crawling,1
geller,1
struggling,1
itand,1
blacksmith,1
dearly,1
cog,1
mysticism,1
regulation,1
tedious,1
kamala,1
grave,1
justice,1
immediate,1
collaberate,1
established,1
exwife,1
teeth,1
ineed,1
trap,1
scoff,1
cazza,1
greater,1
feature,1
sparked,1
rachel,1
unorganized,1
psh,1
anesthesiologist,1
socialize,1
wifi,1
bossing,1
alanna,1
skype,1
aloof,1
cranium,1
contrast,1
referred,1
backbiting,1
accuracy,1
socialization,1
veer,1
formality,1
sarcastic,1
awaken,1
verything,1
listener,1
dork,1
referring,1
prosecute,1
escape,1
club,1
kardashians,1
predefined,1
kira,1
stole,1
assistance,1
kexx,1
chatroom,1
fool,1
killed,1
descended,1
illustration,1
leadership,1
comprehend,1
derek,1
notheless,1
peak,1
pottermore,1
patriotic,1
cp,1
elli,1
yelled,1
giggle,1
surface,1
label,1
shift,1
bank,1
scout,1
acceptable,1
fluency,1
foot,1
mnis,1
beard,1
moisturizer,1
apologising,1
bstew,1
orgasm,1
runner,1
physiology,1
blur,1
iewhen,1
urban,1
roasted,1
umm,1
justification,1
recognized,1
poorly,1
revolving,1
persc,1
harassed,1
sitcom,1
nutella,1
meena,1
valve,1
researching,1
caused,1
swim,1
mellow,1
achieving,1
miss,1
thai,1
beyond,1
alessandro,1
reign,1
refers,1
cocky,1
blackfandango,1
sunil,1
cognitive,1
resulting,1
stale,1
weighing,1
clone,1
ball,1
hiring,1
education,1
paradise,1
brochure,1
threat,1
advertisement,1
moon,1
reciprocity,1
stabbed,1
humour,1
badly,1
dominated,1
mp5,1
vision,1
tiara,1
equate,1
decreased,1
tum,1
exlplained,1
opossum,1
paranormal,1
butthurt,1
mid,1
abroad,1
seh,1
grin,1
fortuity,1
outstretched,1
muster,1
scattered,1
icu,1
cheeky,1
xdd,1
manly,1
occupy,1
uncertainty,1
restart,1
treatment,1
independence,1
guaranteed,1
gosh,1
pigeon,1
substitute,1
brings,1
mundane,1
loathe,1
gromkaka,1
purposely,1
blindly,1
dancelol,1
10km,1
safely,1
morfy,1
simpler,1
began,1
ver,1
income,1
earth,1
antoine,1
defended,1
statment,1
weakness,1
somehow,1
coffeehouse,1
relaxing,1
lube,1
functionality,1
soothes,1
maybecos,1
testing,1
mountain,1
disrupt,1
elusive,1
proceeded,1
grandma,1
covering,1
respectively,1
chart,1
antic,1
idelists,1
flying,1
spare,1
receive,1
warfare,1
possibilties,1
falling,1
concentration,1
tyson,1
pond,1
tricky,1
problemits,1
placement,1
unlike,1
specifically,1
pursue,1
alongside,1
forgeant,1
exceptionally,1
coulter,1
emtional,1
rarest,1
designing,1
theiry,1
wil,1
zest,1
abrasive,1
willingly,1
toxic,1
luscious,1
hat,1
sparer,1
shared,1
retrospect,1
ireland,1
revealing,1
whirlwind,1
std,1
blank,1
aboard,1
convenience,1
chemical,1
leaking,1
embron,1
initiated,1
cutesy,1
thise,1
measuring,1
vulnerable,1
everytime,1
alliance,1
weekly,1
quest,1
devotion,1
breast,1
director,1
bothered,1
religiously,1
attending,1
classify,1
replying,1
manipulate,1
pout,1
albarn,1
progressing,1
thisso,1
amazon,1
neurotic,1
sculpting,1
bookstore,1
procedure,1
2nd,1
respite,1
memorable,1
permanent,1
defective,1
noooooooooooooooooooooooooooooooooooooooooooooooooooooooooooooooooooooooooooooooooooooooooooooooooooooooooooooooooooooooooooooooooooooooo,1
devoted,1
indicates,1
resurrected,1
noodle,1
rlationship,1
anyman,1
building,1
any1,1
differentiate,1
roar,1
liberalist,1
incorrectly,1
hank,1
request,1
manchester,1
devoting,1
relied,1
maintenance,1
funeral,1
confusion,1
fierce,1
llyod,1
skletal,1
hidden,1
vegetable,1
fallen,1
princess,1
achieves,1
fairness,1
ape,1
serving,1
dual,1
gradually,1
presenting,1
jump,1
righteousness,1
spree,1
drawn,1
whore,1
addict,1
lasting,1
doyle,1
gap,1
travel,1
attain,1
respecting,1
interestingly,1
duke,1
immature,1
basil,1
twightlight,1
anticipation,1
predictable,1
confined,1
preservation,1
photogenic,1
niece,1
strangely,1
sext,1
passed,1
specialize,1
comeback,1
tawanda,1
narrator,1
mouth,1
harshly,1
yelling,1
hemopneumothorax,1
train,1
overlook,1
admirer,1
lord,1
mythbusters,1
outrageously,1
wooden,1
creeping,1
adventurous,1
controlled,1
ponder,1
dynasty,1
hoop,1
enters,1
audiobook,1
chrysler,1
schemer,1
rebel,1
increased,1
nomination,1
rattled,1
hosting,1
stoker,1
brainsthats,1
earthquake,1
sore,1
foster,1
rationalize,1
garmypoo,1
burn,1
boffa,1
dishonest,1
screening,1
prowl,1
implied,1
oklahoma,1
qué,1
standpoint,1
orange,1
hovering,1
approval,1
desperately,1
naughty,1
blended,1
prison,1
lolno,1
ambition,1
dobecause,1
rocket,1
min,1
axe,1
stupidity,1
goodness,1
gaming,1
challenged,1
fixer,1
pondered,1
autonomy,1
isolation,1
intellectual,1
attract,1
rising,1
ethnicity,1
coworkers,1
tasm2,1
hypocrytes,1
hitler,1
granger,1
storm,1
byproduct,1
raiding,1
gnetle,1
caesar,1
asshole,1
principal,1
cushion,1
archie,1
appreciates,1
developer,1
ant,1
simon,1
headache,1
graduated,1
follower,1
czar,1
hip,1
photography,1
immortal,1
undivided,1
stottlemeyer,1
unwilling,1
recent,1
celestial,1
nonetheless,1
transferring,1
poser,1
gable,1
psychologically,1
butchered,1
perfectionism,1
negotiating,1
shaky,1
loses,1
cannabis,1
releasing,1
england,1
upload,1
pharaoh,1
hypocritical,1
dashboard,1
calculate,1
3rd,1
instinctual,1
shudder,1
nabuko,1
navy,1
ellington,1
cordelia,1
finger,1
charcoal,1
homeless,1
warhammer,1
bully,1
nicki,1
prostitution,1
menorah,1
rnt,1
ahh,1
lend,1
entertains,1
kielbasa,1
twinings,1
followed,1
suicidal,1
chiyo,1
verse,1
goku,1
stalker,1
managed,1
estimate,1
ensures,1
stubborn,1
russia,1
map,1
tooooooo,1
overdone,1
scolded,1
yard,1
successful,1
afterward,1
masochistically,1
repost,1
kristin,1
joy,1
gear,1
zealand,1
wheatberries,1
accentbut,1
tempted,1
foremost,1
adhd,1
behaving,1
elysianshadows,1
legitimately,1
puzzle,1
southerner,1
fortitude,1
paradox,1
bigger,1
barney,1
youth,1
crowd,1
bouncing,1
facial,1
shaid,1
brokenjust,1
mint,1
spell,1
psycho,1
bay,1
programmed,1
daphne,1
lad,1
talkativeness,1
glanced,1
mcdonalds,1
infjbro,1
protective,1
touhou,1
downright,1
dursley,1
wary,1
louisiana,1
delight,1
lelouch,1
realistic,1
mutilating,1
heated,1
access,1
laptop,1
tolerence,1
divorced,1
displaying,1
guerilla,1
intruder,1
wellyeswe,1
suitable,1
conduct,1
training,1
resemble,1
figured,1
obligation,1
yahoo,1
germany,1
coat,1
yesterday,1
fire,1
mutually,1
disillusioned,1
trick,1
misspell,1
lump,1
sloppiness,1
glow,1
engliksh,1
notification,1
underlying,1
unappreciated,1
hahahahaha,1
lash,1
homemade,1
heartbeat,1
wasnts,1
truest,1
studied,1
homestuck,1
throaty,1
responded,1
sm1,1
devoid,1
offend,1
standardized,1
laly,1
candor,1
flashing,1
sip,1
constraint,1
declared,1
umad,1
ali,1
subjective,1
criticizing,1
insecurity,1
bore,1
mccain,1
swonderful,1
ring,1
scarf,1
scheduling,1
thx,1
stark,1
mwahahaha,1
fat,1
prod,1
insulted,1
lloyd,1
resonate,1
chazzmann,1
emotionaly,1
serous,1
duality,1
goldfish,1
jst,1
aresdude,1
laying,1
alive,1
energetic,1
mathematics,1
financial,1
hid,1
lamp,1
apush,1
data,1
victimise,1
libertarian,1
philosophical,1
mighty,1
resolve,1
toilet,1
card,1
yrslvs,1
guard,1
remarkable,1
dharam,1
nonexistent,1
pata,1
hang,1
cleavage,1
sailor,1
thy,1
defining,1
mainland,1
dahmer,1
progbot,1
alcoholism,1
exciting,1
perceive,1
simbas,1
appologize,1
nightriser,1
merch,1
encyclopedia,1
kitna,1
slave,1
tab,1
oooooh,1
wad,1
27k,1
stewing,1
tsubaaki,1
jumped,1
unawareness,1
producing,1
forgeron,1
truck,1
volumetric,1
socialising,1
implies,1
gulam,1
propose,1
tsasami,1
tooas,1
associate,1
finest,1
coward,1
inserted,1
flaming,1
sympathetic,1
thanksit,1
messed,1
caramelized,1
illuminati,1
butyour,1
theyve,1
psychological,1
nyaoh,1
disher,1
jacket,1
omit,1
warcraft,1
bloodthirsty,1
mouahahaha,1
internship,1
competent,1
milder,1
vp,1
pressed,1
plate,1
lay,1
filter,1
fiction,1
nooooooooo,1
nerissa,1
agnostic,1
imo,1
uncommunicative,1
organisation,1
hoping,1
conducting,1
pilot,1
martial,1
tour,1
splashing,1
bandwagon,1
está,1
gained,1
photoshop,1
penelope,1
happily,1
restlessness,1
initiate,1
coconut,1
identity,1
degrasse,1
promise,1
blasphemy,1
mel,1
registered,1
outwitting,1
revolution,1
encounter,1
isxp,1
purplefang,1
fabricate,1
grizzly,1
ronin,1
dicked,1
bicycle,1
rediscovered,1
rebellious,1
stallion,1
sheisstellar,1
luvs,1
anzu,1
refer,1
flaw,1
epicentre,1
thair,1
majoring,1
compromised,1
prejudiced,1
reflect,1
mephisto,1
average,1
neyla,1
sexual,1
1w9,1
fruit,1
extrobert,1
specie,1
shield,1
rpm,1
arkham,1
cigar,1
unattainable,1
joseph,1
banned,1
expound,1
locked,1
asset,1
bean,1
womanly,1
built,1
aziz,1
cest,1
ghey,1
welcoming,1
fend,1
sasuske,1
prolong,1
increase,1
babe,1
reception,1
successfull,1
pi,1
russian,1
laughed,1
aphrikin,1
flood,1
sakti,1
employee,1
punditry,1
fatal,1
£12k,1
simultaneously,1
adequate,1
nuance,1
accumulates,1
divide,1
strategy,1
overpower,1
loake,1
lipstick,1
outlook,1
badminton,1
penned,1
alsoholic,1
hill,1
admitted,1
dismiss,1
reslult,1
swmbo,1
awkward,1
sybil,1
workplace,1
forming,1
engaging,1
artistical,1
lel,1
maximum,1
shakespeare,1
introducing,1
mioshi,1
hurting,1
chapter,1
mbit,1
sefii,1
dc,1
slytherin,1
trip,1
everton,1
manipulation,1
impulse,1
wisdom,1
barley,1
sucker,1
woodwork,1
dvd,1
patent,1
tissa,1
aim,1
forgotton,1
honor,1
specialty,1
ambiance,1
youviolate,1
motivates,1
limelight,1
politeness,1
smitten,1
kapil,1
stagger,1
disconnect,1
square,1
streamlined,1
thatd,1
caribbean,1
tank,1
muh,1
ignores,1
beret,1
monk,1
downward,1
drawer,1
wrap,1
luv,1
surrounding,1
table,1
progress,1
reject,1
paragragh,1
leash,1
undefined,1
unaffected,1
pyaasa,1
casually,1
pause,1
naaah,1
neeeed,1
brown,1
connecting,1
reservation,1
quon,1
bow,1
initating,1
hanna,1
9w1,1
theme,1
definitively,1
prey,1
evaluated,1
wannabe,1
lamentation,1
ordinarily,1
maniac,1
imecile,1
whew,1
misdial,1
reactive,1
infpso,1
oversimplification,1
ridiculously,1
bachelorette,1
darling,1
hq,1
importantly,1
suspicion,1
button,1
amar,1
faster,1
explaining,1
mewhen,1
daft,1
focued,1
comp,1
smash,1
nominate,1
river,1
tale,1
ww1,1
devient,1
overprotective,1
thumb,1
compare,1
esfpmy,1
distasteful,1
annoys,1
wallace,1
ear,1
maam,1
promoting,1
xstp,1
exhausting,1
retired,1
tear,1
rapport,1
platonically,1
frequents,1
conviction,1
wenever,1
judgement,1
lantern,1
thirteen,1
attack,1
whoa,1
fiance,1
gentle,1
pilgrim,1
mindful,1
donate,1
mesh,1
swoop,1
bernie,1
hammer,1
aka,1
heaven,1
spectrum,1
asks,1
fuck,1
nutellllllaaaaaaaa,1
technology,1
pirate,1
parmigiana,1
alterior,1
legitimate,1
east,1
vibration,1
summarize,1
reproduce,1
euro,1
highschool,1
shiny,1
smack,1
intertwinement,1
drake,1
verified,1
marlene,1
astralsoldier,1
threesome,1
maxim,1
doormat,1
welcum,1
castiel,1
proclaim,1
finish,1
eyed,1
individually,1
adveeeeeeenture,1
embodies,1
inventory,1
silly,1
miscommunicated,1
deadpan,1
punish,1
attracts,1
hazel,1
dressed,1
ting,1
vacinate,1
gall,1
chaper,1
interject,1
extend,1
insist,1
inrp,1
intertwined,1
tony,1
hermione,1
cello,1
juris,1
throught,1
envy,1
composer,1
coworker,1
attracted,1
linked,1
victimize,1
helpfulness,1
muyo,1
applied,1
prem,1
aria,1
paid,1
combined,1
che,1
buttering,1
accidentally,1
administrator,1
feminism,1
poster,1
pier,1
rhps,1
inflated,1
whneis,1
screen,1
estjnot,1
elsa,1
chuck,1
sauceyyy,1
4w5,1
diciendo,1
kjo,1
ordered,1
starter,1
maintains,1
mmmm,1
happiness,1
epicyclic,1
wake,1
pakistani,1
sliced,1
created,1
wtf,1
committing,1
halting,1
tolerance,1
liking,1
vocal,1
musical,1
padosan,1
irma,1
philz,1
excessively,1
slim,1
commanding,1
satisfying,1
restare,1
heartstrings,1
exposure,1
inn,1
critic,1
hawaii,1
esxj,1
rainbow,1
sharmaraju,1
unhappy,1
8w9estj,1
honorary,1
steer,1
proof,1
retailer,1
stray,1
pool,1
farmer,1
afternoon,1
obtained,1
cross,1
knowledgeable,1
victoriacaptain,1
sushi,1
canada,1
neil,1
whoever,1
vidya,1
miserable,1
conclusionin,1
realization,1
procrastinate,1
mosque,1
circumstance,1
bulge,1
tangent,1
latter,1
bedroom,1
blind,1
inspires,1
erudite,1
salty,1
lek373,1
differing,1
frustrates,1
furthermore,1
backout,1
satam,1
neg,1
etclist,1
chucked,1
scholarly,1
copied,1
poetry,1
impress,1
atheiste,1
previously,1
formulate,1
speculate,1
candidate,1
takemuch,1
socialist,1
greet,1
toward,1
yea,1
abandoned,1
jog,1
tutorial,1
diagnosis,1
fangirl,1
misdialed,1
lock,1
sfe,1
maui,1
sensitive,1
impaired,1
obey,1
chic,1
tumhare,1
droga,1
draining,1
relentless,1
belly,1
weep,1
bermuda,1
settle,1
hitting,1
netflix,1
socially,1
objectively,1
conundrum,1
plastic,1
laundromat,1
offense,1
san,1
beach,1
aunt,1
toontown,1
myslef,1
construction,1
danvers,1
believer,1
tak,1
irony,1
seasoned,1
moraly,1
slavery,1
labor,1
tangible,1
sexism,1
resident,1
en,1
concentrating,1
delusion,1
matlab,1
ceiling,1
wealth,1
misunderstanding,1
strategize,1
doll,1
ratigan,1
scorpio,1
49i,1
validity,1
procrastination,1
wheel,1
lima,1
complies,1
demand,1
cigarro,1
justify,1
shedragon,1
gesture,1
satisfactory,1
thinkas,1
intuitives,1
knowing,1
developmental,1
embarrassment,1
strictly,1
bid,1
penguin,1
tenshi,1
viewer,1
helpin,1
alcoholdo,1
sob,1
hcant,1
gf,1
wishing,1
frowned,1
hamlet,1
empirical,1
hemi,1
st,1
hiya,1
sfjs,1
html,1
sparkle,1
cocaína,1
profound,1
hypothetical,1
filler,1
invite,1
governance,1
illegible,1
skin,1
pinterest,1
bloodline,1
ba,1
decisive,1
percieved,1
bragging,1
comfortably,1
revenge,1
initiation,1
purple,1
provided,1
communicating,1
enxps,1
holy,1
frighten,1
lorelai,1
trained,1
flaunt,1
dean,1
athlete,1
experiment,1
nintendo,1
throne,1
methid,1
regiment,1
sleepy,1
magna,1
trek,1
chinese,1
inuyasha,1
bc,1
whim,1
pushy,1
wethat,1
lab,1
perceiver,1
auxiliary,1
humorous,1
champion,1
outspoken,1
carolina,1
ican,1
boot,1
itd,1
governed,1
sandwich,1
negotiation,1
jerk,1
weave,1
magic,1
ngo,1
laziness,1
grown,1
alternately,1
advance,1
surgical,1
kansa,1
astrology,1
merely,1
birdy,1
likn,1
vocalize,1
3d,1
protector,1
intake,1
evident,1
pf,1
maddie,1
strength,1
rescuetime,1
pop,1
tiring,1
bobby,1
adversity,1
reliable,1
creed,1
responding,1
jaw,1
holed,1
thankfully,1
orichimaru,1
counseling,1
conan,1
espacilly,1
cybersex,1
domesticated,1
distinction,1
whichever,1
astronomer,1
dropping,1
branch,1
associative,1
editing,1
refund,1
taokaka,1
gingered,1
requires,1
deliberately,1
cutoff,1
champagne,1
obviouscos,1
structured,1
texted,1
douche,1
staff,1
yugioh,1
rivetting,1
generall,1
viscovitz,1
maurier,1
metamorphisis,1
rapidly,1
stem,1
hesitating,1
sorryguysi,1
visionary,1
shapeshifters,1
marine,1
robotic,1
honour,1
revel,1
casualty,1
marathon,1
mode,1
clickbait,1
upif,1
unbelievably,1
uni,1
capcom,1
brooker,1
hire,1
rarer,1
ozziechick1966,1
pair,1
positionand,1
disproportionately,1
taiwan,1
crack,1
scored,1
athelstan,1
physicist,1
soundcloud,1
9w8,1
weytig,1
robert,1
nfps,1
recognizing,1
resembles,1
host,1
impractical,1
punch,1
theorizing,1
reddish,1
polar,1
radical,1
weirdo,1
stance,1
twitter,1
adaptive,1
responsbility,1
dig,1
admire,1
gasp,1
owned,1
hybrid,1
naaaah,1
peacemaker,1
idle,1
lawn,1
reinforced,1
dumping,1
burden,1
defense,1
cable,1
behave,1
trolled,1
supernatural,1
tibetian,1
sock,1
neural,1
pardon,1
perform,1
rigging,1
rig,1
comparable,1
birthday,1
convert,1
selection,1
lifestyle,1
fiber,1
verbal,1
steven,1
translate,1
competence,1
journal,1
concentrate,1
jerked,1
doped,1
awake,1
beauty,1
andon,1
graciously,1
lesser,1
dart,1
wheelie,1
neuroscience,1
resentful,1
monica,1
winged,1
relates,1
basis,1
lowering,1
determind,1
refrain,1
overall,1
copy,1
agreement,1
stereotyping,1
suggestive,1
banter,1
joplin,1
summed,1
eightish,1
mph,1
worthwhile,1
outwardly,1
entitled,1
soybean,1
discloses,1
processing,1
¿dónde,1
multi,1
entrance,1
panda,1
reached,1
sophomore,1
disney,1
town,1
grubby,1
unladylike,1
lookaceyi,1
earings,1
phrase,1
sexist,1
uncreative,1
eccentric,1
snail,1
cornelia,1
calmer,1
pastry,1
extended,1
homosexuality,1
quadrant,1
growth,1
digest,1
wood,1
lagertha,1
idk,1
landscape,1
inconvenient,1
thomas,1
sending,1
contol,1
warrior,1
japan,1
improving,1
organizational,1
sticky,1
12k,1
swear,1
manifesto,1
mofo,1
historian,1
clinic,1
idiotic,1
avril,1
soy,1
ruler,1
performer,1
third,1
muscular,1
krustray,1
paulina,1
voodoo,1
suffering,1
shattered,1
meafraid,1
china,1
hitleris,1
institute,1
democracry,1
facet,1
alones,1
disaster,1
heavenly,1
junior,1
swallowing,1
examining,1
steamrolled,1
citizen,1
juliarhyss,1
hollowen,1
tutoring,1
gto,1
crashing,1
yum,1
digit,1
mellowing,1
hardship,1
repeated,1
meand,1
capacity,1
carefully,1
melancholy,1
emotionless,1
standing,1
kettle,1
tolerant,1
moroccan,1
released,1
cosplaying,1
hail,1
cd,1
imbalance,1
clarify,1
spiral,1
uuuuuuuuuuu,1
reword,1
payscale,1
amanda,1
injured,1
scar,1
evolution,1
awareness,1
pc,1
invested,1
gamers,1
leat,1
pre,1
sin,1
ragnar,1
rarity,1
arise,1
sung,1
ailment,1
carrier,1
psychic,1
amy,1
couscous,1
workout,1
behttps,1
mail,1
degenerate,1
spawn,1
zoom,1
carrey,1
voicing,1
neurology,1
sketch,1
pupose,1
amusement,1
empathised,1
consideration,1
withdraw,1
foreign,1
whose,1
parallel,1
faithful,1
mojitos,1
shitthreads,1
mailing,1
determination,1
mausi,1
crucifying,1
rolling,1
abduction,1
dreamon,1
cultural,1
ar,1
bidding,1
opening,1
excess,1
pertains,1
stronghold,1
eater,1
resembling,1
1st,1
withdrawal,1
versatile,1
band,1
optimistic,1
brainless,1
frustrate,1
janes,1
possession,1
proposed,1
blahblahing,1
vb,1
anne,1
forrest,1
flirty,1
yugi,1
warned,1
dump,1
woud,1
kit,1
analyze,1
raltionship,1
pad,1
mystical,1
inults,1
constructive,1
seat,1
interpreting,1
european,1
picking,1
florida,1
pls,1
familiarity,1
recount,1
tissue,1
spelling,1
nurturers,1
entering,1
perfection,1
improvement,1
nan,1
torture,1
deserving,1
quicky,1
tj,1
amerikin,1
presidential,1
correlate,1
coding,1
besties,1
deselect,1
window,1
founding,1
masturbates,1
mysterious,1
archaeologist,1
unstable,1
guide,1
patch,1
fixed,1
distanced,1
melodi,1
stat,1
gauging,1
precursor,1
limited,1
awwww,1
drama,1
actor,1
conclusive,1
reckon,1
christmas,1
wick,1
pea,1
monalisa1710s,1
ion,1
insecure,1
absorbed,1
rugby,1
pouting,1
stong,1
chartered,1
littlebird,1
subforum,1
nivember,1
deter,1
noted,1
moonlight,1
muddy,1
pratt,1
refugee,1
carlin,1
inter,1
vive,1
grind,1
socialise,1
iare,1
mlady,1
sperm,1
kanji,1
esfps,1
puny,1
fond,1
mmos,1
incredible,1
gore,1
omg,1
precisely,1
fountain,1
woah,1
oil,1
wikipedia,1
notunlike,1
androgynous,1
starquill,1
caliber,1
intimidating,1
varied,1
shot,1
maust,1
fok,1
martin,1
imitate,1
rebecca,1
np,1
fav,1
spray,1
astrological,1
apologized,1
mistreated,1
trial,1
expensive,1
stronk,1
voted,1
intimidated,1
crisis,1
tumble,1
excitement,1
istps,1
corny,1
romantically,1
radiohead,1
piano,1
caffeine,1
fo,1
sigh,1
starving,1
minnesota,1
apt,1
simplest,1
judaism,1
casual,1
roseflower217,1
premise,1
peeve,1
americafirst,1
cosplay,1
prefers,1
gallery,1
php,1
tangle,1
imperfect,1
outgoing,1
du,1
occurrence,1
bulgar,1
bind,1
retsus,1
protested,1
rpgs,1
surreal,1
aaj,1
6w,1
wishful,1
establish,1
russell,1
september,1
doh,1
formally,1
imigrants,1
exagerating,1
dicking,1
drawback,1
ragyo,1
wasting,1
loosing,1
admitting,1
noticeable,1
museum,1
jonathan,1
succeed,1
minoring,1
kaiba,1
legislation,1
silentscream,1
speculation,1
offensively,1
academia,1
shopped,1
sighted,1
overly,1
fostered,1
materialistic,1
intps,1
superficially,1
seated,1
bang,1
intro,1
hah,1
beefhead,1
uand,1
outburst,1
alaska,1
tennis,1
holistic,1
logically,1
grows,1
complaint,1
hyperactive,1
ruffly,1
baelish,1
fluid,1
dance,1
180s,1
iphones,1
provider,1
spoken,1
leo,1
infant,1
goodbye,1
switching,1
crawl,1
tied,1
hopeful,1
francisco,1
afraid,1
corp,1
replied,1
estas,1
gurdians,1
surely,1
heh,1
alcoholic,1
adjusted,1
idealist,1
allison,1
housework,1
rose,1
suggesting,1
nearby,1
smithsonian,1
typeathome,1
simone,1
wark,1
continued,1
compassionately,1
daithi,1
ness,1
absorbing,1
congratulation,1
temperament,1
entered,1
dispair,1
beavoir,1
megan,1
aa,1
whiner,1
assumes,1
woo,1
covert,1
elaborate,1
entertainment,1
sf,1
thiesson,1
damon,1
author,1
climb,1
became,1
delta,1
hesitant,1
barack,1
polish,1
illness,1
iz,1
burned,1
police,1
owns,1
surprisingly,1
podunk,1
straw,1
disguised,1
frivolous,1
harsher,1
enjoyable,1
metronomy,1
smirk,1
utensil,1
inactive,1
lgbtq,1
soothing,1
shahada,1
flame,1
louis,1
slightly,1
linear,1
hockey,1
materialism,1
nevernevernever,1
court,1
figuratively,1
comedian,1
equestriadaily,1
elegance,1
specification,1
ckeditor,1
masjid,1
responsive,1
donyou,1
nerdy,1
whyi,1
validate,1
pretentious,1
hay,1
protected,1
truely,1
symbol,1
interface,1
causing,1
mary,1
astrophysicist,1
antiquity,1
resurface,1
dedicate,1
swan,1
atheist,1
denied,1
booth,1
tjs,1
alike,1
fly,1
50th,1
wmdistraction,1
organised,1
cher,1
comical,1
interpersonal,1
eating,1
sayin,1
reserve,1
pillow,1
silently,1
instrumental,1
pointless,1
affirm,1
york,1
rn,1
spoke,1
ifps,1
seal,1
fumemos,1
shirataki,1
observe,1
event,1
spy,1
goat,1
orr,1
claiming,1
strict,1
bram,1
query,1
michaela,1
frequency,1
motivated,1
soyr,1
paint,1
caring,1
passively,1
kilt,1
subtle,1
thres,1
doen,1
unrelated,1
smoke,1
traveler,1
exterior,1
superb,1
aspired,1
lucy,1
irl,1
mendi,1
combat,1
shrewd,1
myy,1
beatrice,1
bar,1
gate,1
belied,1
tiggywinkle,1
hired,1
illicit,1
touched,1
rpg,1
unknown,1
keystudio,1
hota,1
jason,1
loyal,1
silence,1
sweat,1
icsa,1
yoghurt,1
katrina,1
promote,1
ghost,1
virginia,1
civil,1
waking,1
vernon,1
typo,1
shelter,1
chip,1
christianity,1
therapist,1
carried,1
greeting,1
powerful,1
rat,1
federalist,1
drop,1
blair,1
crossed,1
jerky,1
intruded,1
personi,1
remake,1
creek,1
sporting,1
thorough,1
notable,1
opera,1
blunk,1
stranger,1
exemple,1
colored,1
reek,1
carry,1
behold,1
v8,1
stan,1
el,1
allowing,1
lounge,1
strive,1
location,1
weet,1
coined,1
succumbing,1
mound,1
lonesome,1
saheb,1
laid,1
arm,1
onthe,1
alpha,1
jewish,1
fractal,1
hurricane,1
enjoyed,1
songbut,1
improved,1
immigrant,1
participating,1
soap,1
irrational,1
joint,1
loner,1
arthur,1
aluminum,1
miriamisfj,1
sam,1
coordinated,1
fucked,1
strike,1
leaned,1
obsessive,1
portray,1
qustion,1
hating,1
assessment,1
armour,1
lucious,1
un,1
continuum,1
kicked,1
martyr,1
preferred,1
regular,1
golf,1
zatchs,1
injury,1
slay,1
knock,1
singer,1
challenging,1
ostracism,1
seeming,1
escalate,1
diamond,1
softie,1
parade,1
outrageous,1
consult,1
gena,1
offered,1
concerning,1
invasive,1
pipe,1
wheeeeee,1
kanren,1
sanitized,1
bridds,1
skydiving,1
reinvent,1
