,0
im,773
like,767
dont,589
think,516
one,465
get,465
people,464
estp,418
know,415
really,342
type,332
would,329
thing,309
ive,301
time,291
well,281
friend,260
http,256
make,249
good,241
say,227
see,221
way,217
want,216
go,207
much,203
something,188
also,176
thats,174
youre,171
someone,164
sure,164
lot,162
even,161
feel,161
could,161
got,161
life,160
always,158
love,153
pretty,150
guy,148
never,143
lol,141
estps,136
right,133
cant,133
need,132
mean,132
though,132
going,130
thought,129
said,129
work,128
person,126
take,124
actually,123
usually,123
hundred,123
two,120
come,118
first,118
istp,118
best,112
year,111
find,110
look,109
thread,109
around,108
maybe,108
read,107
fun,107
probably,107
entp,106
infj,105
tell,101
day,101
yeah,101
doesnt,101
didnt,101
guess,99
ill,97
let,95
point,95
still,94
anything,93
post,92
yes,91
many,91
function,91
back,90
different,89
try,88
intj,87
seems,87
id,86
long,86
question,84
istj,83
feeling,82
intp,82
little,81
thanks,81
relationship,81
se,81
kind,80
esfp,80
test,80
girl,79
talk,78
sound,78
trying,77
bad,76
new,75
sense,74
care,74
cool,74
better,74
help,73
talking,73
agree,73
seem,72
thousand,72
mbti,72
use,71
enfp,71
give,71
ever,71
others,70
sometimes,70
since,70
everything,68
theyre,68
great,68
shit,67
isnt,66
personality,66
ni,66
school,65
stuff,65
looking,65
mind,65
hard,64
every,64
put,64
everyone,63
experience,63
entj,63
infp,62
interesting,62
job,62
thinking,61
fe,60
oh,60
video,60
else,60
ti,59
might,58
fi,58
isfj,58
bit,57
definitely,57
anyone,57
understand,57
may,57
wrong,57
part,56
high,56
problem,56
show,55
getting,54
esfj,54
last,53
nothing,53
word,53
keep,53
made,53
however,53
example,53
sorry,52
especially,52
man,52
often,52
world,51
seven,51
hate,51
forum,51
twenty,51
book,50
game,50
done,50
either,50
na,49
took,49
awesome,49
female,49
used,48
etc,48
exactly,48
wouldnt,48
already,48
along,48
ask,47
enjoy,47
tend,47
enough,47
believe,47
reading,47
using,47
saying,47
self,46
real,46
crazy,46
reason,46
laughing,46
true,46
play,46
place,45
almost,45
woman,45
issue,45
ne,45
hell,45
started,44
sex,44
whatever,44
start,44
quite,43
arent,43
happy,43
five,43
answer,43
wasnt,43
ago,42
idea,42
character,42
conversation,42
thank,42
estj,42
case,42
whats,42
another,41
far,41
told,41
emotion,41
social,41
old,40
certain,40
mom,40
eye,40
kid,40
found,40
without,40
whole,40
fact,40
si,39
isfp,39
stop,39
ok,39
enfj,39
four,39
kinda,39
big,38
situation,38
shes,38
close,38
working,38
seen,38
call,37
interested,37
head,37
attention,37
nice,37
sort,37
hey,37
three,37
weird,37
sent,37
rather,36
class,36
welcome,36
god,36
hello,36
able,36
thirty,36
havent,36
open,35
matter,35
wont,35
picture,35
super,35
face,35
te,35
live,35
curious,34
funny,34
description,34
came,34
theory,34
went,34
music,34
male,34
easy,33
away,33
haha,33
youve,33
making,33
le,33
mine,32
enneagram,32
bored,32
family,32
fifty,32
relate,32
personally,32
opinion,32
fuck,32
wanted,32
least,32
dating,32
totally,31
course,31
hour,31
mostly,31
depends,31
change,31
turn,31
name,31
week,31
unless,31
home,31
stay,31
hand,30
ten,30
although,30
must,30
anyway,30
fit,30
remember,30
difference,30
met,30
phone,29
story,29
outside,29
cause,29
six,29
common,29
okay,29
alone,29
gon,29
dad,28
car,28
noticed,28
today,28
introverted,28
act,28
child,28
eight,28
general,28
sixty,28
college,28
basically,27
generally,27
choice,27
next,27
night,27
interview,27
felt,27
wow,27
second,27
house,27
typing,27
seventy,27
nine,27
movie,27
emotional,27
month,27
likely,27
trust,27
interaction,27
suck,27
term,26
page,26
end,26
dream,26
pick,26
past,26
plan,26
group,26
meant,26
add,26
couple,26
based,26
party,26
damn,26
iphone,26
wink,26
personal,26
level,26
side,26
brother,26
share,25
recently,25
sad,25
tongue,25
dude,25
consider,25
alot,25
learn,25
stand,25
men,25
entps,25
interest,25
money,25
intjs,25
taking,25
advice,25
watch,25
wan,24
twelve,24
move,24
view,24
infjs,24
joke,24
wish,24
hmm,24
deal,24
body,24
tried,24
fine,24
sleep,24
become,24
asked,24
together,24
intps,24
cry,24
short,24
respect,24
information,24
sister,23
bunch,23
similar,23
tapatalk,23
towards,23
action,23
mother,23
trait,23
result,23
strong,23
honestly,23
playing,23
sp,23
boring,23
easily,23
list,23
line,23
watching,23
possible,22
asking,22
laugh,22
favorite,22
moment,22
dom,22
figure,22
main,22
saw,22
typed,22
except,22
speak,22
eighty,21
taken,21
hope,21
art,21
humor,21
simply,21
liked,21
skill,21
wait,21
dominant,21
couldnt,21
parent,21
heard,21
happened,21
somebody,21
small,21
left,20
called,20
boyfriend,20
edit,20
instead,20
fucking,20
free,20
hear,20
cognitive,20
prefer,20
drunk,20
lack,20
control,20
sx,20
lead,20
leave,20
drug,20
clearly,20
rule,20
lose,20
trouble,19
introvert,19
seriously,19
step,19
entire,19
yea,19
skype,19
stupid,19
please,19
top,19
baby,19
forty,19
important,19
easier,19
hold,19
language,19
stereotype,19
completely,19
sport,19
stranger,19
coming,19
food,19
room,19
random,19
form,18
fall,18
opposite,18
esfjs,18
idk,18
running,18
7w8,18
value,18
future,18
walk,18
meaning,18
contact,18
extremely,18
imagine,18
single,18
hurt,18
youll,18
correct,18
ignore,18
date,18
listen,18
happen,18
clear,18
extroverted,18
doubt,18
focus,17
explain,17
whether,17
perfect,17
constantly,17
link,17
knew,17
needed,17
write,17
absolutely,17
response,17
break,17
via,17
yet,17
speaking,17
supposed,17
unhealthy,17
normal,17
song,17
inferior,17
dumb,16
somewhat,16
preference,16
learned,16
number,16
order,16
user,16
non,16
father,16
logic,16
listening,16
socionics,16
physical,16
option,16
entjs,16
computer,16
enfps,16
busy,16
bitch,16
mental,16
meet,16
notice,16
pay,16
seeing,16
friendship,16
eventually,16
drive,16
straight,16
writing,16
cute,16
simple,16
ex,16
honest,16
decision,16
topic,16
talked,16
posted,15
tv,15
gotten,15
half,15
lady,15
nope,15
ninety,15
stress,15
yep,15
evil,15
plus,15
wonder,15
knowledge,15
behind,15
obvious,15
xd,15
subject,15
hit,15
law,15
heart,15
hi,15
comfortable,15
reaction,15
key,15
realize,15
inside,15
complete,15
site,15
imo,15
buy,15
angry,15
math,15
loved,14
accept,14
check,14
insight,14
impression,14
forget,14
annoying,14
aspect,14
intuitive,14
otherwise,14
bring,14
score,14
butthole,14
amazing,14
full,14
dislike,14
communication,14
appreciate,14
obviously,14
tired,14
challenge,14
sweet,14
ability,14
cut,14
age,14
agreed,14
article,14
happens,14
youd,14
suppose,14
sensor,14
hang,14
worst,14
photo,14
express,14
proud,14
known,14
afraid,14
human,14
extrovert,14
sign,14
city,14
somewhere,14
highly,14
isfjs,14
worked,14
worth,14
positive,14
specific,14
late,14
gave,13
tested,13
letter,13
wife,13
argument,13
fast,13
career,13
omg,13
young,13
behavior,13
deep,13
described,13
support,13
intuition,13
upset,13
unsure,13
ball,13
naturally,13
considered,13
exact,13
logical,13
glad,13
perhaps,13
sit,13
strength,13
asshole,13
anyways,13
adventure,13
society,13
individual,13
lmao,13
business,13
perc,13
shut,13
older,13
piss,13
white,13
certainly,13
wine,13
dark,13
lost,13
sensing,13
style,13
expect,13
shy,13
healthy,13
rest,13
student,13
starting,13
fear,13
eat,13
front,13
perspective,13
hot,13
spend,13
goal,13
infps,13
negative,13
living,13
dated,13
moving,13
shouldnt,13
dear,13
none,13
currently,13
rude,13
effect,13
chance,13
married,13
walking,13
kill,13
sensitive,13
mess,12
truly,12
title,12
everybody,12
ah,12
extreme,12
summer,12
intention,12
accurate,12
awkward,12
attracted,12
jetplane48,12
connection,12
hair,12
tough,12
circle,12
useful,12
assume,12
begin,12
effort,12
played,12
related,12
across,12
benefit,12
science,12
partner,12
fellow,12
upon,12
serious,12
changed,12
near,12
whenever,12
telling,12
chill,12
team,12
slow,12
adhd,12
vibe,12
worse,12
chick,12
gone,12
eh,12
worry,12
planning,12
hahaha,12
mix,12
state,12
black,12
space,12
natural,12
btw,12
describe,12
avoid,12
street,12
stick,12
fight,12
follow,12
statement,11
potential,11
direct,11
primary,11
direction,11
learning,11
tea,11
rock,11
smart,11
reply,11
ton,11
crap,11
scared,11
closest,11
bed,11
discussion,11
scene,11
voice,11
bought,11
huge,11
possibly,11
quote,11
dunno,11
given,11
decided,11
op,11
yesterday,11
finding,11
run,11
animal,11
join,11
doms,11
community,11
system,11
enfjs,11
nature,11
cold,11
online,11
hanging,11
hopefully,11
text,11
wrote,11
warm,11
confused,11
active,11
posting,11
fairly,11
grade,11
energy,11
suggest,11
process,11
due,11
middle,11
spot,11
special,11
instance,11
boy,11
yay,11
crush,11
respond,11
power,11
pain,11
track,11
mainly,11
rarely,11
eighteen,11
dead,10
click,10
difficult,10
anxiety,10
caring,10
section,10
tip,10
rare,10
feeler,10
physically,10
fix,10
season,10
forward,10
vague,10
ish,10
pop,10
expression,10
source,10
soon,10
truth,10
seemed,10
hug,10
third,10
fly,10
silly,10
box,10
pressure,10
teacher,10
aware,10
wall,10
intense,10
table,10
degree,10
health,10
dick,10
weve,10
stereotypical,10
fake,10
touch,10
rain,10
wear,10
low,10
mad,10
younger,10
set,10
seventeen,10
nah,10
wondering,10
possibility,10
moral,10
company,10
avatar,10
forgot,10
9w8,10
joking,10
confidence,10
wearing,10
lying,10
plenty,10
particularly,10
convinced,10
within,10
sooo,10
minute,10
specifically,10
office,10
member,10
anymore,10
internet,10
activity,10
quiet,10
driving,10
understanding,10
confident,10
judging,10
mood,10
club,10
bos,10
depression,10
distance,10
depending,10
giving,10
figured,9
according,9
board,9
popular,9
fifteen,9
necessarily,9
intelligence,9
color,9
match,9
intelligent,9
zone,9
written,9
drinking,9
cough,9
project,9
tho,9
flirting,9
reality,9
dog,9
ha,9
shitty,9
image,9
circumstance,9
content,9
lazy,9
visual,9
requires,9
amount,9
istjs,9
comment,9
ta,9
hoping,9
watched,9
rolleyes,9
admire,9
quick,9
drink,9
involved,9
turned,9
nt,9
shot,9
decide,9
later,9
quality,9
early,9
introversion,9
esfps,9
phase,9
staying,9
loud,9
win,9
higher,9
count,9
conclusion,9
several,9
message,9
sarcastic,9
fan,9
calm,9
putting,9
obnoxious,9
istps,9
ready,9
typical,9
flirt,9
tree,9
travel,9
finally,9
scenario,9
daily,9
isfps,9
estjs,9
disorder,9
ride,9
offer,9
gender,9
basketball,9
morning,9
suggestion,8
huh,8
boundary,8
sixteen,8
weekend,8
letting,8
changing,8
knowing,8
neutral,8
closer,8
present,8
quit,8
store,8
8w7,8
clue,8
masculine,8
slytherin,8
experienced,8
esteem,8
death,8
wake,8
longer,8
son,8
average,8
secondary,8
kick,8
studying,8
fully,8
asks,8
drama,8
significant,8
coffee,8
surprise,8
roommate,8
drop,8
relevant,8
breaking,8
creative,8
total,8
research,8
3w2,8
regard,8
aint,8
honesty,8
ya,8
observation,8
wing,8
born,8
actual,8
period,8
position,8
purpose,8
depressed,8
crime,8
prone,8
oriented,8
fish,8
explains,8
girlfriend,8
understood,8
driver,8
excuse,8
admit,8
keeping,8
detail,8
entertaining,8
quickly,8
sitting,8
literally,8
surely,8
waste,8
choose,8
realized,8
shock,8
evans,8
jump,8
mention,8
vote,8
sps,8
attitude,8
theyd,8
uh,8
pa,8
aside,8
miss,8
biggest,8
private,8
public,8
sleeping,8
swear,8
dance,8
million,8
missing,8
debate,8
moved,8
buddy,8
sentence,8
alternative,8
talkative,8
setting,8
english,8
romantic,8
profile,8
definition,8
gift,8
egg,8
build,8
blah,8
thus,8
taste,8
helpful,8
broke,8
authority,7
player,7
create,7
extent,7
bet,7
min,7
toward,7
attractive,7
tbh,7
data,7
ixtp,7
feminine,7
stuck,7
potter,7
exercise,7
star,7
uk,7
heat,7
developed,7
factor,7
recent,7
force,7
loop,7
kept,7
clothes,7
shallow,7
secret,7
lord,7
explanation,7
harry,7
meeting,7
familiar,7
eleven,7
frustrating,7
picking,7
draw,7
attraction,7
kitteh,7
symbol,7
youtube,7
psychopathy,7
wise,7
category,7
compliment,7
vampire,7
center,7
ego,7
impulsive,7
sherlock,7
bothered,7
identify,7
clean,7
religion,7
handle,7
double,7
nobody,7
psychopath,7
enjoying,7
gut,7
university,7
religious,7
enjoyed,7
valid,7
irrational,7
emotionally,7
tone,7
major,7
red,7
helped,7
nonsense,7
asleep,7
basis,7
monemi,7
environment,7
em,7
mistyped,7
odd,7
chose,7
attempt,7
teenage,7
size,7
marry,7
smell,7
trick,7
tomboy,7
senior,7
selfish,7
mentioned,7
xstj,7
shocked,7
country,7
stressed,7
weak,7
nineteen,7
gay,7
bigger,7
chicken,7
temperament,7
info,7
fire,7
door,7
nail,7
pissed,7
chat,7
willing,7
blunt,7
versus,7
answered,7
develop,7
switch,7
paranoid,7
piece,7
4w5,7
comic,7
anybody,7
lived,7
mature,7
website,7
therefore,7
bro,7
mate,7
lay,7
apparently,7
sick,7
trusting,7
socially,7
calvin,7
waiting,7
twin,7
sexual,7
fantasy,7
account,7
surprised,7
fault,7
sub,7
daughter,7
hilarious,7
push,7
mistake,6
werent,6
sadness,6
compared,6
iq,6
button,6
losing,6
acting,6
ennegram,6
pic,6
abstract,6
devil,6
stressful,6
somehow,6
8w9,6
shadow,6
intellectual,6
smirk,6
concept,6
solid,6
cmon,6
apparent,6
basic,6
anger,6
childhood,6
facebook,6
def,6
looked,6
original,6
medium,6
include,6
lmfao,6
winning,6
prove,6
favor,6
motion,6
memory,6
plane,6
earth,6
church,6
beating,6
sober,6
conflict,6
passion,6
standard,6
blue,6
limited,6
borderline,6
balanced,6
road,6
explore,6
leaving,6
atleast,6
throw,6
complaining,6
spiritual,6
ring,6
abuse,6
instinct,6
fantastic,6
affirmation,6
keyboard,6
normally,6
esxp,6
ppl,6
annoyed,6
disagree,6
metal,6
itll,6
focused,6
reasoning,6
lately,6
insult,6
glass,6
heavily,6
folk,6
lucky,6
bar,6
conscious,6
previous,6
charming,6
yo,6
disappointed,6
billion,6
success,6
aggressive,6
happening,6
event,6
method,6
fourth,6
seek,6
smoking,6
paste,6
stopped,6
pull,6
immediately,6
marriage,6
essentially,6
author,6
jerk,6
threw,6
terrible,6
development,6
everywhere,6
die,6
directly,6
lifestyle,6
badly,6
range,6
everyday,6
brought,6
mark,6
conservative,6
briggs,6
mutual,6
sorta,6
belong,6
cousin,6
split,6
bone,6
bullshit,6
majority,6
balance,6
spent,6
ignoring,6
appear,6
tends,6
adrenaline,6
police,6
incredibly,6
fourteen,6
vagina,6
america,6
light,6
intuitives,6
cat,6
beginning,6
card,6
rage,6
attack,6
romantically,6
guitar,6
brain,6
regret,6
universe,6
web,6
town,6
foot,6
pretend,6
water,6
hobbes,6
7w6,6
inner,6
study,6
applies,6
violin,6
captain,6
alright,6
pizza,6
manipulate,6
version,6
manner,6
return,6
extroversion,6
bill,6
soul,6
beat,6
grow,6
bump,6
band,6
episode,6
ahead,6
appreciated,6
husband,6
st,6
ended,6
sum,6
unfortunately,6
doctor,6
horse,6
meh,6
plain,6
shirt,6
relaxed,6
outgoing,6
friendly,6
jack,6
leader,6
freaking,6
yup,6
field,6
forced,6
taught,5
motivation,5
threat,5
shoot,5
role,5
advocate,5
texting,5
slightly,5
lean,5
aloof,5
tert,5
documentary,5
radio,5
poster,5
scary,5
figuring,5
forever,5
task,5
aristocratic,5
pet,5
kidding,5
copy,5
presence,5
unique,5
hated,5
misunderstood,5
blow,5
considering,5
expected,5
semester,5
empathy,5
credit,5
stack,5
analogy,5
reserved,5
congratulation,5
roll,5
burn,5
capable,5
continue,5
sexist,5
walked,5
describing,5
nf,5
regardless,5
realise,5
teaching,5
intended,5
bother,5
wasting,5
unrelated,5
fair,5
pulled,5
pure,5
stronger,5
theoretical,5
controlling,5
shift,5
hardly,5
skip,5
japanese,5
habit,5
exploring,5
beta,5
dry,5
affect,5
fucked,5
hero,5
onto,5
interact,5
i´ve,5
contest,5
essay,5
mass,5
whiskey,5
fixed,5
useless,5
spider,5
loyal,5
shopping,5
exam,5
hiding,5
solution,5
psychology,5
trapped,5
antisocial,5
loyalty,5
charge,5
illness,5
army,5
complicated,5
teen,5
boredom,5
organized,5
approach,5
aux,5
sensory,5
cooking,5
island,5
don´t,5
excited,5
lower,5
shower,5
shed,5
perception,5
save,5
cafe,5
offend,5
showing,5
censor,5
unknown,5
relates,5
twice,5
pro,5
following,5
carry,5
abusive,5
strange,5
rational,5
beautiful,5
convince,5
passive,5
vehicle,5
relatively,5
code,5
built,5
schedule,5
ideal,5
competitive,5
king,5
killed,5
pattern,5
passionate,5
nearly,5
blushed,5
disturbing,5
sibling,5
holding,5
dreaming,5
wonderful,5
concert,5
9w1,5
news,5
trump,5
dinner,5
badass,5
corinthian,5
athletic,5
liking,5
disney,5
american,5
grin,5
mr,5
viizzy,5
princess,5
san,5
apply,5
mac,5
comfort,5
driven,5
correlation,5
mouth,5
wanting,5
insulting,5
wtf,5
blonde,5
scored,5
safe,5
jealous,5
worker,5
current,5
orange,5
mode,5
thirteen,5
update,5
cleaning,5
greatest,5
whoa,5
involve,5
ear,5
frequently,5
shoe,5
hobby,5
minded,5
report,5
invite,5
fail,5
wierd,5
duty,5
pant,5
dare,5
series,5
writer,5
joining,5
suit,5
context,5
blast,5
kiss,5
appeal,5
gf,5
pursue,5
weakness,5
meat,5
irl,5
concern,5
internally,5
fiction,5
reddit,5
desire,5
material,5
scream,5
dictionary,5
6w7,5
mixed,5
referring,5
diagnosed,5
history,5
judge,5
poor,5
com,5
objective,5
falling,5
planet,5
lotr,5
blind,5
flying,5
bath,5
dress,5
pleasure,5
jean,5
wed,5
ow,5
freak,5
distracted,5
linked,5
favourite,5
flow,5
independent,5
hater,5
beer,5
drawn,5
eyebrow,5
feminism,5
neither,5
bothering,5
fresh,5
google,5
hehe,5
supervisor,4
aw,4
war,4
determine,4
boat,4
defined,4
heh,4
hop,4
stole,4
adult,4
zombie,4
strike,4
ran,4
robert,4
sigh,4
dig,4
rich,4
exxp,4
leading,4
oil,4
duality,4
alive,4
gesture,4
reject,4
auxiliary,4
spam,4
default,4
manage,4
tease,4
raise,4
nerd,4
grammar,4
guilty,4
screwed,4
market,4
path,4
bus,4
involves,4
weight,4
minimum,4
initially,4
1w9,4
forth,4
perceiving,4
received,4
crack,4
profession,4
temperature,4
expectation,4
personnality,4
troll,4
loner,4
bitter,4
cookie,4
silent,4
allowed,4
poke,4
existence,4
externally,4
difficulty,4
instantly,4
communicate,4
cuz,4
kawaii,4
lawyer,4
respectful,4
cell,4
grey,4
atheist,4
extraverted,4
screen,4
democratic,4
garbage,4
exist,4
typically,4
soap,4
acknowledge,4
daring,4
shake,4
beauty,4
winter,4
analysis,4
note,4
risk,4
reach,4
beach,4
audience,4
axis,4
assumed,4
hungry,4
crude,4
straightforward,4
belief,4
hahah,4
nut,4
charlie,4
shell,4
3w4,4
listened,4
john,4
lab,4
expressive,4
inappropriate,4
rely,4
paying,4
offense,4
tywin,4
gross,4
record,4
butt,4
transportation,4
stereotyping,4
react,4
adapt,4
halloween,4
apology,4
patient,4
template,4
confusing,4
accident,4
extravert,4
sounded,4
accepted,4
approaching,4
sj,4
ugly,4
venting,4
luck,4
laughed,4
interpret,4
virgin,4
rpgs,4
dumped,4
sold,4
ticket,4
practice,4
coach,4
ease,4
agreement,4
hmmm,4
phrase,4
silence,4
calling,4
email,4
whilst,4
ice,4
costume,4
shoulder,4
eating,4
stimulating,4
awhile,4
depth,4
pillow,4
multiple,4
variant,4
camera,4
besides,4
soft,4
exaggerated,4
fictional,4
separate,4
tomorrow,4
rush,4
thankful,4
inability,4
insensitive,4
search,4
required,4
instruction,4
developing,4
crowd,4
modern,4
privacy,4
seeking,4
snow,4
global,4
opened,4
sexy,4
superior,4
patience,4
dr,4
cue,4
rofl,4
medication,4
gif,4
artist,4
gym,4
assuming,4
facial,4
nose,4
faster,4
caught,4
ultimately,4
jesus,4
hows,4
drawing,4
government,4
stumbled,4
gryffindor,4
air,4
worried,4
priority,4
harsh,4
visually,4
iron,4
cheese,4
growing,4
remark,4
pool,4
sky,4
happiness,4
birthday,4
raised,4
picked,4
ridiculous,4
impossible,4
hed,4
depress,4
stone,4
zoe,4
fill,4
treat,4
creepy,4
lame,4
improve,4
anxious,4
opportunity,4
contrast,4
wash,4
available,4
lock,4
2nd,4
cheated,4
provided,4
thick,4
truck,4
barely,4
condition,4
magical,4
misconception,4
oldest,4
overall,4
cop,4
library,4
pm,4
poorly,4
playful,4
annoy,4
anime,4
everytime,4
base,4
unlike,4
cross,4
ocd,4
tendency,4
holiday,4
genuinely,4
compromise,4
faith,4
viewed,4
accomplish,4
equal,4
ahaha,4
encountered,4
remind,4
spontaneous,4
sat,4
laid,4
soo,4
obsessed,4
idiot,4
alien,4
flickr,4
trillion,4
label,4
cha,4
bastard,4
stab,4
scale,4
differently,4
protect,4
reckless,4
grew,4
lover,4
nowhere,4
judgmental,4
missed,4
hearing,4
sadly,4
murder,4
sunday,4
ruling,4
created,4
pride,4
inxxs,4
tension,4
pc,4
sale,4
airport,4
structure,4
douche,4
dealing,4
productive,4
decent,4
liberal,4
parrot,4
surface,4
touching,4
2w1,4
interestingly,4
speech,4
jumping,4
weed,4
speeding,4
highschool,4
relation,4
chaotic,4
dang,4
impact,4
river,4
lonely,4
intent,4
rarest,4
witty,4
headache,4
finish,4
external,4
curiosity,4
porn,4
fizz,4
apart,4
evidence,4
capitol,4
regarding,4
bipolar,4
brilliant,4
la,4
lie,4
concerned,4
perceiver,4
died,4
claiming,4
salt,4
unstable,4
discovered,4
smooth,4
machine,4
bout,4
communicating,4
suddenly,4
isolation,4
gain,4
feed,4
influence,4
similarity,4
tattoo,4
bear,4
bottom,4
5w6,4
pencil,4
cheat,4
supposedly,4
agnostic,4
provide,4
opposed,4
occur,4
portion,4
london,4
responded,3
clubbing,3
agius32,3
mall,3
surfing,3
commit,3
dreaded,3
abandon,3
included,3
noise,3
fox,3
ephemereality,3
whore,3
steal,3
overly,3
reluctant,3
5w4,3
branchmonkey,3
aviation,3
football,3
ignorance,3
anna,3
prank,3
hooked,3
danny,3
master,3
platform,3
unusual,3
tactic,3
distraction,3
practically,3
famous,3
reverse,3
initial,3
register,3
bye,3
powerful,3
nazi,3
surrounded,3
blocked,3
outdated,3
reggaeton,3
passing,3
anakin,3
failing,3
scarlet,3
willed,3
doer,3
shame,3
artistic,3
xsfj,3
catch,3
disclaimer,3
inconvenience,3
ooh,3
fried,3
sweat,3
focusing,3
organize,3
discussed,3
failed,3
fantasize,3
lolz,3
prison,3
affection,3
mod,3
charm,3
meditation,3
excitement,3
visiting,3
deserve,3
guarantee,3
pre,3
popped,3
german,3
spotlight,3
native,3
extra,3
twisted,3
ups,3
conclude,3
ambition,3
roller,3
exists,3
reminds,3
feedback,3
behave,3
legalized,3
jam,3
mi,3
elementary,3
mellow,3
ate,3
tl,3
tick,3
sole,3
stubborn,3
causing,3
freedom,3
struggle,3
everyones,3
italy,3
culture,3
alpha,3
bravo,3
whoever,3
loser,3
fap,3
grace,3
strongly,3
president,3
guardian,3
grab,3
injury,3
somethings,3
applied,3
includes,3
katherine,3
territory,3
rand,3
cast,3
net,3
rice,3
shared,3
al,3
perfectly,3
connect,3
labor,3
vine,3
dj,3
automatically,3
spring,3
resource,3
believable,3
bore,3
hypothetical,3
minor,3
tool,3
stimulation,3
wouldve,3
lucid,3
worthy,3
stir,3
hole,3
xxtp,3
burnt,3
multi,3
paul,3
drum,3
bully,3
panda,3
czech,3
refuse,3
sparrow,3
improvement,3
local,3
originally,3
broken,3
introduce,3
clicked,3
bomb,3
irritating,3
scratch,3
location,3
fb,3
whose,3
defiantly,3
subjective,3
yr,3
ugh,3
tonight,3
hidden,3
reasonable,3
alike,3
reputation,3
jake,3
roof,3
input,3
impressed,3
lip,3
assumption,3
bug,3
paragraph,3
outwardly,3
workout,3
gambling,3
mesh,3
itd,3
shop,3
zip,3
pewdiepie,3
analyzing,3
el,3
bold,3
scattered,3
anyhow,3
release,3
genius,3
large,3
final,3
matured,3
indecisiveness,3
halo,3
channel,3
traditional,3
subtle,3
lesbian,3
euphonium,3
moderate,3
stable,3
court,3
dangerous,3
deeper,3
nosed,3
leaning,3
nude,3
supervisee,3
toe,3
cap,3
flip,3
unwanted,3
classical,3
incompetent,3
seattle,3
nahh,3
lion,3
psycho,3
rebellious,3
east,3
throughout,3
realizing,3
innocent,3
attract,3
tsk,3
land,3
soldier,3
puzzle,3
blank,3
openess,3
redneck,3
display,3
fat,3
dub,3
hella,3
ahh,3
stating,3
tertiary,3
1w2,3
assertive,3
artisan,3
manipulation,3
christ,3
solve,3
replace,3
tequila,3
extraversion,3
connecting,3
fighting,3
civil,3
sharing,3
popcorn,3
trauma,3
happier,3
pan,3
eugenics,3
cardio,3
practical,3
protein,3
accusing,3
aka,3
argue,3
beyond,3
per,3
manipulative,3
dichotomy,3
evening,3
object,3
yoda,3
pub,3
tear,3
united,3
spirit,3
fallacy,3
recognize,3
particular,3
rolling,3
interpreted,3
encounter,3
affectionate,3
centered,3
humorous,3
magic,3
manager,3
accepts,3
england,3
monkey,3
race,3
survey,3
fulfill,3
hardest,3
bird,3
bike,3
clingy,3
kicked,3
avenger,3
volunteering,3
pushed,3
paint,3
listed,3
joined,3
alternate,3
primarily,3
agent,3
movement,3
uni,3
6w5,3
operating,3
nonetheless,3
strongest,3
guessing,3
professor,3
depressing,3
racism,3
stumble,3
utilize,3
edgy,3
regular,3
kitchen,3
thinker,3
dressing,3
allow,3
hip,3
condescending,3
bag,3
harder,3
helping,3
despise,3
document,3
employee,3
candy,3
added,3
adventurous,3
subservient,3
masturbate,3
tale,3
eric,3
require,3
bible,3
dragon,3
fired,3
explaining,3
submissive,3
held,3
oops,3
christian,3
cheer,3
accepting,3
vinny,3
participation,3
instinctual,3
sensation,3
gap,3
trend,3
uncomfortable,3
communism,3
cooky,3
ratio,3
inxj,3
outer,3
building,3
twilight,3
lego,3
leaf,3
cliche,3
greater,3
crappy,3
screw,3
clown,3
philosophy,3
directness,3
apple,3
hence,3
fastest,3
app,3
meyer,3
racist,3
lucas,3
sell,3
irony,3
stayed,3
chatterbox,3
behaviour,3
mask,3
dc,3
npd,3
stone100674,3
wealth,3
glance,3
compare,3
selling,3
peer,3
sensational,3
depend,3
muscle,3
longest,3
victim,3
gorgeous,3
ect,3
classic,3
warehouse,3
creating,3
girly,3
hostile,3
gaming,3
define,3
nailed,3
necessary,3
grip,3
lasting,3
claim,3
alice,3
suffering,3
flew,3
catholic,3
diagnosis,3
spending,3
thoughtful,3
clothing,3
anywhere,3
professional,3
trigger,3
racing,3
enjoys,3
holy,3
marguerite,3
extj,3
indulge,3
immature,3
kevin,3
sore,3
quiz,3
dynamic,3
became,3
acquaintance,3
opera,3
throne,3
amuse,3
tech,3
load,3
charmer,3
addicted,3
finger,3
tune,3
entirely,3
isxp,3
paired,3
core,3
guard,3
effectively,3
intensifies,3
concentrate,3
colour,3
row,3
rid,3
filled,3
snowboarding,3
anythin9,3
smile,3
smoked,3
traumatic,3
earlier,3
cuss,3
staring,3
sacral,3
fuckin,3
plot,3
fling,3
dominate,3
vulnerable,3
dramatic,3
skin,3
recall,3
experiencing,3
indeed,3
trash,3
attended,3
wild,3
stem,3
smiley,3
central,3
keen,3
minority,3
actualized,3
martial,3
spends,3
suggestive,3
surroundings,3
intimidate,3
stupidity,3
shortcut,3
floor,3
offended,3
um,3
randomly,3
hide,3
tangent,3
contribution,3
despite,3
traveler,3
baseball,3
2w3,3
standing,3
explanatory,3
delta,3
patriotic,3
validation,3
detailed,3
crave,3
chime,3
voted,3
musician,3
europe,3
limit,3
grudge,3
defend,3
efficient,3
marine,3
agenda,3
pig,3
tolerance,3
speed,3
generic,3
stoic,3
grounded,3
comed,3
arbitrary,3
various,3
justice,3
bang,3
arm,3
area,3
intraverted,3
wind,3
counter,3
gun,3
vein,3
loss,3
texted,3
potato,3
coolest,3
sample,3
masturbation,3
reward,3
generation,3
boxing,3
friday,3
park,3
messed,3
coast,3
understands,3
bush,3
judgment,3
population,3
worrying,3
delete,3
vacation,3
becomes,3
lesson,3
handed,3
chord,3
hardcore,3
pocket,3
sir,3
absolute,3
tolerate,3
wisdom,3
edge,3
performing,3
constant,3
haircut,3
pretending,3
diffrent,3
searching,3
shrink,3
pushy,3
former,3
pushing,3
chased,3
fascinating,3
semi,3
tmlt,3
prepared,3
irritated,3
funniest,3
biting,3
purely,3
lake,3
mentality,3
complex,3
demonstrate,3
technical,3
tj,3
zodiac,3
preacher,3
turning,3
deadline,3
characteristic,3
caused,3
block,3
quirk,3
hitler,3
alcoholic,3
vent,3
presentation,3
customer,3
passenger,3
cancer,3
accuracy,2
exfp,2
grime,2
fashion,2
hunting,2
static,2
tactile,2
ending,2
yakumo,2
lengthy,2
addition,2
eats,2
boomer,2
promote,2
discovering,2
hm,2
pickup,2
boromir,2
organic,2
needle,2
referred,2
mope,2
edm,2
weekly,2
grain,2
mobile,2
zooey,2
smoothly,2
firstly,2
freakin,2
suggests,2
nighti,2
indicates,2
rainbow,2
quack,2
bot,2
ftw,2
round,2
breath,2
sincerely,2
map,2
motif,2
differ,2
kaylee,2
categorical,2
eachother,2
xnfj,2
becoming,2
hugging,2
deserves,2
s4,2
handwriting,2
confirmed,2
european,2
translator,2
root,2
server,2
skeptical,2
tiger,2
exxps,2
clockwork,2
pushover,2
mundane,2
minimal,2
nevermind,2
liar,2
noone,2
critical,2
cognition,2
chip,2
describes,2
error,2
declare,2
advantage,2
conflicting,2
giggle,2
trade,2
warning,2
eldest,2
contradicting,2
portland,2
pussy,2
mao,2
combination,2
fruitful,2
damage,2
bravery,2
banana,2
green,2
checked,2
fitting,2
tripping,2
lil,2
vision,2
lens,2
amphetamine,2
1st,2
blame,2
discus,2
engage,2
pulling,2
rollins,2
ground,2
shrug,2
xsxps,2
hurting,2
wishing,2
stephen,2
educated,2
learner,2
stalking,2
wreck,2
gettin,2
absent,2
meyers,2
complimented,2
restrictive,2
cart,2
imagined,2
simon,2
settle,2
nardi,2
drumming,2
butterfly,2
breakfast,2
candidate,2
village,2
product,2
violence,2
inwardly,2
caption,2
samantha,2
revive,2
associated,2
yellow,2
upside,2
furthermore,2
alberta,2
cover,2
disregarding,2
rise,2
intuitively,2
lied,2
pole,2
consists,2
skinny,2
washing,2
reacts,2
shade,2
anytime,2
maximum,2
varsity,2
bisexual,2
starcraft,2
provides,2
milk,2
cure,2
remaining,2
stevie,2
gash,2
indicate,2
keirsey,2
logically,2
sweden,2
offered,2
theyll,2
theme,2
sle,2
baze,2
expressing,2
ixtj,2
sts,2
alex,2
adonis,2
engaging,2
identifying,2
mandatory,2
snapping,2
identified,2
unexplained,2
daydreaming,2
kee,2
shark,2
distinguish,2
usa,2
ascertain,2
purposefully,2
spit,2
jackson,2
factual,2
diet,2
combo,2
3rd,2
afternoon,2
signed,2
loosen,2
easiest,2
stare,2
dp,2
trip,2
design,2
dexter,2
abortion,2
depletion,2
toast,2
duo,2
valuable,2
chi,2
ohhh,2
kudos,2
christie42476,2
tals,2
ing,2
speculative,2
policy,2
solving,2
insecure,2
chad0,2
smiled,2
reader,2
it´s,2
co,2
sideways,2
obi,2
html,2
basil,2
buying,2
tryin,2
destructive,2
rejected,2
dye,2
merely,2
engaged,2
galaxy,2
realistic,2
strategy,2
bounce,2
extp,2
scare,2
dysfunctional,2
station,2
engrossed,2
jayne,2
sme,2
electric,2
including,2
nk,2
youngest,2
exclusively,2
forgive,2
chasing,2
freaked,2
uncle,2
gee,2
gray,2
asmr,2
navel,2
embarrassment,2
romance,2
flee,2
dying,2
chronic,2
zero,2
wit,2
perceive,2
intoxicated,2
creativity,2
continues,2
theoretically,2
communicated,2
meibi,2
cush,2
explosive,2
unfair,2
cheerleading,2
lecture,2
commute,2
inspired,2
adaptable,2
nipple,2
guidance,2
christmas,2
tri,2
program,2
destined,2
hongki,2
dental,2
tended,2
talent,2
smoke,2
inactive,2
striver,2
thru,2
validity,2
military,2
nightmare,2
clarify,2
priest,2
desirable,2
cleverbot,2
dancing,2
winner,2
11th,2
urge,2
donald,2
noob,2
dropped,2
hasnt,2
innovation,2
manual,2
accountant,2
dreamer,2
envious,2
newest,2
corner,2
scout,2
justification,2
experiment,2
variety,2
karma,2
suggesting,2
intimidating,2
openness,2
frame,2
ignorant,2
cannabis,2
investigation,2
explained,2
inaccurate,2
hype,2
socialization,2
cheek,2
cking,2
generous,2
gum,2
ahha,2
catty,2
film,2
structured,2
meal,2
suspect,2
convincing,2
surrounding,2
ryuk,2
liner,2
obnoxiously,2
warming,2
pepper,2
joy,2
elsa,2
experiencer,2
addressed,2
sassy,2
cranky,2
train,2
lockout,2
acceptance,2
paid,2
enlist,2
intro,2
tritype,2
banned,2
thumb,2
immortal,2
convo,2
sun,2
calculated,2
south,2
undergrad,2
incredible,2
intensive,2
rudy,2
california,2
ironically,2
homeschooled,2
script,2
suggested,2
expedition,2
irrationality,2
childish,2
finished,2
cotton,2
relayed,2
awe,2
teeth,2
contradictory,2
flaw,2
louder,2
selfishness,2
therapist,2
secretive,2
specialist,2
chilling,2
inara,2
skim,2
haruko,2
partly,2
equate,2
struggling,2
serum,2
assault,2
worm,2
gloomy,2
phoenix,2
cruel,2
serve,2
derailed,2
review,2
detective,2
moderator,2
inclined,2
horrible,2
battle,2
4th,2
yourre,2
cup,2
derosa,2
yall,2
killer,2
raw,2
expecting,2
shape,2
conference,2
safety,2
3am,2
intensity,2
morality,2
gained,2
darth,2
operates,2
robert2928,2
cautious,2
analytical,2
interwebs,2
wander,2
surprising,2
groove,2
storm,2
rnb,2
james,2
hufflepuff,2
coated,2
doc,2
boost,2
increase,2
retirement,2
ep,2
stepped,2
interpersonal,2
wrestling,2
software,2
thatd,2
intellectually,2
subforum,2
terror,2
casually,2
foundation,2
cheating,2
anecdotal,2
couch,2
endless,2
invader,2
afaik,2
netflix,2
purse,2
motive,2
opponent,2
clubhouse,2
placement,2
cracked,2
soooo,2
estx,2
serving,2
repeatedly,2
goddamn,2
exception,2
august,2
hyperactive,2
panang,2
quadras,2
un,2
improvisation,2
shown,2
deathbed,2
username,2
enfx,2
robot,2
occupy,2
destroy,2
yeh,2
goodness,2
chemical,2
ingest,2
amongst,2
income,2
madness,2
defending,2
evaluation,2
brings,2
extract,2
lighten,2
confessional,2
competition,2
canada,2
scan,2
gifs,2
freeze,2
lifehacks,2
i´d,2
categorising,2
garage,2
fl,2
initiative,2
atm,2
mouse,2
actively,2
confuse,2
cred,2
latter,2
idealist,2
constructing,2
poly,2
dreamworks,2
overnight,2
precious,2
gang,2
believing,2
claw,2
shutting,2
west,2
mistype,2
hubby,2
regularly,2
perk,2
gladly,2
imagining,2
cleaned,2
downside,2
waited,2
coward,2
cost,2
van,2
spouse,2
mimi,2
stirring,2
sane,2
carpet,2
traveling,2
remembered,2
wayne,2
concise,2
diploma,2
circumcise,2
misunderstanding,2
stephenie,2
smaller,2
cassian,2
nurture,2
dealt,2
anonymous,2
failure,2
sooner,2
louis,2
evaluating,2
dirty,2
maker,2
pifanjr,2
canadian,2
blowing,2
fascination,2
horribly,2
cbt,2
legend,2
forgiveness,2
wacky,2
nicest,2
prey,2
viewpoint,2
bumped,2
tackle,2
relax,2
xxxp,2
ad,2
remembering,2
retribution,2
buck,2
tight,2
nudge,2
paradox,2
francis,2
wax,2
woke,2
reveal,2
laptop,2
access,2
quicker,2
himalayan,2
commentary,2
gradually,2
unemployed,2
bell,2
cream,2
drain,2
motivational,2
handful,2
appears,2
xstp,2
bud,2
acquired,2
successful,2
cowboy,2
nfs,2
yehh,2
peculiar,2
thin,2
shovel,2
log,2
soothing,2
winding,2
questioning,2
inquisitive,2
disability,2
tense,2
shooting,2
sometime,2
narcissist,2
ambivert,2
indicative,2
happily,2
instinctively,2
headphone,2
league,2
outnumbered,2
da,2
followed,2
psychologist,2
xntp,2
fae,2
panty,2
hunger,2
heap,2
sfjs,2
graduating,2
achieve,2
buttholes,2
techno,2
ambitious,2
swim,2
ben,2
toxic,2
mechanic,2
moby,2
essence,2
among,2
stats,2
smartest,2
spanish,2
diggin,2
teenager,2
desperate,2
cake,2
strawberry,2
myers,2
crawled,2
managed,2
sake,2
honor,2
touk,2
stefan,2
unpredictable,2
vaguely,2
partially,2
brief,2
enemy,2
googling,2
pot,2
downer,2
idealistic,2
novel,2
lever,2
pointer,2
signature,2
assignment,2
sallyjones,2
studied,2
reread,2
con,2
demonstration,2
dario,2
accused,2
jamie,2
nervousness,2
bay,2
wide,2
museum,2
casual,2
manequin,2
application,2
liver,2
browser,2
fixing,2
bungou,2
unconventional,2
florida,2
glitter,2
baking,2
mba,2
brained,2
statistic,2
verbally,2
potentially,2
loudly,2
blood,2
sensitivity,2
thrown,2
toddler,2
criticised,2
ennea,2
covered,2
management,2
headed,2
ethan,2
tuesday,2
optimistic,2
stubbornness,2
retard,2
tail,2
nasty,2
rave,2
functionality,2
obamas,2
skydiving,2
heck,2
rah,2
frozen,2
symptom,2
damon,2
innate,2
destination,2
vomit,2
exciting,2
brown,2
ditz,2
wswiki,2
woof,2
charged,2
pair,2
sped,2
slowly,2
nicoloco90,2
aggression,2
libido,2
skateboard,2
usmc,2
ambiguous,2
hah,2
overrated,2
bald,2
explorer,2
powder,2
saul,2
6w5s,2
officer,2
sheen,2
genre,2
accidental,2
crutch,2
admitted,2
hill,2
krennic,2
remain,2
entitled,2
profit,2
cu,2
frivolous,2
neat,2
spirited,2
bloody,2
expert,2
client,2
toy,2
jk,2
starter,2
chaos,2
tinder,2
klaus,2
bean,2
thor,2
shout,2
fails,2
dive,2
scientist,2
maintaining,2
ness,2
std,2
pack,2
imaginative,2
swag,2
petty,2
bringing,2
howl,2
cooler,2
wave,2
wage,2
loose,2
hr,2
november,2
thou,2
prof,2
compete,2
repeat,2
moon,2
unavoidable,2
bite,2
teasing,2
mal,2
tao,2
rip,2
dumbass,2
universal,2
speedometer,2
invited,2
killing,2
conspiracy,2
turtle,2
transform,2
inviting,2
slacker,2
rebound,2
fluffy,2
rough,2
winded,2
establish,2
facing,2
commonly,2
legit,2
hectic,2
br,2
appealing,2
attached,2
chase,2
henry,2
goddess,2
bake,2
racemic,2
disaster,2
routine,2
citizen,2
someday,2
mentally,2
mma,2
spelling,2
induced,2
irrelevant,2
righty,2
frou,2
prioritize,2
naughty,2
drier,2
commented,2
fridge,2
susan,2
equivalent,2
occasionally,2
hung,2
standpoint,2
sincere,2
veggie,2
correlating,2
percent,2
official,2
salesman,2
erm,2
excellent,2
seminary,2
perceived,2
bee,2
sry,2
hogwarts,2
messenger,2
e3,2
frustrated,2
rapid,2
caroline,2
umm,2
emo,2
treating,2
socialize,2
wherever,2
stomp,2
overthinking,2
leadership,2
pokémon,2
principle,2
vendetta,2
interviewing,2
indicator,2
recharge,2
readily,2
awareness,2
ime,2
poker,2
pleaser,2
apartment,2
amends,2
fistfight,2
raging,2
willpower,2
observing,2
throwing,2
humour,2
pontaneously,2
risen,2
unsolicited,2
tou9h,2
demonstrated,2
aderall,2
retarded,2
salty,2
coincidence,2
ga,2
celebrity,2
attempting,2
quirky,2
arguing,2
laughter,2
completley,2
metaphor,2
conquer,2
outta,2
holyshizzy,2
costuming,2
resourcefulness,2
span,2
homework,2
tumblr,2
lefty,2
cigarette,2
brutally,2
hamie,2
9ot,2
commercial,2
weirdly,2
nag,2
pad,2
xntj,2
defensive,2
surprisingly,2
fortune,2
worded,2
impress,2
gu,2
thrill,2
dragonball,2
tremendously,2
bpd,2
bound,2
inquiry,2
chooses,2
approached,2
ravenclaw,2
dextroamphetamine,2
lovely,2
offensive,2
performer,2
de,2
superficial,2
equally,2
tnt,2
contribute,2
brush,2
utter,2
browsing,2
ptsd,2
lunch,2
frontman,2
esp,2
geez,2
wonderland,2
ideation,2
mystery,2
wipe,2
promise,2
5th,2
alfred,2
greek,2
instant,2
remotely,2
introduction,2
knight,2
smacking,2
properly,2
accidentally,2
buffy,2
questionnaire,2
breakdown,2
liberty,2
curry,2
stray,2
enxp,2
maintain,2
forensics,2
epiphany,2
painting,2
stated,2
quoting,2
pumped,2
statistically,2
tony,2
cobb,2
4w3,2
chris,2
inadvertently,2
nicely,2
craving,2
androgynous,2
seemingly,2
chinese,2
explode,2
rat,2
soccer,2
abroad,2
earnest,2
messy,2
rep,2
marble,2
exchange,2
weightlifting,2
malicious,2
status,2
ambient,2
weasley,2
awww,2
farting,2
emphasize,2
paper,2
rope,2
tjs,2
esxps,2
bane,2
9ood,2
recommended,2
celebrate,2
twist,2
gag,2
genuine,2
forbid,2
fwb,2
restaurant,2
athlete,2
saturday,2
pleasant,2
charisma,2
amp,2
wording,2
dedicated,2
quantum,2
trough,2
visit,2
databank,2
embarrassed,2
acceptable,2
partying,2
upper,2
frustration,2
sudden,2
regulation,2
send,2
mum,2
font,2
fk,2
energetic,2
wtvr,2
attribute,2
linear,2
quitting,2
clumsy,2
entertainment,2
gilmore,2
crash,2
personalty,2
stopping,2
era,2
hadnt,2
apathetic,2
hogwash,2
occurred,2
unpopular,2
spare,2
album,2
arrogant,2
misinterpreted,2
supermarket,2
bank,2
rap,2
donut,2
hehehe,2
guest,2
effed,2
distant,2
ima,2
jakes,2
doubtful,2
tactical,2
intimate,2
flattered,2
imma,2
succeed,2
clarity,2
flirty,2
british,2
apologize,2
sin,2
finder,2
expertise,2
slight,2
kkking,2
expand,2
mbtis,2
sensual,2
handy,2
performance,2
tennis,2
drag,2
courageous,2
aged,2
thrive,2
switched,2
occasion,2
encouraging,2
colorado,2
idiotic,2
pt,2
edited,2
torture,2
bedroom,2
pov,2
hint,2
pierce,2
liquor,2
pepsi,2
samuel,2
dropping,2
preferable,2
analysing,2
sci,2
cheesy,2
window,2
fleetfoot,2
recognized,2
fairy,2
harvey,2
inanimate,2
defense,2
hating,2
pas,2
translation,2
forgotten,2
grad,2
embrace,2
discussing,2
pilot,2
messing,2
deleted,2
charles,2
enlightenment,2
sim,2
tmi,2
unnecessarily,2
rig,2
nicer,2
carrying,2
deff,2
amen,2
responsibility,2
background,2
prejudice,2
correlated,2
introduced,2
pertains,2
yank,2
preferred,2
phrased,2
shore,2
usual,2
sight,2
͡°,2
cloud,2
begging,2
voodoo,2
clarification,2
lillie,2
frequent,2
batman,2
smiling,2
fence,2
katniss,2
reaching,2
realm,2
vip,2
operator,2
anyones,2
physic,2
sexually,2
distribution,2
cultural,2
frequency,2
heavy,2
illogical,2
epiphone,2
implement,2
fj,2
pray,2
till,2
feeding,2
bridge,2
jyn,2
encouraged,2
journal,2
trusted,2
despair,2
slave,2
effin,2
sneaky,2
ike,2
originality,2
host,2
wired,2
analyze,2
eggshell,2
commission,2
smarter,2
pile,2
congratz,2
uncommon,2
insightful,2
ocean,2
jane,2
softball,2
stp,2
enigma,2
cyclist,2
opening,2
shall,2
recommending,2
booze,2
dallas,2
imitator,2
pinpoint,2
slayer,2
naota,1
entertained,1
groundedness,1
elvis,1
copied,1
grant,1
scolded,1
premise,1
seeming,1
treehouse,1
chasm,1
ooookay,1
meaner,1
jaffe,1
assistance,1
probability,1
scotland,1
cavity,1
ought,1
degrading,1
meaningless,1
davy,1
narcolepsy,1
elvis2010,1
ixxx,1
slept,1
opposition,1
resident,1
nlp,1
astounding,1
pryce,1
avril,1
westminster,1
graffiti,1
feta,1
biach,1
dee,1
boarding,1
huzzah,1
getcha,1
aircraft,1
ghul,1
sand,1
ensuing,1
jeremy,1
pitched,1
carbing,1
brushed,1
universally,1
inciting,1
recruiter,1
belonged,1
sg,1
bffs,1
tarkin,1
sampler,1
debut,1
characterize,1
unisex,1
responding,1
signing,1
playgirl,1
wooster,1
angsty,1
boxer,1
dudddde,1
revolution,1
enhancing,1
generealized,1
eddy,1
misa,1
ronda,1
justify,1
adopt,1
furniture,1
economics,1
anointing,1
swimmingly,1
ffffffu,1
rosa,1
signal,1
solidly,1
kamasutra,1
tenaciasly,1
symbolic,1
fakest,1
barking,1
exploitative,1
mafia,1
analytic,1
nailing,1
unfairly,1
succeeding,1
psychosis,1
hurtful,1
fragment,1
consistently,1
sooooooo,1
boooooorrrrrrriiiinnnnnnngggggggg,1
kramer,1
argued,1
boy24,1
fever,1
skywalker,1
qui,1
inforjoking,1
reincarnation,1
warefare,1
russion,1
ejaculating,1
disrepcting,1
realising,1
continually,1
carve,1
dopey,1
touche,1
undisciplined,1
watcher,1
bid,1
pretended,1
allllways,1
coupled,1
entrepreneur,1
unwritten,1
weigh,1
gloominess,1
lifetime,1
blackmail,1
request,1
a9o,1
lonley,1
crossover,1
fartspeare,1
bootcamp,1
obv,1
skirt,1
desiring,1
laboratory,1
dy,1
progress,1
teary,1
niche,1
cuddling,1
toned,1
dawn,1
tobacco,1
alphabet,1
aligned,1
construct,1
suspense,1
yell,1
firm,1
intend,1
snake,1
enuff,1
garbled,1
insulin,1
aluminum,1
txt,1
spoil,1
established,1
legal,1
encountering,1
bugging,1
altogether,1
audibly,1
summed,1
kettle,1
tab,1
technologically,1
finn,1
notoriously,1
adamant,1
seriousness,1
awkwardness,1
crumble,1
generalized,1
heyyyy,1
orgasming,1
raz333,1
dove,1
sock,1
debbie,1
trickster,1
damien,1
competitiveness,1
named,1
hydes,1
aspergers,1
stepdad,1
gorilla,1
downright,1
rawr,1
prefers,1
asuka,1
violent,1
accomplishing,1
blackberry,1
rifle,1
justin,1
toss,1
amusement,1
sonically,1
tasking,1
uniform,1
berdudget,1
loophole,1
naahris,1
motormouth,1
hypocrisy,1
sounding,1
yukari,1
interestingness,1
sycophant,1
bashing,1
wedgey,1
vandalized,1
privatising,1
kaos,1
flustered,1
remote,1
ragingly,1
huehuehue,1
abnormal,1
mastering,1
execute,1
lb,1
alcohool,1
limiting,1
u200bhttp,1
blocker,1
strickland,1
deredere,1
philosophical,1
afterwards,1
fist,1
creeped,1
tasty,1
craft,1
washington,1
formula,1
mainline,1
squib,1
sucking,1
prose,1
outward,1
education,1
perfectionist,1
abstraction,1
1g5g,1
goatse,1
undersranding,1
lamar,1
rachel,1
noisy,1
retaking,1
cherry,1
ixtjs,1
cook,1
bitching,1
celebs,1
melt,1
intellectualism,1
mch,1
beneficial,1
cout,1
concealing,1
jumped,1
ineffectual,1
impairment,1
neon,1
merchant,1
weakest,1
fundamentally,1
selfless,1
girlfirend,1
selection,1
fitness,1
offends,1
hsp,1
noah,1
reign,1
carrie,1
harassed,1
fints,1
cigaretts,1
reapply,1
mortuary,1
sauce,1
recognises,1
exhaustion,1
booked,1
slows,1
redemption,1
huddle,1
blacklist,1
misdiagnoses,1
libtards,1
mimisea,1
volatile,1
disorganized,1
asura,1
corkscrew,1
funkymbti,1
sporadically,1
isps,1
stinson,1
holt,1
jumpy,1
handshake,1
binge,1
ii,1
airbender,1
overloaded,1
represent,1
biography,1
gfs,1
koda,1
elvish,1
verse,1
activism,1
intentional,1
whiny,1
aneurysm,1
gyroscope,1
boardline,1
mankind,1
typological,1
blinding,1
ve99ie,1
dexters,1
wonderfully,1
furball,1
saskatchewan,1
pouncing,1
possesed,1
bob,1
backstage,1
magnifier,1
exhibit,1
mayve,1
eos,1
hut,1
holmes,1
wardrobe,1
bolded,1
hrc,1
2013ish,1
comparator,1
unjust,1
principled,1
victory,1
amusing,1
imogen,1
connotation,1
shipment,1
nap,1
smack,1
designed,1
poopers,1
fishing,1
edition,1
everdeen,1
blamed,1
scenery,1
disrespected,1
wealthier,1
gulf,1
department,1
beebes,1
gentleman,1
churn,1
dallying,1
realizes,1
ment,1
drugging,1
lesser,1
coordinated,1
verbal,1
jan,1
whiplash,1
squashed,1
wownice,1
ixfj,1
actionpressurecrunch,1
grandparent,1
jokingly,1
24th,1
feature,1
pry,1
spitting,1
druggy,1
asxps,1
vanny,1
utada,1
infiltration,1
perkins,1
comparison,1
snoopy,1
medic,1
technology,1
bastion,1
claus,1
poem,1
scuei,1
diy,1
leap,1
skeleton,1
blunder,1
select,1
jpg,1
spanked,1
preparation,1
rin9,1
holland,1
rafee,1
funnier,1
spoiler,1
ollllllllld,1
treachery,1
grandmother,1
gold,1
ooooooh,1
updated,1
gaze,1
adverse,1
tier,1
impregnating,1
rambling,1
pwetty,1
applause,1
typology,1
wand,1
tied,1
workaholic,1
withhold,1
thin9s,1
sybil,1
gale,1
trifix,1
autsdraws,1
followyourthird,1
similarminds,1
prolific,1
bouncer,1
assembled,1
socialism,1
lold,1
shattering,1
autodidact,1
looooooooooool,1
passively,1
sprayed,1
hmph,1
fluent,1
paycheck,1
wyndam,1
charlotte,1
lololo,1
ehm,1
joker,1
measurement,1
flapping,1
boinking,1
domination,1
comet,1
receiving,1
bait,1
simmer,1
workspace,1
silver,1
platonic,1
tact,1
opium,1
snicker,1
misplace,1
rebelution,1
hellstorm,1
ahhhh,1
yield,1
woops,1
dammit,1
ehh,1
stage,1
disposition,1
sniper,1
plausible,1
bacon,1
efect,1
dynamo,1
detecting,1
purity,1
purge,1
neighbor,1
pie,1
amorous,1
syndrome,1
testimony,1
rumor,1
attends,1
rocker,1
disclose,1
onenote,1
festival,1
devise,1
seldom,1
stabbed,1
bonus,1
previously,1
grande,1
survive,1
dopamine,1
removing,1
carin9,1
subtypes,1
fender,1
flicker,1
idolize,1
tedious,1
testing,1
reflex,1
uncharted,1
fame,1
guide,1
caregiver,1
hesitate,1
infpnerdgirl,1
sabotage,1
soda,1
desperately,1
gtbean,1
eq,1
mushroom,1
zales,1
bonnie,1
mercer,1
radiation,1
subculture,1
austrian,1
splinter,1
nchsh,1
compatible,1
susie,1
hig,1
passmethecookies,1
fullbuster,1
rode,1
e9w1,1
frowned,1
christie,1
unsee,1
familiarizing,1
johnny,1
sprout,1
mania,1
captive,1
tiring,1
swede,1
definently,1
ay,1
threatens,1
reptilian,1
istx,1
inflamed,1
jaw,1
doritos,1
embarrass,1
recording,1
fleeting,1
sensoric,1
vegan,1
volleyball,1
hopeless,1
mockingbird,1
variable,1
aclcohol,1
picard,1
counselor,1
geeze,1
nebelung,1
rw4,1
denial,1
draining,1
reported,1
exemplified,1
offender,1
newbie,1
uniformity,1
flippin,1
wyldstyle,1
casuing,1
disrespect,1
sank,1
freakish,1
objectively,1
moovies,1
bol,1
supervision,1
hedonistic,1
confession,1
olaf,1
nr,1
suspension,1
opposing,1
forest,1
advertises,1
handled,1
rudolph,1
7hrs,1
fulfilling,1
mewtwo,1
anytiiiiime,1
aquarian,1
wernt,1
posse,1
exnxs,1
mold,1
âx86x90factslidesâx86x92,1
agressive,1
repair,1
keg,1
dreary,1
predicting,1
chanyeol,1
judgement,1
overlapping,1
trek,1
wut,1
specified,1
chained,1
flower,1
homophobic,1
womanizer,1
immune,1
nervous,1
blahblah,1
committing,1
calgary,1
imagination,1
gymnastics,1
boulder,1
warrior,1
gig,1
adorable,1
etp,1
wisky,1
saline,1
nintendo,1
blatant,1
owe,1
rubbing,1
spread,1
tacky,1
kardashian,1
hormone,1
const,1
destroyed,1
chess,1
cnow,1
flash,1
satan,1
property,1
counting,1
stahp,1
errr,1
seeya,1
welfare,1
normaly,1
penis,1
4chan,1
deffanitly,1
thatll,1
sethen,1
verbiage,1
feb,1
similiarities,1
pineapple,1
oversensitive,1
casted,1
gesticulation,1
collecting,1
ennagream,1
donx92ts,1
architect,1
comfortably,1
vee,1
elimination,1
swap,1
burglar,1
emphasis,1
gamers,1
stimming,1
grail,1
vice,1
hood,1
promoter,1
slap,1
blueice6102,1
5w6s,1
peel,1
hitman,1
covering,1
guilt,1
janitor,1
lecturing,1
manipulates,1
responsible,1
tycoon,1
djarendee,1
coaster,1
dazai,1
beeeeee,1
bwahahahaha,1
optional,1
anwser,1
diminished,1
enegramm,1
sensationals,1
nurse,1
obstacle,1
collect,1
tanning,1
massive,1
dontt,1
firey,1
experimenting,1
70mph,1
flesh,1
expense,1
aqua,1
bbcs,1
6th,1
confirming,1
nokia,1
fanboy,1
cheesecake,1
workforce,1
megpi3,1
bern,1
injured,1
practicality,1
bussers,1
awarded,1
exaggeration,1
blankly,1
academy,1
mmmaybe,1
achieved,1
srsly,1
infomercial,1
gossip,1
weekday,1
tollerance,1
tasting,1
functional,1
jedi,1
acknowledged,1
lounged,1
calzones,1
cafeteria,1
dot,1
nico,1
pint,1
illuminati,1
moran,1
whining,1
thorin,1
distraught,1
adjective,1
nikki,1
brit,1
reeeaaally,1
memorizing,1
9am,1
hong,1
reductive,1
excerpt,1
fickle,1
seventh,1
methodology,1
calc,1
yoooooo,1
resistance,1
anthem,1
lighting,1
crawling,1
competive,1
aphex,1
infant,1
miller,1
shifty,1
sits,1
brightflashes,1
uncanny,1
theoretic,1
criticized,1
peeta,1
lonelyheart,1
pang,1
wesley,1
trainer,1
roughness,1
maul,1
bond,1
hover,1
echping,1
scraches,1
ballroom,1
shyness,1
laundromat,1
prissier,1
resume,1
turner,1
aswell,1
contentment,1
compile,1
keemstar,1
santiago,1
persevere,1
xbox,1
misread,1
beaten,1
sc,1
cylinder,1
paragon,1
halseys,1
precursor,1
nod,1
fireball,1
wayyyyy,1
cumulative,1
infighting,1
biches,1
mutant,1
detached,1
mike,1
unnatural,1
advancement,1
file,1
forensic,1
stair,1
serisouly,1
enfxs,1
i´ll,1
ethical,1
letdown,1
yearbook,1
nostalgia,1
cave,1
ilvermorny,1
coldest,1
dinghy,1
p4,1
vatican,1
constitutes,1
cured,1
stake,1
penelope,1
miersho,1
accordingly,1
overactive,1
exfjs,1
quantity,1
blurted,1
backward,1
stalked,1
noticeable,1
familyx92s,1
simultaneously,1
pointed,1
pearl,1
absinthe,1
reacting,1
iits,1
wrapping,1
dreamscape,1
prescribe,1
siiiiiiiiigh,1
bottomless,1
cancelled,1
packing,1
boasting,1
destiny,1
vega,1
nationality,1
validates,1
popularity,1
freeflowingthoughts,1
maturing,1
competing,1
franzia,1
jung,1
happenin,1
lyrical,1
showed,1
tampa,1
clothesline,1
brooding,1
subpar,1
divide,1
towel,1
lader,1
hahha,1
inclination,1
superbabies,1
accidentaly,1
prime,1
union,1
loosely,1
expulsion,1
becuase,1
fonda,1
simpathy,1
whatsitcalled,1
persona,1
selinda,1
adagio,1
mcgill,1
flanders,1
skepticism,1
debunked,1
virtualinsanity,1
searched,1
mofo,1
rispott,1
diego,1
replaces,1
refusing,1
dumbfucks,1
trevor,1
landing,1
snacked,1
hesitance,1
nightstands,1
arise,1
julieta,1
brutality,1
yesteday,1
addictivemuse,1
insane,1
gtfo,1
halfway,1
plentiful,1
demeanour,1
dicey,1
press,1
sledgehammer,1
illustrate,1
x93so,1
frog,1
mettaton,1
futile,1
credible,1
eeg,1
instigator,1
concede,1
biweekly,1
entx,1
enigma15,1
sl,1
differnetly,1
slaughtered,1
fourtines,1
impressive,1
swears,1
cal,1
census,1
redface,1
enterprise,1
catching,1
odds,1
whatch,1
eater,1
celeverbot,1
preaching,1
swab,1
investigating,1
geeky,1
aloofness,1
johnson,1
believed,1
horde,1
budgeted,1
steak,1
mistrust,1
qualifies,1
norrington,1
political,1
chili,1
you´ll,1
gibson,1
dokey,1
preface,1
nessie,1
internal,1
cinnamon83,1
beforehand,1
apologizing,1
pricelss,1
boot,1
piety,1
bathroom,1
marino,1
dependent,1
infx,1
thereof,1
underestimate,1
discusting,1
crushed,1
resilient,1
exhilerating,1
grammer,1
unconcious,1
dishwasher,1
bb,1
nerdy,1
buncha,1
napoleon,1
shindig,1
luuuuuuuuuuuuuuv,1
assumes,1
appoligizing,1
cackle,1
gelous,1
hindsight,1
relatonships,1
depressive,1
aww,1
mysef,1
rejection,1
plantain,1
bun,1
peralta,1
whooooo,1
hurry,1
deepest,1
ravioli,1
inevitable,1
dried,1
saga,1
peacemaker,1
divorcing,1
layout,1
erotic,1
drool,1
sheer,1
whipped,1
grasp,1
persuasive,1
saiya,1
talker,1
offering,1
examine,1
leak,1
ranting,1
nnnnot,1
assistant,1
monster,1
wether,1
derived,1
hellofornow,1
replied,1
dumbledore,1
spill,1
avera9e,1
license,1
£50,1
taco,1
ship,1
jammies,1
stream,1
founded,1
anguish,1
respected,1
phile,1
aggressiveness,1
str8,1
sue,1
chatting,1
intimidated,1
starbucks,1
standardlawyer,1
bedtime,1
wsj,1
ultra,1
integrity,1
mamimi,1
squid,1
lurk,1
designer,1
intrigue,1
crosby,1
unnoticed,1
typoes,1
hrrmm,1
jr,1
outie,1
ix92m,1
comedian,1
sceptic,1
snowstorm,1
joo,1
washer,1
homies,1
shameful,1
impose,1
chef,1
thefuck,1
injecting,1
blackop,1
incessant,1
maria,1
idc,1
bethdeth,1
eve,1
sidetracked,1
dancer,1
fuggin,1
comorbid,1
compeltly,1
likeable,1
classroom,1
witness,1
pit,1
shudder,1
funn,1
teller,1
concretely,1
alt,1
mocking,1
burma,1
jenny,1
midwest,1
wealthy,1
finch,1
avid,1
quill,1
poet,1
correlate,1
dublicitous,1
potts,1
brutal,1
faced,1
libertarianism,1
monohydrate,1
oopsy,1
bil,1
fallacious,1
flippant,1
calorie,1
squier,1
delictable,1
conceptually,1
aggressively,1
python,1
foe,1
subscribe,1
awfully,1
extraordinary,1
gory,1
motha,1
interresting,1
crusher,1
cigar,1
indication,1
attuned,1
conditional,1
breckenridge,1
caveat,1
meditate,1
hunt,1
idiocy,1
miranda,1
funky,1
peach,1
campaign,1
margarita,1
stacked,1
distinctly,1
sneak,1
7w,1
idiom,1
baggage,1
montecristo,1
zootopia,1
nihilism,1
obsidian,1
sidious,1
temporary,1
supported,1
adept,1
isolated,1
brightens,1
mani,1
carrot,1
thanksgiving,1
revised,1
celebrating,1
rationalise,1
tch,1
manipulated,1
oor,1
practiced,1
stool,1
investment,1
calibre,1
forgiven,1
consciously,1
perceptive,1
fav,1
eyre,1
accomplishment,1
welcomed,1
pseudo,1
gab,1
peace,1
fate,1
fooled,1
meeoooowwwww,1
dollar,1
speeeeeeeeeeeeeeeeeeeeeeddd,1
pam,1
firehouse,1
dyslexia,1
overtly,1
defining,1
jfk,1
lt,1
affiliative,1
stroll,1
touchy,1
antidote,1
ningsta,1
immediate,1
chocolate,1
bouncing,1
estpstype,1
danger,1
didnx92t,1
criminal,1
cupboard,1
insulted,1
chameleon,1
clowning,1
versa,1
jakenpoi,1
choke,1
gen,1
goode,1
derosa90,1
divorced,1
bonkers,1
rory,1
mister,1
joabloab,1
ʘ‿ʘ,1
gina,1
recognition,1
uneventful,1
snack,1
gifted,1
reckon,1
treebob,1
additional,1
facade,1
ft,1
ernie,1
ashamed,1
vast,1
nonsensical,1
shouting,1
singer,1
rocky,1
researched,1
coursework,1
gf´s,1
capt,1
nakahara,1
remove,1
disease,1
hyper,1
favs,1
bussiness,1
destroyal,1
subversive,1
resourceful,1
amazed,1
kayaking,1
compelled,1
distracts,1
colored,1
twitter,1
sacrificing,1
waisted,1
xsfjs,1
pleased,1
heartbreak,1
reddish,1
complain,1
fatty,1
polar,1
musicing,1
imposing,1
gist,1
overweight,1
production,1
xnfps,1
fisting,1
nymeria,1
led,1
manic,1
theirselves,1
ludicrous,1
heretic,1
loooooooong,1
segment,1
winston,1
smelled,1
fone,1
dusty,1
every1,1
i´m,1
intra,1
blueunpersona,1
oracle,1
builder,1
patronising,1
hiatus,1
grid,1
iget,1
calming,1
containing,1
residency,1
disputed,1
beware,1
lovveee,1
thc,1
figment,1
lacking,1
endure,1
fetish,1
envisioned,1
hanger,1
youth,1
baked,1
anonymity,1
syringe,1
meta,1
articulated,1
mackenzie,1
punchy,1
printed,1
dildo,1
runnerups,1
deen,1
influencing,1
hazy,1
slumber,1
lolol,1
broadcast,1
drawer,1
dmt,1
airbus,1
amg,1
county,1
ganondorf,1
sexuality,1
environmental,1
busting,1
cursive,1
stimulus,1
seal,1
freshman,1
canceling,1
neurotocism,1
opeth,1
severe,1
kaioken,1
attributed,1
angel,1
fbi,1
reached,1
alerted,1
traffic,1
worship,1
admission,1
ecstatic,1
realy,1
jumble,1
reverence,1
manhattan,1
jerry,1
terrifying,1
intrusive,1
adequate,1
throat,1
cruder,1
bribe,1
ron,1
cp6,1
ahs,1
facto,1
omgg,1
amiable,1
blend,1
spidershane,1
rodney,1
convey,1
infront,1
romanian,1
persuade,1
apps,1
communicator,1
kart,1
pulp,1
secretly,1
theorist,1
c3po,1
shine,1
ixfp,1
confusion,1
unfilled,1
relied,1
hank,1
interacted,1
manufactured,1
buttttttt,1
trailer,1
gardenia,1
youded,1
capability,1
shitpost,1
lauraernst,1
labled,1
bottle,1
introducing,1
aladdin,1
larry,1
mentor,1
likel,1
triangle,1
dominates,1
monogamous,1
cerberus,1
rockstar,1
nevah,1
tribe,1
sobbing,1
confess,1
hentai,1
spilt,1
coulson,1
tent,1
stall,1
steve,1
coding,1
minister,1
vinniebob,1
norway88estp,1
cent,1
recipient,1
deck,1
bieber,1
hosted,1
vitamin,1
catastrophe,1
sidekick,1
chapter,1
crumpet,1
bing,1
technological,1
dose,1
chirrut,1
capital,1
compulsive,1
wale,1
curtain,1
gma,1
curb,1
sugarcoat,1
youtubers,1
perverted,1
supportive,1
retiring,1
desensitized,1
the3rdpower,1
darling,1
hotel,1
forciing,1
ro,1
atlantic,1
schuester,1
r2d2,1
dimensional,1
dump,1
miley,1
aztek,1
malware,1
mystical,1
ergo,1
whispered,1
pretentious,1
brainstorming,1
5months,1
confirm,1
rubble,1
provoking,1
begun,1
cargo,1
impatient,1
permanent,1
dug,1
3w7,1
umbrella,1
sunglass,1
bebefore,1
weebls,1
unaddressed,1
tvd,1
dismiss,1
ummm,1
northern,1
ermine,1
spasm,1
filmed,1
courage,1
harm,1
experince,1
pong,1
coaching,1
creator,1
chuuya,1
freash,1
compassion,1
relaxing,1
superiority,1
anglican,1
magnetized,1
custom,1
nickel,1
bucked,1
bogged,1
prompted,1
demoman,1
counfused,1
famously,1
bow,1
spoof,1
tower,1
march,1
lone,1
vals,1
extremly,1
snowfairy,1
probem,1
narcissism,1
ciel,1
fancy,1
understanded,1
underlying,1
excusing,1
terry,1
openning,1
xsfps,1
sweetener,1
psychologically,1
print,1
improves,1
prodigy,1
snazzy,1
sterile,1
intentionally,1
george,1
obedience,1
humoring,1
invasion,1
constrictor,1
queen,1
agrees,1
hahahaha,1
browsed,1
treatin9,1
compromising,1
glitch,1
mri,1
brighter,1
buisness,1
tending,1
tire,1
grasshopper,1
fairtrade,1
heartbeat,1
extracted,1
transit,1
liminality,1
smartphone,1
headboard,1
hijacked,1
wasted,1
underneath,1
forgiving,1
ploy,1
gregarious,1
anecdote,1
phobia,1
toughy,1
feisty,1
michael,1
scum,1
defying,1
kacamata,1
solitary,1
hahahahahahhaha,1
comma,1
proportionately,1
plethora,1
12th,1
abandoning,1
ruled,1
significantly,1
goofman,1
watchman,1
resistant,1
toosexyformyshirt,1
arrange,1
quadrillion,1
indepth,1
cheesus,1
swish,1
freaky,1
speaker,1
micro,1
complaint,1
steven,1
reimu,1
unnerving,1
appropriate,1
punctuation,1
superman,1
armor,1
graced,1
mathematical,1
pedal,1
remembers,1
eia,1
nearby,1
blessed,1
conniving,1
rejectedreality,1
defeat,1
rendition,1
mhhhhhhhhh,1
dismissed,1
myer,1
flandre,1
quandary,1
raleigh,1
himym,1
overwhelming,1
majoring,1
nba,1
hardware,1
purposeful,1
hazard,1
osamu,1
slmeyhinf,1
implicitly,1
taskers,1
ocurse,1
divergent,1
singing,1
zelda,1
pound,1
matched,1
lenient,1
repetitive,1
bracelet,1
sparkly,1
immersing,1
soup,1
persecutor,1
ri9ht,1
repressed,1
screenwriter,1
pointy,1
vid,1
daymond,1
the13thguest,1
owwwww,1
squirting,1
flexing,1
noooo,1
nov,1
disrespectfully,1
definetely,1
dobut,1
arendee,1
xxxxxxxxxx,1
laziness,1
bbc,1
grand,1
10chars,1
doodle,1
infatuation,1
sayd,1
showbzz,1
sheep,1
severance,1
vietnam,1
represents,1
thankfully,1
indifferent,1
scrolling,1
reliable,1
crashed,1
riddled,1
twat,1
hu9e,1
effing,1
lobster,1
longevity,1
caffeine,1
observed,1
insincere,1
oooo,1
feely,1
lucifer,1
corrupted,1
23rd,1
neatly,1
doin9,1
kitty,1
1bravery,1
mmmmm,1
belly,1
notebook,1
shaq,1
legalize,1
cling,1
receptive,1
pontiac,1
underdeveloped,1
firefingers,1
damaged,1
hospitality,1
residual,1
daphnedelrey,1
namespace,1
shakti,1
trained,1
frighten,1
xanax,1
decently,1
yaears,1
virtue,1
exceptional,1
wheres,1
slam,1
cba,1
manly,1
drake,1
unfeeling,1
juvenile,1
castle,1
reagan,1
stfu,1
petron,1
skews,1
hmu,1
saay,1
hasty,1
cleanup,1
ewwwww,1
exfx,1
gracias,1
droped,1
terrific,1
unconditional,1
rumour,1
blessing,1
foreign,1
pace,1
rewatching,1
republican,1
tawanda,1
complacent,1
pulse,1
playdate,1
modles,1
chew,1
nugget,1
sparknotes,1
impostor,1
mercans,1
execution,1
mathematics,1
ie,1
explosion,1
baggy,1
oooh,1
prays,1
considerate,1
dramatics,1
discriminates,1
needy,1
kindest,1
stark,1
heritability,1
punching,1
stink,1
insta,1
wet,1
elderly,1
simplified,1
darn,1
closeted,1
absorb,1
prettyfreakingawesomeandmoreawesome,1
obscures,1
kissing,1
acoustic,1
revolved,1
sliding,1
iostream,1
aimed,1
wad,1
8th,1
sustainable,1
sarcasm,1
nezaros,1
provoke,1
cocoa,1
boycott,1
alarm,1
sociual,1
goggles,1
sympathize,1
crystal,1
witnessing,1
sob,1
haymitch,1
developmental,1
conventional,1
definitley,1
fighter,1
amnesty,1
suited,1
pinky,1
goofy,1
fag,1
kleptomaniac,1
effected,1
universalism,1
subtraction,1
warchief,1
poverty,1
competence,1
pinpointed,1
wowzers,1
teh,1
corona,1
grossly,1
clad,1
digress,1
interstate,1
snooker,1
cheaper,1
arrive,1
cocaine,1
unfazed,1
sizable,1
oddly,1
storge,1
junk,1
blouse,1
sucker,1
momentum,1
inpenetrable,1
tosh,1
slip,1
locked,1
horror,1
reflection,1
incarnation,1
observant,1
flcl,1
bartender,1
justified,1
suffered,1
journey,1
abusing,1
didn´t,1
shaking,1
comedy,1
stj,1
incubus,1
ambushed,1
compass,1
jager,1
retake,1
empireconquered,1
expanding,1
aesthetic,1
schoolwide,1
selfpromotion,1
tantrum,1
completion,1
triggered,1
vivid,1
realist,1
denver,1
typ,1
nickleback,1
wxyz,1
vulnerability,1
jewelry,1
poison,1
spoken,1
harming,1
lemon,1
teflon,1
spontaneity,1
placed,1
saas,1
samey,1
deschanel,1
wrapped,1
patting,1
greasy,1
humiliated,1
moralistic,1
unpleasantness,1
dork,1
slizzles,1
entering,1
fluff,1
austin,1
oportunity,1
amidala,1
ingenious,1
sfp,1
accommodating,1
donx92t,1
fransisco,1
meating,1
keirseys,1
phobic,1
ford,1
eveyrhing,1
fyi,1
hatfield,1
delicate,1
friggin,1
snowed,1
fbb107s,1
bluntly,1
fallout,1
ragtime,1
talkie,1
mph,1
kitty23,1
wrinkled,1
yacht,1
banter,1
questionable,1
olenna,1
halved,1
knocking,1
stance,1
ut,1
pesky,1
overreaction,1
authoritarian,1
slang,1
trilogy,1
ala,1
chelsea,1
snapped,1
conceited,1
smokin,1
ash,1
luckily,1
judi,1
floss,1
wolf,1
consulting,1
hive,1
controling,1
parking,1
barbara,1
mu,1
backround,1
gore,1
harnessing,1
aloha,1
pennyworth,1
leo,1
org,1
lineup,1
willingness,1
woho,1
bent,1
yeehaw,1
approbation,1
ditch,1
condemning,1
fib,1
predator,1
estimation,1
chuncky,1
char,1
bulma,1
paranoia,1
dementia,1
cheers2,1
kirsten,1
tape,1
redundant,1
yawn,1
dignity,1
staff,1
agh,1
isj,1
heterosexual,1
edible,1
firework,1
kore,1
temperance,1
unobjective,1
archetypal,1
influx,1
smelling,1
ahsoka,1
incapable,1
leeway,1
sized,1
url,1
analyst,1
punch,1
isuppose,1
girlfreinds,1
kfc,1
housing,1
sniffing,1
mysterious,1
placebo,1
pita,1
eeeh,1
somethin,1
revolves,1
benzoate,1
limb,1
yeahhhhhh,1
lee,1
dictated,1
deli,1
comedic,1
gangsta,1
subconsciously,1
doctrine,1
backwas,1
hire,1
bella,1
questionairre,1
cataclysm,1
inflate,1
veg,1
rank,1
dickness,1
refusetobackdown,1
prayer,1
imperfect,1
empire,1
beverage,1
swollen,1
mario,1
erica,1
e5w4,1
okcupid,1
inference,1
horrendous,1
deem,1
hashish,1
goof,1
sociable,1
mistyping,1
incessantly,1
ipas,1
alaska,1
rug,1
amygdala,1
stahli,1
materialistic,1
quizz,1
rooted,1
cohiba,1
dylio,1
autobahn,1
occurrence,1
poo,1
embodiment,1
ironman,1
waaaaaay,1
manga,1
hiking,1
importance,1
bodybuilder,1
conqueror,1
pu,1
relativism,1
thursday,1
hiv,1
arto,1
reliance,1
desperation,1
screech,1
loc,1
graficcha,1
natsume,1
queenie,1
sour,1
slaying,1
bakerstreet,1
bugged,1
weehooo,1
shoul,1
climb,1
stupider,1
corny,1
ridiculously,1
skating,1
edgington,1
mechanical,1
closed,1
praying,1
sushi,1
compensated,1
10lbs,1
streak,1
haunt,1
xavier,1
camped,1
commend,1
outright,1
subscribed,1
presented,1
secure,1
hired,1
deeply,1
sayin,1
womanyouve,1
waityou,1
analog,1
flowing,1
dreamt,1
smilie,1
skool,1
comfy,1
hott,1
mindtraveler,1
yolo,1
rom,1
screenshot,1
tim,1
breakup,1
assessment,1
indecisive,1
portray,1
favour,1
annoyance,1
harmed,1
asd,1
kirisame,1
iffy,1
adler,1
6w7s,1
wampus,1
aija,1
edit2,1
nutshell,1
edmonton,1
grandiosity,1
enf,1
fed,1
articlea,1
dutiful,1
oddball,1
mia,1
portrayal,1
daria,1
relies,1
matching,1
orc,1
comparing,1
began,1
thesis,1
ahhh,1
spousal,1
stoled,1
elizabeth,1
immigrant,1
yuck,1
thorn,1
betrayal,1
aid,1
stan,1
barbossa,1
eerie,1
monotonous,1
critisized,1
powerless,1
rousey,1
judo,1
uncuck,1
blanketing,1
sponge,1
remilia,1
arthur,1
taylor,1
kat,1
funner,1
manson,1
esoteric,1
refers,1
pastry,1
featured,1
cn,1
meirsho,1
laguage,1
taboo,1
ariadne,1
thorough,1
someonell,1
thar,1
curvy,1
remeber,1
eagle,1
distorted,1
sandpit,1
daniel,1
astounds,1
mirroring,1
achievement,1
organizer,1
preemptive,1
shlomo,1
torn,1
feminsiems,1
attachment,1
rot,1
txting,1
dya,1
snowy,1
neato,1
starwars,1
handler,1
absylution,1
genetic,1
ritalinl,1
honey,1
disturbed,1
dual,1
phlegmatic,1
temporarily,1
feeeeel,1
paladin,1
visa,1
cosmetology,1
homie,1
reformat,1
stoke,1
drowning,1
afinitty,1
ducktape,1
bogus,1
gal,1
conformist,1
wider,1
wtfe,1
underwear,1
warmly,1
lethal,1
philosophybut,1
licking,1
probly,1
rollercoasters,1
massachusetts,1
aspartate,1
touted,1
spa,1
seinfeld,1
yuujinchou,1
recovery,1
dissociative,1
nitwit,1
eah,1
percussion,1
height,1
internationally,1
aricept,1
awful,1
proved,1
souns,1
efficiency,1
tom,1
anotha,1
sleepytime,1
appearance,1
percentage,1
jesse,1
lookin9,1
aha,1
separately,1
spontaneously,1
mtv,1
spy,1
solo,1
acquiring,1
swimming,1
romeo,1
schooling,1
shelby,1
neglect,1
metafor,1
obscured,1
notion,1
biology,1
dilly,1
lookin,1
behavioral,1
bare,1
affiliated,1
faramir,1
menage,1
editing,1
semianry,1
happend,1
speculating,1
cable,1
conglomerate,1
jin,1
accepeted,1
intelect,1
nfps,1
amplify,1
commercialsx85i,1
stumped,1
ixfx,1
conscience,1
sketch,1
cuddle,1
irritation,1
backed,1
mastered,1
wytch,1
survivor,1
awsell,1
kpop,1
screwup,1
spag,1
cater,1
circumcision,1
seaside,1
seductive,1
engagement,1
plop,1
eccentric,1
mc,1
loius,1
buzzkills,1
ctv,1
izayoi,1
kony,1
canned,1
subjectively,1
vids,1
grass,1
ol,1
pinterest,1
interpretation,1
sammy,1
hennesey,1
groomed,1
funding,1
tap,1
desired,1
walt,1
insistence,1
affirmative,1
ussually,1
eminem,1
majestic,1
gullwing,1
adive,1
interfere,1
fashioned,1
federalist,1
lure,1
han,1
inbound,1
hotaru,1
counterphobia,1
pls,1
sidewalk,1
garden,1
ny,1
pleasantly,1
retreat,1
slide,1
vizzini,1
sugar,1
restated,1
photographer,1
gathering,1
beacause,1
advanced,1
painful,1
calculating,1
ilustrative,1
memphistos,1
spacing,1
hyde,1
electronics,1
chemicall,1
miniature,1
dedication,1
edwin,1
decidedly,1
geordi,1
officially,1
dora,1
ned,1
kiersey,1
sway,1
iniciates,1
yeahright,1
setp,1
villain,1
rehabilitate,1
muahahahaha,1
aries,1
that´s,1
precise,1
biiig,1
certainty,1
drown,1
creature,1
burton,1
kami,1
lii,1
crown,1
demeanor,1
decoration,1
bcs,1
savannah,1
sho,1
highlight,1
disguise,1
mediate,1
couched,1
hearted,1
fought,1
philosopher,1
fervor,1
stanford,1
purple,1
despised,1
nick,1
guessed,1
dryer,1
willingly,1
onn,1
industrialist,1
whatx92s,1
alcohol,1
geek,1
engineering,1
cliodna,1
idgaf,1
parasite,1
assertiveness,1
interactive,1
divine,1
hahahahhahahahaha,1
session,1
hitchcock,1
dandy,1
necessity,1
shay,1
blanket,1
chiller,1
contemplating,1
simplest,1
nutritional,1
njchciks,1
badaling,1
dumbest,1
politically,1
aelthwyn,1
whereas,1
french,1
it´d,1
playmate,1
millennium,1
abcd,1
giggling,1
fueled,1
reveals,1
prioritizing,1
thanx,1
augmented,1
edgar,1
amplifies,1
evolving,1
pescetarian,1
operate,1
dorm,1
couldve,1
ruin,1
kididdlehopper,1
bum,1
lightest,1
libation,1
checklist,1
programmer,1
discriminatory,1
reasonal,1
altered,1
jazz,1
salad,1
incorporated,1
cato,1
shoudl,1
federer,1
inxp,1
investing,1
flipping,1
concur,1
burdgebug,1
coincides,1
prediction,1
addictive,1
equitable,1
airy,1
saver,1
watson,1
suspected,1
jones,1
whatevers,1
atmosphere,1
progressing,1
cutlery,1
valuing,1
strutting,1
paced,1
hallf,1
prospect,1
cypress,1
surgery,1
pedi,1
mercilessly,1
openly,1
budhist,1
haunting,1
sam,1
industry,1
overwrite,1
transfering,1
marisa,1
animated,1
precludes,1
sen,1
heeeey,1
prostitution,1
kindel,1
magnificent,1
jock,1
carmine,1
privilege,1
no1curr,1
yelling,1
mindedness,1
respecting,1
pondered,1
thunderbird,1
modest,1
rudeness,1
ho,1
service,1
lousy,1
unexpectedly,1
hypersexual,1
rocking,1
mechanism,1
womb,1
checkmate,1
speedskating,1
nutrition,1
skiing,1
lebron,1
zaknafein,1
ghostfire01,1
steer,1
international,1
nickname,1
lurking,1
hampton,1
masterpiece,1
swoop,1
selfishly,1
rotting,1
messaging,1
tan,1
composin9,1
endangered,1
knoowww,1
extracurricular,1
nuclear,1
crouched,1
sticky,1
lumped,1
waking,1
goofball,1
psychiatrist,1
hygiene,1
estimate,1
ranging,1
merlin,1
arduous,1
disc,1
pastafarianism,1
commitmentphobes,1
dsnt,1
prolonged,1
enhanced,1
tangled,1
ginny,1
unable,1
nooooo,1
homosexual,1
representation,1
goo,1
withdrawn,1
therapy,1
demon,1
subcon,1
idealism,1
tai,1
jhfjeojdjkjnklk,1
stalk,1
lease,1
sfs,1
deaf,1
fortis,1
simulation,1
setup,1
grief,1
marissa,1
occasional,1
pyrotecnics,1
loony,1
12am,1
witted,1
pun,1
allong,1
wavy,1
vocabulary,1
carolina,1
duvet,1
traumatized,1
inteligence,1
undeniable,1
demanded,1
fortitude,1
catchy,1
consent,1
lori,1
hamlet,1
autism,1
squad,1
occupied,1
inconsiderate,1
phew,1
introspecting,1
tame,1
complexion,1
lane,1
servamp,1
chosen,1
kurt,1
acounts,1
spectrum,1
quintillion,1
planned,1
enlightened,1
sorting,1
pilgrim,1
flipped,1
siggy,1
intuiting,1
visible,1
tribal,1
xmas,1
compelling,1
fluttered,1
sacrificed,1
pup,1
og,1
produce,1
undergraduate,1
reinforcer,1
wholesaler,1
pin,1
1960s,1
alignment,1
confront,1
timeline,1
spank,1
eugh,1
restraint,1
9ettin9,1
horchata,1
countless,1
forthright,1
quatsch,1
aoharu,1
cooling,1
goin,1
frantic,1
tara,1
jersey,1
webcam,1
corrupt,1
preachy,1
photograph,1
reeeally,1
sims,1
ranpo,1
drifting,1
pref,1
nop,1
crew,1
thatx92s,1
mansion,1
demand,1
tp,1
hi9h,1
troi,1
mile,1
vocal,1
9oin9,1
clamp,1
rehearse,1
theatre,1
chuck,1
cartman,1
phd,1
giada,1
sleazy,1
cispa9,1
tatoo,1
exposure,1
lateral,1
careful,1
circumstantial,1
ukulele,1
inxjs,1
dec,1
shrugged,1
dodging,1
blaming,1
blade,1
schmidt,1
resonance,1
stupidly,1
ew,1
pomp,1
pleeenty,1
rediculous,1
disbelief,1
sli,1
injustice,1
pregnant,1
wriggling,1
wilderness,1
cri,1
slotting,1
ostracize,1
coven,1
junkie,1
detach,1
barnacle,1
gingrich,1
diagnose,1
bowl,1
claymation,1
emphasizing,1
pfft,1
crisis,1
pose,1
hockey,1
chiseled,1
enjoyable,1
pickle,1
pointless,1
dashoard,1
chit,1
fps,1
dissappears,1
miracle,1
bull,1
bishop,1
rimmed,1
stimulant,1
extx,1
racer,1
triumph,1
dodds,1
francisco,1
grieving,1
med,1
navigate,1
wittiness,1
hahahaahahaa,1
sunny,1
predominantly,1
turnaround,1
randomness,1
argumentative,1
marie,1
mere,1
ideology,1
britches,1
prick,1
suckerpunch,1
organised,1
schizophrenic,1
deeming,1
executive,1
mary,1
dedicate,1
persuer,1
378´s,1
nonchalant,1
guarded,1
deism,1
gaslighting,1
slope,1
conformism,1
unseemly,1
whoopdee,1
mindset,1
dicking,1
columbine,1
proposing,1
labeled,1
unstoppable,1
perverse,1
knock,1
tiny,1
greeting,1
babysitter,1
improv,1
frivolty,1
horrid,1
fieri,1
omfg,1
corporation,1
braxton,1
oj,1
romancedramacomedybio,1
bondage,1
nolan,1
timeeee,1
heartless,1
hideous,1
chucky,1
whod,1
tipsy,1
sameer,1
effie,1
counted,1
endearingly,1
nig,1
landmark,1
gossiping,1
rpg´s,1
interconnected,1
decorated,1
knob,1
traveled,1
distress,1
mommy,1
drmiller100,1
matt,1
sporty,1
capturing,1
ax,1
arabic,1
yehhhh,1
circa,1
kikanjuu,1
weirdest,1
tall,1
theyve,1
sriracha,1
commuting,1
themselvesthey,1
convoluted,1
spoonfed,1
affectionately,1
android,1
cruising,1
sending,1
candid,1
irvine,1
neutron,1
unfriendly,1
asl,1
toothbrush,1
pat,1
confidently,1
mckashes,1
inevitably,1
outlook,1
compose,1
polack,1
sorted,1
factory,1
spew,1
propranol,1
upto,1
palpatine,1
plip,1
gymnast,1
freind,1
whale,1
jaha,1
lifeguard,1
dhavin,1
economist,1
ping,1
adventurer,1
liontiger,1
uber,1
sling,1
int,1
shhhhhhhh,1
restate,1
cryaotic,1
region,1
listing,1
spartan,1
bass,1
barging,1
brawl,1
trendy,1
rationally,1
noooooooooo,1
answering,1
droid,1
attractiveness,1
placing,1
blatantly,1
dingo,1
entitlement,1
concrete,1
attend,1
coloured,1
aight,1
kickback,1
eyeball,1
polo,1
echoing,1
evolved,1
vaguing,1
trustworthy,1
arclight,1
recipe,1
bday,1
elaborate,1
departure,1
initiating,1
outrageously,1
decisive,1
determines,1
justaddallofthem,1
phil,1
emphasized,1
deschannel,1
billy,1
reductionism,1
comb,1
proven,1
absolution,1
undermining,1
mega,1
degraded,1
delicious,1
diffuse,1
blazy,1
krios,1
conservatively,1
lgbt,1
attire,1
doubted,1
2so,1
meditative,1
correction,1
expenditure,1
wrath,1
sucked,1
hypocritical,1
evey,1
agreeing,1
schoolwork,1
glory,1
ripped,1
miscount,1
xxxj,1
repost,1
heedless,1
emmamadden,1
revert,1
frightened,1
definite,1
unclean,1
naw,1
empathize,1
trial,1
inefficient,1
amy,1
haruhara,1
noodle,1
congrats,1
desu,1
zim,1
assesment,1
barf,1
devote,1
evident,1
roughly,1
owing,1
purchase,1
startup,1
spaghetti,1
kay,1
respectively,1
prestigious,1
jedis,1
odor,1
strenth,1
yknow,1
psychotype,1
cinema,1
noon,1
neighbour,1
utterly,1
polska,1
academic,1
volume,1
concluded,1
nearest,1
commandant,1
undyne,1
disappear,1
confirmation,1
consideration,1
institute,1
slim,1
ahah,1
mofos,1
lauren,1
bodyweight,1
slamdunk,1
yeaaaa,1
newyears,1
julie,1
dh,1
pitiful,1
bubbly,1
viable,1
flick,1
fatherhood,1
camel,1
esque,1
entry,1
spiral,1
delayed,1
ignores,1
located,1
militant,1
mingle,1
gear,1
eg,1
complaing,1
culturist,1
bypassed,1
kanye,1
graphic,1
fallen,1
browse,1
interacting,1
nnnnnot,1
decapitalizing,1
ick,1
avant,1
interviewer,1
ascribed,1
parrotmedic,1
delinquent,1
soprano,1
conversing,1
roaaaar,1
sunbathing,1
personalityjunkie,1
adoration,1
snapchat,1
fancied,1
flopping,1
spielberg,1
missjordan,1
extrovertion,1
closests,1
bin,1
reminiscent,1
apparel,1
oregon,1
͜ʖ,1
praise,1
rattlesnake,1
rebekah,1
manhands,1
abused,1
playfully,1
converse,1
squeeze,1
jinni,1
tucker,1
doo,1
literal,1
scott,1
sea,1
conceal,1
l4d,1
creep,1
gratification,1
cead,1
hahaa,1
upbeat,1
palobell,1
nope…this,1
judged,1
clarifying,1
actuality,1
security,1
disciplined,1
cycle,1
afterthought,1
sectioned,1
adress,1
moony,1
survival,1
strip,1
fasfa,1
contains,1
waow,1
revisited,1
laurentis,1
indyannajoan,1
phisical,1
cocktail,1
pyro,1
drawl,1
presuming,1
marvel,1
ecstasy,1
sandwich,1
struck,1
goodman,1
famine,1
congress,1
saison,1
yeahh,1
tripped,1
spirituality,1
trampoline,1
cooked,1
anon,1
righteous,1
thunderstorm,1
dealbreaker,1
thingy,1
clever,1
manipulitve,1
cripplingly,1
cca,1
walkie,1
filthy,1
emote,1
reliability,1
sadistic,1
maniac,1
combine,1
closing,1
choir,1
booster,1
coup,1
stimulative,1
beyonce,1
jilling,1
knit,1
sentiment,1
skyrim,1
medicine,1
okey,1
timing,1
gpa,1
chamberlain,1
exo,1
buren,1
medical,1
conformed,1
prefence,1
tarnished,1
tourist,1
9irl,1
beluga,1
stalker,1
predict,1
passed,1
gozar,1
honoroary,1
writen,1
edogawa,1
liz,1
training,1
cinematic,1
bash,1
misrepresent,1
scrubbing,1
thai,1
runner,1
jeez,1
imagery,1
whahhh,1
shiny,1
commitment,1
sfps,1
buzzed,1
reducing,1
ko,1
ted,1
articulate,1
classification,1
loan,1
busser,1
brussel,1
skyler,1
abbreviation,1
stuyding,1
promotion,1
rowdy,1
fck,1
revolting,1
tiff,1
poll,1
backup,1
pragmatic,1
debit,1
handicap,1
darunia,1
triple,1
accountability,1
desk,1
wooooooooooooooooooooow,1
snitching,1
democrat,1
reminded,1
loaded,1
neighborhood,1
pill,1
unlabelled,1
cheerful,1
heartstring,1
flourine,1
sjs,1
inaccuracy,1
toughness,1
jungian,1
confirms,1
hatred,1
initiated,1
trelawney,1
karsi,1
enchanting,1
committed,1
twerking,1
boi,1
hahahaa,1
perseus,1
strung,1
intriguing,1
blurt,1
annoyingly,1
shakira,1
filthyfrank,1
xthecaramelqueenx,1
haughty,1
watchin9,1
adoption,1
wallet,1
removed,1
failte,1
max,1
anti,1
physiology,1
evan,1
lsat,1
offs,1
que,1
zubs,1
spoon,1
wizzards,1
swirl,1
activist,1
creatively,1
backhanded,1
enforce,1
steph,1
mutated,1
foam,1
strictly,1
mercedes,1
capitalism,1
procrastination,1
choosed,1
wrt,1
seller,1
freshly,1
dnt,1
maher,1
translate,1
criticism,1
misinterpretation,1
sleepy,1
hitting,1
ista,1
bc,1
loving,1
nora,1
replacing,1
clouded,1
butter,1
summary,1
malon,1
jeep,1
melodic,1
expressed,1
watersports,1
kristoff,1
ensure,1
nam,1
addisons,1
posturing,1
cleanest,1
seminar,1
importantly,1
bungee,1
payoff,1
sexx,1
guaranteed,1
elitist,1
thepgo,1
differs,1
fcked,1
larger,1
sm,1
nonjudgmental,1
germany,1
fearful,1
coat,1
ultimate,1
basket,1
mugch,1
cryed,1
remedy,1
pssch,1
playlist,1
percieve,1
raped,1
vera,1
playin,1
mobility,1
resonate,1
peanut,1
padme,1
protection,1
diplomatic,1
drone,1
bubble,1
urslevs,1
stressing,1
cameron,1
newt,1
apologise,1
envy,1
profoundly,1
autofill,1
hots,1
providing,1
euro,1
diving,1
remains,1
unhappy,1
eventhough,1
doin,1
9o,1
beautifully,1
verify,1
narrowing,1
pmed,1
psychedelic,1
cinnamon,1
backyard,1
narcotic,1
weeble,1
gein,1
aforementioned,1
alton,1
tee,1
improvising,1
defrost,1
labyrinth,1
wanderlust,1
againsterotype,1
inseparable,1
associate,1
refused,1
xstps,1
deemed,1
9oldfish,1
pendant,1
boa,1
moneybag,1
kumi,1
levison,1
agape,1
reciprocate,1
grateful,1
brady,1
embarrassing,1
imitate,1
rhett,1
undirect,1
assbiscuits,1
reposted,1
liable,1
ray,1
huhh,1
ahem,1
informal,1
boys24,1
recommend,1
fiind,1
gibbs,1
participated,1
adolf,1
roadtrip,1
samurai,1
gadget,1
doris,1
cryptic,1
avenue,1
nest,1
daario,1
rebelgoatalliance,1
rattle,1
9th,1
mainstream,1
existed,1
xstjs,1
relieve,1
irene,1
weather,1
enlisting,1
undoubtedly,1
brat,1
strain,1
thihng,1
offence,1
admittedly,1
lulz,1
electronic,1
coworker,1
exercising,1
pirate,1
negotiable,1
tax,1
humiliation,1
nonstop,1
histrionic,1
offbeat,1
sulk,1
yeaaa,1
trope,1
academically,1
unselfish,1
conduct,1
clyp,1
touched,1
bride,1
toughest,1
coffe,1
addicting,1
motivated,1
bridesmaid,1
strive,1
disconnect,1
healthier,1
orgasaming,1
exquisite,1
etch,1
spoke,1
vals™,1
ahole,1
xesx,1
coverage,1
wildling,1
misconstrued,1
kissed,1
pist,1
tyrion,1
robespierre,1
mah,1
pent,1
delivers,1
eclipse,1
devilish,1
ariel,1
continuously,1
deraling,1
enforcing,1
enthusiast,1
dn,1
hanbin,1
humanity,1
infection,1
sensible,1
lawn,1
worn,1
shipping,1
strict,1
wedding,1
darkside,1
moronic,1
splash,1
rewind,1
introvetion,1
introspection,1
soulmate,1
brand,1
popsicle,1
sirius,1
befriended,1
robbins,1
exfps,1
slider,1
bled,1
superego,1
composure,1
mirai,1
typecultural,1
demonstrates,1
unexpected,1
smothering,1
shumer,1
testgiver,1
dungeon,1
normalcy,1
avoidant,1
principal,1
growth,1
invest,1
ehehe,1
knocked,1
pity,1
unlikely,1
trois,1
kindly,1
menial,1
ballpark,1
unpersona,1
inthefridge,1
puff,1
detonate,1
jhonen,1
arrived,1
inxx,1
fiving,1
absurd,1
smacked,1
protective,1
neck,1
sw9w8,1
coquette,1
creeper,1
winged,1
spiderman,1
shite,1
pest,1
mitigating,1
pericles,1
tour,1
asian,1
flintstone,1
coppola,1
kgb,1
anywyas,1
closeness,1
housemate,1
worthless,1
weiner,1
worf,1
elena,1
discrete,1
mock,1
kittykraz13,1
tank,1
unveiled,1
broseph,1
riker,1
campus,1
lick,1
float,1
herpes,1
eveeeerything,1
galen,1
sidestepped,1
shipped,1
humble,1
missinterpeted,1
hurrying,1
mmmmmmmmm,1
forgo,1
saria,1
phenomenon,1
rosario,1
hilliest,1
russell,1
integrated,1
mysa,1
christianity,1
displeasure,1
devour,1
allowing,1
showered,1
martin,1
bahahaha,1
beckett,1
unlimited,1
alley,1
deception,1
shinji,1
maturity,1
winstons,1
seth,1
developement,1
undying,1
tiasie,1
ryan,1
washingtonexaminer,1
inregards,1
elder,1
ram,1
pming,1
parenting,1
migurk,1
sulfate,1
advise,1
penguin,1
prominently,1
physioloical,1
thnx,1
astoundingly,1
matthew,1
patchouli,1
muhahaa,1
daiy,1
extjs,1
transfer,1
resumeway,1
fustrated,1
absence,1
flicked,1
roland,1
estimated,1
vocaloid,1
sherman,1
berserk,1
reconcile,1
trot,1
anarchy,1
variation,1
churchill,1
infused,1
staggering,1
teach,1
genetics,1
temporal,1
fell,1
transcendence,1
unimportent,1
pathetic,1
lonnng,1
mission,1
helpless,1
piratebay,1
command,1
sensuous,1
illustration,1
pe,1
dribbling,1
osomatsu,1
abound,1
nike,1
slobbery,1
kobe,1
hampered,1
fiona,1
flat,1
nj,1
amicable,1
controversial,1
rationale,1
ballsacks,1
slower,1
choosing,1
patronus,1
retro,1
parade,1
jejune,1
faciliatated,1
protest,1
naive,1
smith,1
engineer,1
inermost,1
ixxj,1
ankle,1
deliberately,1
quarter,1
tsun,1
derp,1
hookah,1
zoes,1
lannister,1
hubble,1
target,1
ra,1
overtime,1
windu,1
premonition,1
efficiently,1
suspicious,1
ej,1
9od,1
gogglegirl,1
wring,1
chore,1
complimenting,1
realised,1
bilbo,1
manure,1
she´s,1
buff,1
incorrectly,1
adjacent,1
ape,1
legacy,1
deodorant,1
presenting,1
overachiever,1
thyroid,1
momentarily,1
postcard,1
economy,1
daytona,1
heading,1
ingenuity,1
swedish,1
plotting,1
malibu,1
heisenberg,1
impersonal,1
derail,1
hat,1
redwood,1
juice,1
convenience,1
ireland,1
meiling,1
especialy,1
bark,1
sfjish,1
mexican,1
ombre,1
delivery,1
giant,1
dunt,1
treatment,1
membership,1
independence,1
intellect,1
optician,1
realllll,1
dis,1
willingful,1
repressing,1
paintball,1
unicorn,1
territiory,1
sheila,1
italian,1
unwise,1
jealousy,1
unplug,1
combined,1
price,1
brainers,1
ranking,1
hellish,1
pissing,1
kerik,1
carrerplanner,1
determining,1
overarching,1
address,1
prim,1
disdain,1
frogged,1
tube,1
gainesborough,1
sakuya,1
pink,1
disappoint,1
enneagramenneagram,1
poked,1
thane,1
saccharate,1
reporting,1
ouf,1
dramatically,1
shooter,1
sprung,1
hakurei,1
relating,1
pump,1
jenna,1
subscription,1
becasue,1
storynory,1
repeating,1
whitneypj,1
quans,1
locust,1
origin,1
atttention,1
centeredness,1
likewise,1
determination,1
sti,1
increased,1
firmly,1
intenses,1
striking,1
threaeaeadd,1
isxjs,1
facet,1
m0827,1
twinsies,1
hook,1
carefully,1
connects,1
xxxxxxxxxxxxxxxxxxx,1
diamonddays,1
ikea,1
invisible,1
panic,1
chief,1
progression,1
raichu,1
aristotle,1
bread,1
convenient,1
ca,1
clone,1
douchebags,1
muslim,1
faithful,1
turnover,1
withdraw,1
happins,1
underground,1
nausicaa,1
diary,1
aquaswim,1
teal,1
resolved,1
solely,1
metaphysic,1
reciprocal,1
unintentionally,1
trans,1
younge,1
copperrharev,1
ifunny,1
comforting,1
spark,1
bias,1
destruction,1
sunshine,1
wick,1
misterperfect,1
woooo,1
appreciation,1
introverion,1
actor,1
dwayne,1
fckas,1
southern,1
hysterically,1
peter,1
suffer,1
lily,1
helicopter,1
burden,1
generalization,1
vatican2,1
stness,1
barnabas,1
released,1
abr,1
burst,1
fluffled,1
duller,1
bi9,1
suicide,1
hyuk,1
multicultural,1
reap,1
lelu,1
flavor,1
tooth,1
floating,1
chum,1
mnimp,1
liv,1
illustrative,1
1950s,1
woodworking,1
ofcouse,1
1w6,1
simptoms,1
embracing,1
proper,1
coke,1
ruined,1
nvm,1
pairing,1
boggling,1
enlightment,1
savage,1
shepard,1
pushup,1
vegetarian,1
lined,1
traduction,1
viva,1
breathe,1
lowered,1
catalyst,1
virginity,1
wondered,1
celsius,1
waaaay,1
destilate,1
legion,1
hiakaru,1
practitioner,1
kinesthetic,1
unscrupulous,1
dispute,1
russian,1
sifan,1
lioness,1
looooooooooooooooooooooooooool,1
kenobi,1
atamagasuita,1
nakajima,1
utah,1
adder,1
5w4s,1
deceiving,1
bodhi,1
tongue2,1
1930s,1
sean,1
sista,1
feminist,1
critique,1
saved,1
paula,1
ruettiger,1
artificial,1
thankyou,1
mirror,1
truthfully,1
prevalent,1
overwhelmed,1
combat,1
9oin,1
biased,1
bullying,1
sizing,1
pandora,1
redbull,1
dichotomous,1
camaro,1
norm,1
swinging,1
instantaneously,1
hlarious,1
avoided,1
freezing,1
9et,1
lust,1
entrepreneurship,1
travelling,1
attaining,1
gas,1
exchanged,1
tricky,1
outsource,1
reference,1
downey,1
orgasmic,1
10th,1
eon,1
defensively,1
numbness,1
sealed,1
cope,1
combatable,1
sentimentality,1
situational,1
sandy,1
thad,1
creation,1
bf,1
ivy,1
australia,1
meepers,1
backing,1
rebellion,1
dcnh,1
til,1
unthinking,1
snowflake,1
valley,1
shitposting,1
pour,1
executed,1
quip,1
sweetheart,1
bi,1
resturant,1
closely,1
ninamori,1
subtlety,1
sketchy,1
comeback,1
promised,1
screaming,1
enxj,1
luna,1
frank,1
broad,1
midnight,1
infact,1
traditionalist,1
heared,1
listener,1
inflict,1
dean,1
hatter,1
butcheeks,1
9ross,1
lovegood,1
mull,1
carribean,1
rephrase,1
bullied,1
dianna,1
nuffsaid,1
dearly,1
d00der,1
viewing,1
overrule,1
kuu,1
rating,1
cocky,1
needing,1
cunning,1
heartfelt,1
boiling,1
discipline,1
dennis,1
pinching,1
bronzeharev,1
aspd,1
dna,1
outclassed,1
esxj,1
eddie,1
snail,1
derkins,1
niiiiiice,1
hardwork,1
stale,1
resolution,1
inch,1
lovvvve,1
bo,1
nihm,1
prisoner,1
malcolm,1
er,1
adapts,1
ariana,1
xsfp,1
sharp,1
examined,1
pegged,1
landed,1
examination,1
indian,1
july,1
tigerblood,1
alittle,1
advantageous,1
hiccup,1
establishment,1
completing,1
e6w5,1
tuned,1
weaker,1
forsaken,1
roomy,1
intersting,1
keyholder,1
advises,1
conflicted,1
mace,1
dice,1
mello,1
wrestle,1
en,1
damper,1
psychonauts,1
rhetorical,1
rut,1
shyamalan,1
entrepreneurial,1
brian1,1
simmilar,1
elected,1
glean,1
steady,1
giraffage,1
misunderstand,1
corpse,1
resembles,1
smaug,1
bland,1
wrist,1
njchick,1
popularization,1
creepier,1
alongside,1
bel,1
freestyle,1
dominican,1
gotto,1
raising,1
demanding,1
persued,1
aviator,1
defence,1
unleash,1
sidestep,1
any1,1
slaughtering,1
unsourced,1
driveway,1
declared,1
oposite,1
opras,1
religiously,1
visibly,1
flashy,1
ftfy,1
tiredness,1
organization,1
fairness,1
manchester,1
maintenance,1
renner,1
ridiculed,1
mindless,1
allways,1
dentist,1
hade,1
brittany,1
patrick,1
manifestation,1
edgelords,1
amused,1
opinon,1
capture,1
ethnicity,1
concious,1
nation,1
arcade,1
routinely,1
ina,1
legendary,1
determined,1
jennifer,1
certified,1
clueless,1
yuri,1
eggsies,1
azula,1
norris,1
euh,1
hahahah,1
mini,1
progressive,1
marking,1
impulsiveness,1
albus,1
sweeping,1
pen,1
authoritarianism,1
censored,1
jail,1
atsushi,1
frankly,1
accurately,1
gamma,1
irritate,1
societal,1
mannerism,1
batshit,1
weirdo,1
rigid,1
fixated,1
portable,1
chasingclouds,1
earnings,1
quad,1
outlet,1
addison,1
tucked,1
kurumu,1
bff,1
perfectionism,1
cm,1
conditioning,1
morgan,1
baggins,1
affective,1
hobbit,1
industrial,1
exceptionally,1
envisage,1
timed,1
kinky,1
discernment,1
messer,1
voting,1
pursuing,1
machai,1
flex,1
merge,1
ponder,1
aaaand,1
transcript,1
roger,1
nhl,1
syllable,1
minus,1
thief,1
inst,1
rogers,1
correctly,1
natured,1
sting,1
testament,1
noo,1
grammatical,1
urgh,1
dox92s,1
dreamed,1
thanduil,1
moneimi,1
chest,1
specify,1
hustlin,1
progesterone,1
snacking,1
devsmess,1
micheal,1
feal,1
embarrassingly,1
disloyalty,1
tbf,1
instrument,1
chickenshit,1
aspiration,1
disapoint,1
autocorrec,1
mononoke,1
recheck,1
xxxx,1
tenth,1
worsty,1
catastrophic,1
zinerva,1
varying,1
blurring,1
cult,1
inquires,1
thinkin,1
digging,1
monochromatic,1
ingres,1
refreshing,1
drove,1
repent,1
workshop,1
forgets,1
ahhaa,1
butch,1
flatery,1
kamon,1
fahrenheit,1
mimicked,1
highest,1
forceful,1
nutjobs,1
blackops,1
racking,1
equates,1
echo,1
successfully,1
julian,1
incorporate,1
diamond,1
beast,1
profound,1
undesirable,1
aal,1
daredevil,1
chuckle,1
feeder,1
lorena,1
sematary,1
padmé,1
apprentice,1
processed,1
unfold,1
missile,1
stratigic,1
gullible,1
manipulating,1
gravitate,1
distrust,1
socio,1
refference,1
lacquer,1
managing,1
mandated,1
aaand,1
witlash,1
append,1
dine,1
warhead,1
intelectually,1
softness,1
