,0
im,976
like,923
dont,600
think,584
one,515
really,495
people,469
know,412
http,411
get,409
thing,388
time,348
would,339
ive,337
isfp,326
type,320
love,303
feel,302
much,272
friend,266
good,248
want,230
well,230
say,229
make,225
always,215
something,206
lot,206
go,199
hundred,197
even,192
see,190
also,189
way,189
two,184
someone,176
never,171
could,170
life,163
thought,162
right,160
though,160
year,158
yes,152
pretty,151
thats,149
feeling,147
cant,146
going,142
infp,141
find,141
work,141
actually,141
thanks,138
youre,136
id,134
still,132
sure,128
mean,127
first,126
usually,126
sometimes,126
maybe,124
infj,123
look,121
person,121
come,118
thousand,117
guy,116
try,116
thread,115
take,115
anything,114
ill,114
day,113
music,111
kind,111
little,110
didnt,110
lol,109
need,108
best,106
probably,105
back,103
different,103
got,102
isfj,102
personality,101
help,100
happy,99
read,99
yeah,99
around,98
sound,98
school,97
guess,97
post,95
doesnt,95
isfps,93
test,93
great,92
fi,91
often,91
three,90
said,90
hard,89
enfp,88
since,88
song,87
quite,87
talk,87
seems,87
relationship,85
oh,85
show,84
point,83
interesting,83
better,83
question,83
might,83
bad,83
long,82
many,82
idea,82
definitely,81
thank,81
ever,81
last,81
four,81
may,81
new,80
thinking,80
others,80
agree,80
everyone,78
mind,78
problem,77
haha,77
esfp,76
tell,76
function,76
everything,76
seem,75
istj,74
xd,74
mbti,73
used,73
made,73
twenty,72
give,71
keep,71
part,71
word,70
character,70
five,70
istp,69
remember,69
experience,69
game,69
hi,68
found,68
least,68
start,67
bit,67
believe,67
care,67
movie,66
understand,65
intj,65
let,65
world,65
girl,64
live,64
thirty,64
else,64
getting,64
theyre,63
nice,63
either,62
book,62
art,62
intp,62
reason,62
laughing,62
relate,61
trying,60
put,60
stuff,60
every,59
especially,59
se,59
hate,59
anyone,59
mom,58
high,58
sense,57
video,57
another,57
moment,57
family,56
forum,56
shes,55
close,55
favorite,55
value,55
tend,55
seven,55
fun,55
away,54
head,54
conversation,54
place,54
without,54
enough,53
nine,53
sorry,53
old,53
enjoy,52
wrong,52
past,52
wouldnt,52
end,51
change,51
esfj,51
ni,51
ask,51
situation,51
estp,50
use,50
answer,49
entp,49
talking,49
isnt,49
six,49
nothing,48
already,48
enfj,48
funny,48
entj,48
eye,47
havent,47
estj,47
almost,47
self,47
dad,47
true,46
kid,46
name,46
opinion,46
course,46
weird,45
started,45
sad,45
child,44
fe,44
example,44
sort,44
yet,44
rather,44
completely,43
story,43
beautiful,43
job,43
ago,43
social,43
however,43
fifty,43
le,43
real,43
ninety,43
play,42
big,42
certain,42
alone,42
making,42
reading,42
month,41
fact,41
result,41
exactly,41
cool,41
man,41
depends,41
home,40
totally,40
stop,40
writing,40
personal,40
sixty,40
saying,40
mostly,40
response,40
welcome,40
wanted,39
easy,39
ten,39
eight,39
told,39
seen,38
today,38
felt,38
emotion,38
ne,38
etc,38
tried,37
matter,37
ok,37
arent,37
watching,37
hope,37
recently,37
hurt,36
looking,36
whats,36
interest,36
hour,36
general,36
fit,36
far,36
interested,36
similar,35
wont,35
style,35
although,35
hey,35
quiet,35
description,35
knew,35
side,35
parent,35
based,35
together,35
write,35
wow,34
te,34
done,34
advice,34
listen,34
along,34
crazy,34
taking,34
call,34
went,34
online,34
noticed,34
animal,33
sp,33
week,33
honestly,33
second,33
unless,33
night,33
become,33
picture,33
liked,33
left,33
strong,33
si,32
took,32
infps,32
couldnt,32
likely,32
god,32
eighty,32
next,32
sensitive,32
blue,32
class,32
dream,32
reply,32
met,31
list,31
able,31
easily,31
honest,31
house,31
instead,31
confused,31
cry,31
wish,31
whole,31
room,31
dog,31
youtube,30
whatever,30
saw,30
prefer,30
kinda,30
morning,30
using,30
mine,30
couple,30
na,30
introverted,30
tongue,30
possible,30
group,30
loved,30
hear,30
forty,30
college,30
speak,29
introvert,29
dating,29
seriously,29
sleep,29
lazy,29
food,29
heard,29
appreciate,29
important,29
hand,29
face,29
emotional,28
issue,28
difficult,28
please,28
female,28
share,28
awesome,28
comfortable,28
learn,28
playing,28
personally,28
cat,28
case,28
enneagram,27
dear,27
figure,27
artist,27
act,27
listening,27
dominant,27
youve,27
view,26
wondering,26
information,26
watch,26
must,26
lost,26
super,26
hello,26
brother,26
drawing,26
stay,26
boy,25
taken,25
generally,25
suppose,25
anyway,25
action,25
called,25
meaning,25
husband,25
came,25
amazing,25
age,25
wasnt,25
outside,25
joke,25
theory,24
fear,24
sister,24
seventy,24
plan,24
woman,24
subject,24
perhaps,24
angry,23
happens,23
4w5,23
working,23
coming,23
bed,23
extroverted,23
extremely,23
okay,23
public,23
low,23
stereotype,23
break,23
younger,23
asking,22
except,22
consider,22
add,22
attention,22
hold,22
male,22
gotten,22
typing,22
draw,22
nature,22
wear,22
link,22
imagine,22
cognitive,22
inside,22
simply,22
absolutely,22
line,22
term,22
seeing,22
difference,22
extrovert,22
simple,22
half,22
middle,22
shy,21
science,21
image,21
explain,21
happened,21
level,21
hahaha,21
possibly,21
color,21
trait,21
speaking,21
mother,21
topic,21
human,21
cause,21
random,21
open,21
death,21
happen,21
small,21
common,21
due,21
tv,21
across,21
english,21
trust,21
black,21
sx,21
currently,21
finding,20
system,20
conflict,20
study,20
ti,20
annoying,20
intuitive,20
process,20
meant,20
worry,20
stress,20
set,20
cold,20
towards,20
helpful,20
awkward,20
detail,20
pick,20
avatar,20
energy,20
huge,20
ya,20
gave,20
short,20
order,20
memory,20
deal,20
later,20
sent,19
eat,19
fall,19
teacher,19
dislike,19
drive,19
water,19
summer,19
favourite,19
proud,19
control,19
run,19
wall,19
certainly,19
space,19
money,19
partner,19
move,19
attracted,19
married,19
career,19
anxiety,19
trouble,19
spend,19
earth,19
creative,19
terrible,19
realize,19
learning,19
somewhere,19
smart,19
sweet,19
decision,19
rock,18
notice,18
finally,18
front,18
intjs,18
strange,18
intelligent,18
lose,18
major,18
cute,18
anymore,18
known,18
asked,18
describe,18
sensor,18
older,18
meet,18
minute,18
shocked,18
bored,18
literally,18
mentioned,18
stupid,18
finished,18
youll,18
dom,18
living,18
grade,18
curious,18
site,18
realized,17
tendency,17
single,17
film,17
student,17
early,17
decided,17
computer,17
nervous,17
white,17
phone,17
lately,17
express,17
sex,17
fine,17
wait,17
understanding,17
stopped,17
given,17
related,17
piece,17
somebody,17
free,17
walk,17
mad,17
band,17
suck,17
rule,17
expect,17
hmm,17
current,17
form,17
starting,17
watched,17
3w4,16
future,16
wan,16
perfect,16
wink,16
walking,16
telling,16
loud,16
worth,16
rarely,16
argument,16
typed,16
respect,16
dance,16
bother,16
series,16
running,16
basically,16
heart,16
men,16
power,16
hit,16
main,16
harry,16
specific,16
chance,16
psychology,16
lead,16
university,16
kill,16
giving,16
create,16
intps,15
useful,15
depression,15
gon,15
light,15
focus,15
fight,15
internet,15
warm,15
particular,15
choice,15
artistic,15
depending,15
negative,15
paint,15
tmlt,15
blushed,15
mood,15
special,15
avoid,15
miss,15
healthy,15
moving,15
hot,15
body,15
pay,15
laugh,15
wonder,15
match,15
supposed,15
state,15
serious,15
red,15
seemed,15
hell,15
deep,15
boring,15
gone,15
dancing,15
comment,15
forget,15
user,15
voice,14
turned,14
calm,14
doubt,14
depressed,14
original,14
fully,14
opposite,14
obvious,14
full,14
party,14
accurate,14
played,14
ah,14
fan,14
math,14
fourteen,14
box,14
skill,14
uncomfortable,14
smile,14
sport,14
knowing,14
shit,14
extraverted,14
vibe,14
upset,14
posted,14
young,14
fairly,14
infjs,14
unhealthy,14
normal,14
text,14
somewhat,14
sing,14
glad,14
enjoyed,14
nobody,14
profile,14
constantly,14
worked,14
aspect,14
check,14
3w2,14
wanting,13
moved,13
turn,13
effort,13
necessarily,13
beginning,13
tree,13
born,13
helped,13
message,13
language,13
friendly,13
environment,13
entire,13
kiss,13
quickly,13
emotionally,13
slightly,13
scared,13
whether,13
somehow,13
degree,13
loving,13
kitteh,13
hang,13
drama,13
die,13
date,13
surprised,13
contact,13
obviously,13
ex,13
plus,13
9w1,13
follow,13
closest,13
taste,13
touch,13
ability,13
highly,13
doms,13
incredibly,13
apparently,13
interaction,13
eleven,13
overall,13
period,13
indeed,13
enfjs,13
putting,13
bear,13
stand,13
looked,13
anime,13
setting,13
zone,13
mental,13
pet,13
tough,12
istps,12
stuck,12
useless,12
goal,12
straight,12
biggest,12
despite,12
driving,12
physical,12
aware,12
number,12
hair,12
forgot,12
fire,12
top,12
combination,12
intelligence,12
appear,12
country,12
lie,12
spent,12
season,12
4w3,12
desire,12
compliment,12
quick,12
fast,12
photo,12
handle,12
buy,12
american,12
stick,12
score,12
specifically,12
yesterday,12
sensing,12
dunno,12
brain,12
youd,12
sitting,12
actual,12
leave,12
culture,12
described,12
various,12
track,12
sick,12
perc,12
dress,12
otherwise,12
truly,12
sign,12
title,12
pull,12
decide,12
alot,12
lyric,12
yep,12
frustrating,12
smell,12
gender,12
particularly,12
letter,12
naturally,11
loop,11
talked,11
religion,11
forever,11
stressful,11
fix,11
research,11
jane,11
mum,11
flow,11
gay,11
ideal,11
ended,11
onto,11
sit,11
individual,11
feeler,11
realistic,11
worse,11
developed,11
soon,11
keeping,11
suggest,11
clean,11
rest,11
choose,11
worst,11
option,11
approach,11
easier,11
activity,11
several,11
direction,11
explore,11
fuck,11
damn,11
omg,11
secret,11
poetry,11
quality,11
green,11
introversion,11
nf,11
excited,11
figured,11
version,11
fifteen,11
drink,11
baby,11
everybody,11
accept,11
slow,11
marriage,11
window,11
pattern,11
insecure,11
affect,11
veggie,11
judge,11
cheap,11
hug,11
rose,11
potter,11
stressed,11
fault,11
design,11
needed,11
ground,11
weve,11
initially,11
anger,11
isfjs,11
strongly,11
unsure,10
philosophy,10
hilarious,10
sun,10
door,10
christmas,10
dealing,10
fashion,10
star,10
lack,10
soft,10
behind,10
iphone,10
reality,10
painting,10
member,10
talent,10
within,10
circumstance,10
dark,10
fox,10
daughter,10
thirteen,10
sharing,10
table,10
eighteen,10
anybody,10
spot,10
neutral,10
staring,10
esfps,10
nearly,10
mention,10
million,10
majority,10
ego,10
hah,10
istjs,10
french,10
permanent,10
saved,10
breaking,10
intention,10
save,10
yea,10
upon,10
bring,10
photography,10
late,10
9w8,10
popular,10
clear,10
leaf,10
possibility,10
mr,10
abstract,10
scary,10
reaction,10
soul,10
learned,10
piano,10
page,10
nineteen,10
guitar,10
foot,10
project,10
dry,10
twelve,10
click,10
tends,10
non,10
father,10
friendship,10
crush,10
typical,10
website,10
um,9
studying,9
sj,9
concert,9
support,9
tear,9
explanation,9
deeply,9
assessment,9
snow,9
doctor,9
adult,9
preference,9
potential,9
obsessed,9
offended,9
enfps,9
poor,9
sps,9
assume,9
treat,9
eventually,9
disorder,9
deserve,9
entjs,9
attractive,9
calling,9
none,9
cafe,9
uni,9
wonderful,9
familiar,9
occasionally,9
opening,9
attached,9
everyday,9
freedom,9
wrote,9
coffee,9
dead,9
hopefully,9
mistyped,9
extreme,9
grow,9
written,9
law,9
article,9
tapatalk,9
discussion,9
sth,9
boyfriend,9
force,9
7w6,9
bump,9
lived,9
earlier,9
amount,9
company,9
category,9
everytime,9
irl,9
moral,9
lake,9
characteristic,9
socially,9
neither,9
distance,9
whenever,9
asleep,9
near,9
afraid,9
posting,9
7w8,9
heh,9
performing,9
girlfriend,9
private,9
crowd,9
evanescence,9
itll,9
reserved,9
physically,9
average,9
offer,9
humor,9
cut,9
nt,9
esfjs,9
anne,9
criticism,9
town,9
album,9
growing,9
insight,9
changed,9
advantage,9
handwriting,9
shirt,9
note,9
throw,9
effect,9
natural,9
poster,8
bitch,8
air,8
logic,8
begin,8
dependent,8
yup,8
jump,8
park,8
sexually,8
position,8
impression,8
childhood,8
eating,8
canada,8
strength,8
yellow,8
politics,8
died,8
fellow,8
speech,8
mainly,8
acting,8
pride,8
presence,8
analysis,8
pop,8
edit,8
knowledge,8
scored,8
complicated,8
lovely,8
anyways,8
confusing,8
gift,8
slowly,8
google,8
final,8
sibling,8
logical,8
became,8
thinker,8
brought,8
pink,8
poem,8
plenty,8
drawn,8
conservative,8
active,8
purpose,8
rare,8
correct,8
yay,8
ice,8
grew,8
6w7,8
episode,8
practice,8
content,8
join,8
depth,8
tired,8
scene,8
griffin,8
everywhere,8
quote,8
forced,8
teach,8
balance,8
extra,8
facebook,8
dated,8
tested,8
source,8
positive,8
concrete,8
annoyed,8
happening,8
instrument,8
health,8
among,8
trip,8
unfortunately,8
horrible,8
road,8
admit,8
romantic,8
btw,8
created,8
commitment,8
catch,8
history,8
beauty,8
drop,8
normally,8
wake,8
sleeping,8
compared,8
secretly,8
ride,8
seek,8
lord,8
apologize,8
involved,8
talkative,8
daily,8
leaving,8
indigo,8
detailed,8
thankyou,8
kept,8
till,8
peace,8
connection,8
intuition,8
edge,8
grocery,8
attitude,8
war,8
aint,8
typically,8
ignore,8
spirit,8
hobby,8
building,8
birthday,8
creed,8
alcohol,7
opportunity,7
closely,7
extent,7
restaurant,7
sour,7
practical,7
pencil,7
bothered,7
drug,7
evil,7
hide,7
audience,7
missed,7
quiz,7
ferroequinologist,7
perspective,7
fell,7
truth,7
longer,7
status,7
considering,7
overly,7
multiple,7
background,7
tomorrow,7
lady,7
lying,7
cried,7
controlling,7
caring,7
adventure,7
genuinely,7
trend,7
luck,7
temperament,7
disney,7
awful,7
agreed,7
helping,7
fascinating,7
shall,7
envy,7
wild,7
constant,7
colour,7
forward,7
understood,7
entps,7
circle,7
puzzle,7
card,7
exact,7
key,7
conscious,7
smoking,7
convinced,7
humour,7
congrats,7
crap,7
secondary,7
roommate,7
yo,7
shouldnt,7
car,7
caught,7
highschool,7
safe,7
medium,7
theme,7
borderline,7
apply,7
pain,7
extravert,7
nfs,7
exciting,7
planning,7
werent,7
directed,7
realise,7
double,7
iq,7
pokemon,7
allow,7
forgive,7
allowed,7
admire,7
hm,7
aggressive,7
america,7
umm,7
count,7
clearly,7
paper,7
toed,7
shut,7
model,7
club,7
folk,7
nightmare,7
huh,7
ha,7
meh,7
blame,7
sake,7
enjoying,7
experienced,7
journal,7
debate,7
leaning,7
determine,7
inferior,7
nonsense,7
necessary,7
scenario,7
evidence,7
mountain,7
sarcastic,7
shower,7
record,7
showing,7
higher,7
blog,7
interview,7
broke,7
differently,7
obsessive,7
tonight,7
listed,7
spring,7
mouth,7
pie,7
selfish,7
metal,7
input,7
idk,7
illness,7
wolf,7
bread,7
hoping,7
surroundings,7
king,7
dreamy,7
large,7
overwhelmed,7
factor,7
2w1,7
city,7
apartment,7
habit,7
therefore,7
dude,7
inner,7
hung,7
grey,7
judging,7
theyve,7
communication,7
shot,7
listened,7
attack,7
basis,7
asks,7
lucky,7
frustrated,6
hasnt,6
boat,6
rid,6
sea,6
fantasy,6
greatest,6
land,6
shop,6
event,6
lonely,6
co,6
suggested,6
education,6
regularly,6
expressing,6
8w7,6
physic,6
ish,6
confidence,6
chill,6
discovered,6
grandma,6
texting,6
purple,6
blanket,6
critical,6
account,6
internally,6
fair,6
doodle,6
zero,6
confident,6
2nd,6
raise,6
genuine,6
motivation,6
standard,6
semester,6
delete,6
myers,6
cuz,6
changing,6
manipulation,6
item,6
considerate,6
rolleyes,6
remembered,6
diary,6
5w6,6
unique,6
mentally,6
initiate,6
bunch,6
patience,6
alive,6
beat,6
entirely,6
imo,6
username,6
society,6
essay,6
seemingly,6
dumb,6
exception,6
considered,6
smoke,6
sadness,6
skip,6
idealistic,6
street,6
chemistry,6
happiness,6
walked,6
disagree,6
damned,6
stranger,6
estjs,6
strike,6
office,6
regular,6
holy,6
belief,6
argue,6
marry,6
ahead,6
breathing,6
limit,6
following,6
artwork,6
assertive,6
aww,6
randomly,6
insult,6
responds,6
mature,6
ready,6
blow,6
genre,6
customer,6
sensory,6
tbh,6
buying,6
kick,6
schedule,6
deeper,6
boundary,6
passionate,6
decent,6
perfectly,6
south,6
routine,6
loyal,6
object,6
reminds,6
floor,6
pizza,6
nah,6
standing,6
comedy,6
weight,6
peter,6
attempt,6
step,6
bathroom,6
surely,6
audrey,6
seventeen,6
role,6
complex,6
earn,6
win,6
regard,6
stubborn,6
exist,6
vampire,6
briggs,6
identify,6
blank,6
official,6
leader,6
bought,6
ooh,6
longest,6
behavior,6
total,6
extraversion,6
spider,6
develop,6
pun,6
community,6
christian,6
gain,6
harmony,6
convince,6
idiot,6
primary,6
questionnaire,6
youth,6
according,6
statement,6
witch,6
hmmm,6
throughout,6
challenge,6
fucking,6
rain,6
creating,6
phlegmatic,6
mafia,6
require,6
2w3,6
charismatic,6
alignment,6
influence,6
discus,6
rush,6
gentle,6
wise,6
offend,6
ta,6
business,6
pa,6
dish,6
inspired,5
program,5
intuitives,5
opposed,5
direct,5
phase,5
assuming,5
manipulative,5
shape,5
teenage,5
swimming,5
pilot,5
conclusion,5
ajaz,5
x3,5
vous,5
journey,5
connect,5
field,5
imagination,5
valuable,5
hero,5
player,5
mile,5
resource,5
associate,5
third,5
thankful,5
succeed,5
native,5
marvel,5
mysterious,5
ring,5
improvement,5
complete,5
joined,5
awhile,5
perceive,5
writer,5
ur,5
hipster,5
wearing,5
powerful,5
material,5
italian,5
reach,5
immediately,5
moody,5
jewish,5
holiday,5
noticing,5
unnecessary,5
religious,5
sock,5
pair,5
sink,5
responsibility,5
concerned,5
monday,5
wife,5
tattoo,5
finger,5
mellow,5
russian,5
rebellious,5
gif,5
hint,5
sanguine,5
organized,5
genius,5
cup,5
showed,5
directly,5
wizard,5
moon,5
concept,5
struggle,5
loss,5
outcome,5
david,5
jean,5
guilty,5
spell,5
visit,5
teaching,5
clothing,5
singing,5
shell,5
disappointed,5
elaborate,5
regarding,5
occasion,5
closed,5
avoiding,5
tune,5
ixfp,5
compulsive,5
define,5
motivated,5
build,5
jumping,5
apology,5
technical,5
piss,5
penalty,5
john,5
hence,5
pressure,5
extroversion,5
ignoring,5
justice,5
badly,5
hated,5
ear,5
xsfp,5
continue,5
independent,5
casual,5
engaged,5
policy,5
universal,5
recognize,5
socionics,5
hyper,5
slytherin,5
cloud,5
musical,5
insane,5
internal,5
1w2,5
difficulty,5
cousin,5
suddenly,5
foolish,5
route,5
shoe,5
jack,5
size,5
bug,5
tumblr,5
obsession,5
weather,5
info,5
mess,5
procrastinating,5
mixed,5
recommend,5
pig,5
broad,5
billion,5
travel,5
pleasing,5
forth,5
caused,5
drunk,5
fictional,5
malcolm,5
discover,5
crappy,5
drinking,5
complaint,5
st,5
lois,5
service,5
5w4,5
basic,5
clue,5
diet,5
exam,5
netflix,5
breath,5
silence,5
carl,5
ending,5
playful,5
paranoid,5
panic,5
stare,5
exfp,5
flight,5
magic,5
sky,5
imply,5
busy,5
previous,5
comic,5
mclean,5
teen,5
candy,5
guilt,5
quirky,5
confusion,5
itd,5
oops,5
pretend,5
6w5,5
prone,5
performance,5
nope,5
theyll,5
emo,5
center,5
ease,5
sentence,5
laid,5
anywhere,5
3rd,5
hat,5
chicago,5
round,5
tea,5
robot,5
quirk,5
pickle,5
skin,5
fiesta,5
8w9,5
geek,5
belle,5
irritated,5
fly,5
comfort,5
hardest,5
appreciated,5
relaxed,5
winter,5
preferred,5
lmao,5
channel,5
shopping,5
freaking,5
tiny,5
meat,5
originally,5
polite,5
beach,5
grown,5
sjs,5
confess,5
fake,5
sincerity,5
weed,5
island,5
respond,5
sincerely,5
ravenclaw,5
clothes,5
minded,5
typology,5
gamer,5
local,5
decisive,5
section,5
reminded,5
firedell,5
weirdo,5
expressed,5
communicate,5
warning,5
robert,5
anxious,4
jealous,4
blind,4
path,4
review,4
melody,4
allows,4
ton,4
dirty,4
vacation,4
battlefield,4
correlation,4
loose,4
cope,4
france,4
jung,4
heel,4
melancholic,4
extj,4
darn,4
included,4
held,4
soup,4
spam,4
guessing,4
shame,4
observing,4
taylor,4
twice,4
feminine,4
focusing,4
intense,4
news,4
heck,4
hadnt,4
importance,4
faith,4
rey,4
kitchen,4
bigger,4
bride,4
skilled,4
weakness,4
rich,4
cash,4
burned,4
van,4
luke,4
shoulder,4
spoiler,4
appears,4
inspiration,4
affection,4
mask,4
individualistic,4
experiencing,4
tick,4
violet,4
cream,4
shyness,4
ahh,4
bokuto,4
versa,4
besides,4
hiking,4
answered,4
coincidence,4
yeh,4
questioning,4
definition,4
accepting,4
altogether,4
cartoon,4
eachother,4
church,4
whoa,4
exfj,4
author,4
closer,4
tip,4
xstp,4
sleepy,4
clumsy,4
accused,4
finn,4
mode,4
aside,4
painted,4
rhythm,4
tied,4
sigh,4
sticking,4
translator,4
idealist,4
wander,4
practically,4
impossible,4
biased,4
burn,4
outgoing,4
james,4
cp6w7,4
switched,4
graphic,4
primarily,4
romantically,4
expression,4
liar,4
aux,4
alright,4
dreaming,4
liking,4
gryffindor,4
colorful,4
tolerance,4
sherlock,4
feed,4
recommendation,4
noise,4
glass,4
elephant,4
blake,4
core,4
reckon,4
cruel,4
biology,4
location,4
dreamed,4
wood,4
roman,4
bedroom,4
toward,4
cinnamon,4
rape,4
italy,4
triggered,4
regret,4
eyebrow,4
feedback,4
instagram,4
silly,4
river,4
medication,4
plane,4
princess,4
associated,4
ultimate,4
quoting,4
bullshit,4
warmth,4
peaceful,4
pleasure,4
dangerous,4
promise,4
achievement,4
traditional,4
driven,4
skirt,4
elementary,4
transport,4
wtf,4
sight,4
tho,4
burst,4
melancholy,4
expectation,4
carefully,4
describes,4
affected,4
freak,4
tone,4
includes,4
uncertain,4
objective,4
staying,4
obsessing,4
passive,4
responded,4
stated,4
isxj,4
encountered,4
parker,4
stereotypical,4
skype,4
flavor,4
chaotic,4
traveler,4
rude,4
banana,4
kissed,4
experiment,4
german,4
chase,4
hobbit,4
interacting,4
encounter,4
op,4
vice,4
blood,4
report,4
verbal,4
entertaining,4
refuse,4
frequent,4
sounded,4
closure,4
lab,4
giant,4
pillow,4
pointless,4
empathy,4
adam,4
recall,4
planet,4
mark,4
task,4
alternative,4
universe,4
responding,4
loudly,4
shoot,4
area,4
paying,4
cover,4
disturbing,4
forest,4
relates,4
relatively,4
waiting,4
observation,4
charlie,4
grammar,4
la,4
isxp,4
perceiving,4
update,4
tw,4
fiction,4
cheat,4
bos,4
accident,4
surprise,4
subtle,4
latest,4
split,4
sonic,4
tradition,4
instantly,4
edited,4
visual,4
optimistic,4
abuse,4
arrogant,4
hospital,4
waking,4
ray,4
push,4
manifest,4
measure,4
army,4
x97,4
surprising,4
pushing,4
reese,4
chair,4
shallow,4
suited,4
lay,4
plant,4
procrastination,4
chapter,4
unpleasant,4
homecoming,4
consistently,4
poker,4
curiosity,4
wums,4
sorted,4
bee,4
shade,4
grace,4
gap,4
perceiver,4
laughter,4
economy,4
adore,4
bob,4
cycle,4
spending,4
charming,4
wasted,4
imagining,4
flirting,4
vote,4
chat,4
signature,4
prof,4
stayed,4
fantastic,4
prompt,4
eager,4
reflection,4
birth,4
bird,4
harsh,4
spanish,4
becomes,4
weekend,4
embraced,4
kitty,4
meaningless,4
growth,4
store,4
suggests,4
government,4
improvising,4
horribly,4
dp,4
checking,4
alien,4
remind,4
ran,4
sudden,4
awake,4
began,4
bothering,4
monologue,4
collection,4
variety,4
failure,4
environmental,4
waste,4
posse,4
mate,4
engineering,4
drift,4
bipolar,4
sooner,4
energetic,4
sunset,4
ball,4
teh,4
blunt,4
hehe,4
causing,4
thankfully,4
referring,4
cereal,4
vague,4
flower,4
esxp,4
willing,4
dynamic,4
mixing,4
overwhelming,4
engage,4
exploring,4
embarrassed,4
similarity,4
meeting,4
raised,4
finish,4
external,4
asian,4
managed,4
catnip,4
eh,4
flying,4
capable,4
struggled,4
block,4
academic,4
neat,4
com,4
assumed,4
prince,4
absorbed,4
exfps,3
joy,3
collected,3
button,3
individuality,3
switching,3
clever,3
display,3
impact,3
inaccurate,3
amnesia,3
accuses,3
mascara,3
solid,3
adorable,3
hardly,3
crushing,3
safety,3
dinner,3
sunlight,3
gilbert,3
uncommon,3
sensitivity,3
classical,3
oboe,3
rice,3
aries,3
intentionally,3
begun,3
obnoxious,3
anti,3
inch,3
unknown,3
describing,3
invested,3
craft,3
shock,3
label,3
analogy,3
drowning,3
freelance,3
atheist,3
nerdy,3
hal,3
butch,3
lifestyle,3
4th,3
fuzzy,3
derpy,3
imdb,3
manner,3
hearted,3
varied,3
limited,3
terrifying,3
glance,3
realizing,3
ralph,3
intimidating,3
ash,3
twist,3
robin,3
shrug,3
shared,3
tandem,3
default,3
disliked,3
intimidated,3
hows,3
copy,3
chose,3
maguire,3
ba,3
heavy,3
steel,3
kate,3
batman,3
prayer,3
aloof,3
scar,3
reference,3
messed,3
blowing,3
protect,3
privately,3
gorgeous,3
goofy,3
hole,3
elsword,3
garden,3
worried,3
credit,3
web,3
cheese,3
suggestion,3
intrigued,3
aesthetically,3
struggling,3
virtually,3
loser,3
bb,3
global,3
childish,3
painful,3
violin,3
eg,3
present,3
coz,3
lean,3
appearance,3
feature,3
intro,3
oldest,3
lecture,3
filled,3
jerk,3
toronto,3
psychological,3
med,3
pole,3
dorky,3
professional,3
technique,3
unrelated,3
vegetarian,3
touchy,3
surface,3
claim,3
dave,3
relax,3
owl,3
unable,3
wouldve,3
suffering,3
distinct,3
automatically,3
maintain,3
underneath,3
blurry,3
chocolate,3
missing,3
xsfj,3
extp,3
breakfast,3
trillion,3
pushed,3
flaw,3
bill,3
hatred,3
balanced,3
joining,3
adding,3
irrelevant,3
explained,3
scattered,3
distant,3
liza,3
isfp´s,3
housemate,3
hiya,3
diagnosed,3
screen,3
broken,3
ignored,3
manage,3
wind,3
west,3
stark,3
hearing,3
pas,3
mistaken,3
nerve,3
snap,3
colored,3
villain,3
pursued,3
shake,3
eyed,3
shining,3
participating,3
avoidance,3
sixteen,3
nick,3
crystal,3
damaged,3
disappear,3
navy,3
defensive,3
corious,3
bar,3
modern,3
amiable,3
amelie,3
counseling,3
paragraph,3
scientific,3
vision,3
aspergers,3
pray,3
survive,3
arthur1996,3
checked,3
muslim,3
lucid,3
profit,3
stats,3
sig,3
serve,3
animation,3
opera,3
lane,3
existential,3
solitude,3
minor,3
lounge,3
accepted,3
smiling,3
tool,3
wiki,3
sketch,3
reader,3
virginia,3
failed,3
yr,3
stomach,3
masculine,3
cop,3
replay,3
mistype,3
pursuing,3
advance,3
hunk,3
mutation,3
crack,3
sauce,3
rack,3
smiled,3
awkwardness,3
thus,3
violent,3
interact,3
essence,3
uneasy,3
woody,3
hahahaha,3
achieve,3
stance,3
monster,3
severe,3
viking,3
usual,3
chip,3
travelling,3
acquaintance,3
fool,3
communicating,3
waited,3
fade,3
trilogy,3
debating,3
gosh,3
agreeing,3
artsy,3
collect,3
makeup,3
dosnt,3
tomato,3
el,3
stage,3
efficiency,3
consistency,3
undergrad,3
leslie,3
designed,3
brian,3
national,3
lobster,3
wasting,3
philip,3
chart,3
honey,3
playlist,3
lion,3
faster,3
greatly,3
eldest,3
heavily,3
clip,3
access,3
library,3
development,3
estps,3
cell,3
judgers,3
grinch,3
speeding,3
named,3
mix,3
mulan,3
television,3
contrast,3
swear,3
movement,3
sarcasm,3
titanic,3
narrative,3
duck,3
foundation,3
repeat,3
bleed,3
nurture,3
brick,3
mystery,3
holland,3
cuddly,3
korn,3
incredible,3
shark,3
officially,3
alpha,3
embroidery,3
cox,3
immediate,3
versus,3
variable,3
whose,3
paste,3
equipped,3
distracted,3
crave,3
irrational,3
rumple,3
height,3
collar,3
francis,3
ixtj,3
clock,3
frequently,3
stroke,3
becoming,3
fixing,3
bright,3
camera,3
studied,3
pretending,3
predictable,3
jesse,3
via,3
yelling,3
ridiculously,3
ink,3
nickname,3
trapped,3
load,3
gossip,3
thru,3
cliche,3
equally,3
crawl,3
relative,3
pe,3
camping,3
hanging,3
auxiliary,3
mutual,3
supposedly,3
dying,3
lavender,3
welp,3
rabbit,3
isolated,3
search,3
protagonist,3
funniest,3
enjoyable,3
facial,3
bat,3
talker,3
spoke,3
kajada,3
fail,3
inconsistency,3
sf,3
soundtrack,3
affectionate,3
functional,3
dressed,3
lame,3
asexual,3
lover,3
hypergamy,3
cue,3
prolly,3
poo,3
linked,3
knowledgeable,3
angel,3
log,3
clutter,3
stronger,3
lip,3
haikyuu,3
premonition,3
partial,3
closing,3
knock,3
1w9,3
cooking,3
context,3
release,3
fragile,3
whatnot,3
xp,3
happily,3
jesus,3
shiro,3
cross,3
followed,3
trial,3
seeking,3
sale,3
eyre,3
existed,3
theater,3
fresh,3
replied,3
severely,3
symbolism,3
vent,3
ren,3
spontaneous,3
rainbow,3
fruit,3
arrived,3
rejection,3
hiding,3
hurting,3
honesty,3
base,3
switch,3
thrown,3
income,3
doodling,3
hardcore,3
bridge,3
passion,3
alice,3
exhausting,3
odd,3
threat,3
xnfp,3
realised,3
linton,3
connected,3
spectrum,3
flirt,3
clingy,3
fighting,3
lunch,3
percentage,3
freaky,3
sharp,3
letting,3
hammer,3
beaver,3
tour,3
overthink,3
denial,3
classic,3
monogamous,3
andy,3
wine,3
glenn,3
graduate,3
ross,3
unto,3
petty,3
bottled,3
korea,3
former,3
fringe,3
ninja,3
mistake,3
wisdom,3
entitled,3
sparkly,3
va,3
string,3
atleast,3
ugly,3
lesbian,3
excuse,3
sunday,3
friday,3
runescape,3
thoughtful,3
construction,3
stem,3
arm,3
showcase,3
mac,3
tom,3
including,3
organization,3
suspect,3
perceived,3
hunter,3
mediocre,3
tiger,3
articulate,3
jk,3
board,3
required,3
brown,3
technically,3
swift,3
sending,3
asap,3
straightforward,3
yap,3
reflex,3
slight,3
warren,3
eyeliner,3
upsetting,3
planned,3
scope,3
ness,3
daydreaming,3
approached,3
merely,3
belly,3
mild,3
matthew,3
draining,3
sorta,3
intellectual,3
sorting,3
separate,3
bloody,3
passed,3
sadly,3
discomfort,3
granted,3
chore,3
solution,3
puppy,3
spongebob,3
error,3
missionary,3
lawyer,3
ghibli,3
attending,3
raindrop,3
net,3
master,3
senior,3
symbol,3
machine,3
clash,3
passing,3
file,3
industry,3
delight,3
choleric,3
akira,3
youtuber,3
alter,3
belong,3
mmm,3
embrace,3
attraction,3
musician,3
mexico,3
amusing,3
nasty,3
bout,3
naughty,3
correctly,3
earnshaw,3
appealing,3
captain,3
chipper,3
feminism,3
return,3
march,3
behaviour,3
hungry,3
susan,3
suicidal,3
confuses,3
finishing,3
vinniebob,3
pressured,3
hufflepuff,3
narcissistic,3
rick,3
essentially,3
follows,3
fallen,3
radio,3
devoted,3
artisan,3
participate,3
stressing,3
flash,3
mushr00m,3
observe,3
politician,3
halfway,3
stair,3
goodness,3
ethic,3
morgan,3
slipping,3
validate,3
indie,3
improve,3
norm,3
wave,3
stereotyping,3
danger,3
aim,3
involving,3
loner,3
agreement,3
youngest,3
rising,3
nap,3
immature,3
concern,3
delta,3
quietly,3
sum,3
team,3
dominate,3
ambient,3
per,3
vivid,3
cheated,3
hahah,3
contribution,3
mcdonalds,3
dragon,3
nathan,3
superficial,3
subconscious,3
meal,3
remembering,3
vintage,3
assignment,3
hack,3
focused,3
tempted,3
consistent,3
headphone,3
theyd,3
tobey,3
household,3
reasoning,3
smoked,3
brief,3
hostile,2
mozart,2
woodwork,2
fearless,2
hunting,2
occurs,2
clinical,2
pressed,2
patient,2
courteous,2
sweetest,2
namesake,2
harder,2
taco,2
disregard,2
rolling,2
competitive,2
smith,2
bonding,2
numb,2
slack,2
pool,2
fidget,2
psyc,2
sophisticated,2
4chan,2
sequential,2
acknowledge,2
neck,2
butterfly,2
logically,2
scream,2
consciously,2
politely,2
mannerism,2
cookie,2
descriptive,2
shepherd,2
divorce,2
trade,2
square,2
mortal,2
flame,2
absent,2
yknow,2
slide,2
jeweller,2
definitively,2
daydreamer,2
sabotage,2
reverse,2
genetics,2
glitter,2
ironic,2
mb,2
junior,2
insensitive,2
temp,2
software,2
occupation,2
blush,2
grumpy,2
soooo,2
concealer,2
grain,2
represent,2
complimenting,2
abnormality,2
spiderman,2
breeze,2
court,2
thatd,2
differ,2
deserved,2
binge,2
preacher,2
decade,2
poet,2
complement,2
unhappy,2
ummm,2
motif,2
cure,2
quit,2
oneself,2
recruitment,2
bot,2
airline,2
consisted,2
outlet,2
cherry,2
ireland,2
enjoys,2
warming,2
separation,2
signed,2
runaway,2
clarify,2
eaten,2
logged,2
pic,2
manufacturing,2
milk,2
marsh,2
elder,2
rocky,2
relating,2
musing,2
organised,2
sec,2
invade,2
buffet,2
settlement,2
fluffy,2
fumble,2
troll,2
irony,2
wormwood,2
objectively,2
matrix,2
alex,2
homeless,2
united,2
louis,2
enps,2
mcdaniel,2
mundane,2
minus,2
cotton,2
era,2
minimal,2
jackson,2
psychedelics,2
skywalker,2
root,2
represented,2
disinterested,2
snappy,2
bon,2
promptly,2
architecture,2
fiery,2
criticize,2
looping,2
located,2
crafted,2
abbreviation,2
crime,2
illegal,2
combo,2
losing,2
expensive,2
hmmmm,2
exclusive,2
precisely,2
contain,2
tempered,2
slob,2
ouch,2
browsing,2
algebra,2
motorcycle,2
subjective,2
enneagrams,2
fuckin,2
pepper,2
ixfx,2
pm,2
bias,2
wwe,2
attribute,2
moderate,2
designer,2
motor,2
banned,2
perplexing,2
curiouser,2
ivy,2
australia,2
jimi,2
solve,2
expecting,2
creatively,2
jewelry,2
hooked,2
midnight,2
pointing,2
halo,2
instance,2
candle,2
repeatedly,2
strict,2
tossing,2
angered,2
existence,2
contained,2
stream,2
spark,2
insulted,2
strangely,2
hop,2
proven,2
burrito,2
beethoven,2
appease,2
intensely,2
trig,2
christ,2
daario,2
uploaded,2
marco,2
determines,2
smallville,2
stephen,2
excellent,2
increase,2
tad,2
bottom,2
cryptic,2
messenger,2
salt,2
lizzies,2
morally,2
austen,2
nurse,2
clicked,2
humanity,2
err,2
gray,2
yikes,2
masakatsu,2
seattle,2
sentimental,2
retreat,2
shun,2
nailed,2
improved,2
cartoonist,2
fascinated,2
personaly,2
frame,2
guidance,2
seeker,2
neurotypical,2
dewey,2
needing,2
confession,2
dfoster,2
andain,2
incident,2
exaggerated,2
mj,2
wand,2
pant,2
weblog,2
punch,2
dennis,2
floyd,2
surrounded,2
barbecue,2
ngaio,2
snack,2
cringe,2
cocky,2
deter,2
scout,2
proclaim,2
shadowed,2
abnormal,2
informing,2
pegged,2
crouton,2
tub,2
signal,2
informative,2
en,2
enthusiastic,2
july,2
decides,2
developing,2
population,2
boredom,2
orange,2
softy,2
bean,2
anytime,2
habitually,2
lock,2
gut,2
destiny,2
director,2
jefferson,2
em,2
spank,2
pursuit,2
comedian,2
tolkien,2
stereotypically,2
doll,2
eggshell,2
cupcake,2
collective,2
leg,2
pacifist,2
polo,2
acknowledged,2
heap,2
benjamin,2
emma,2
michonne,2
candor,2
summary,2
believing,2
castle,2
er,2
uk,2
pastel,2
patriarchy,2
tie,2
victim,2
pronunciation,2
underdog,2
geez,2
karen,2
choir,2
combine,2
destroy,2
react,2
huskie,2
abandoned,2
bronwen,2
selling,2
strive,2
aspie,2
gum,2
cryptonia,2
intrigue,2
columbia,2
delicious,2
pour,2
compulsiverambler,2
traditionally,2
recording,2
bubble,2
offering,2
criminal,2
hyperactive,2
pier,2
mouse,2
helen,2
atm,2
ftw,2
romper,2
frodo,2
skeleton,2
shown,2
picky,2
prize,2
grimm,2
luna,2
protective,2
brings,2
unfortunate,2
existent,2
brat,2
exert,2
gotham,2
sentiment,2
regretting,2
stall,2
placed,2
gear,2
spotlight,2
chuckle,2
casually,2
staind,2
regardless,2
predict,2
tokyo,2
roadrunner,2
frank,2
appeal,2
reek,2
cynical,2
conscription,2
blend,2
louder,2
relation,2
singer,2
bilbo,2
subforum,2
charm,2
le9acymuse,2
structure,2
soulmate,2
built,2
ship,2
wee,2
reacts,2
estx,2
indigolifecenters,2
framework,2
testing,2
slam,2
harmonious,2
despise,2
du,2
offense,2
mocked,2
rawr,2
tiring,2
hed,2
disagreed,2
app,2
commit,2
kidding,2
unexpected,2
initiated,2
breaker,2
videogames,2
hollywood,2
attract,2
grandmother,2
xdxd,2
pen,2
beyond,2
tuning,2
del,2
ryan,2
popsicle,2
seashell,2
committed,2
fascinate,2
creativity,2
baloney,2
sang,2
skillfully,2
determined,2
tee,2
equal,2
citizen,2
crisp,2
amused,2
meg,2
haaah,2
infjennifer,2
tap,2
quickest,2
considers,2
brand,2
bab,2
societal,2
identified,2
toy,2
dan,2
loooooove,2
ghost,2
patrick,2
horse,2
cheer,2
abit,2
glee,2
plate,2
leonardo,2
pill,2
steady,2
formerly,2
conference,2
california,2
compromise,2
bullied,2
sexuality,2
inxx,2
reflect,2
usualy,2
connotation,2
edgy,2
strictly,2
dropped,2
volunteer,2
playfully,2
judgement,2
amongst,2
bumping,2
driver,2
purity,2
characterx92s,2
worm,2
mainstream,2
japanese,2
stevie,2
distracting,2
knee,2
evening,2
infinite,2
famous,2
greek,2
poe,2
engaging,2
asmr,2
renly,2
marker,2
listener,2
childlike,2
economic,2
allowing,2
adjustment,2
keyboard,2
radar,2
stalking,2
resonates,2
verge,2
beg,2
killed,2
respectful,2
speed,2
reconsider,2
tenth,2
digging,2
loki,2
nowhere,2
scare,2
loaded,2
prime,2
consequence,2
refrain,2
gibberish,2
jumped,2
weeaboo,2
exists,2
riced,2
worthlessness,2
gesture,2
chippity,2
holding,2
falling,2
throne,2
surrounding,2
pit,2
fiamma,2
relive,2
mumble,2
wondered,2
eternal,2
transformer,2
russell,2
aurora,2
saving,2
annoys,2
stood,2
propose,2
smoker,2
veterinarian,2
romance,2
reserve,2
pinpointing,2
violence,2
thick,2
whine,2
tangible,2
slightest,2
thumb,2
concentrate,2
alienated,2
stabbing,2
idealized,2
propaganda,2
umbrella,2
hurtful,2
textbook,2
rumbelle,2
spirited,2
shout,2
simplicity,2
scientist,2
peep,2
entered,2
speaker,2
nothingness,2
risky,2
inappropriate,2
renewed,2
autumn,2
confuse,2
armor,2
bisexual,2
fixer,2
motion,2
dramatic,2
artemis,2
prior,2
hollow,2
alike,2
ham,2
awww,2
bond,2
actor,2
cudi,2
finance,2
creation,2
tesla,2
hesitant,2
homosexuality,2
kingdom,2
appreciative,2
request,2
ancient,2
china,2
fourth,2
exude,2
genetic,2
license,2
woooo,2
interrupt,2
dumbledore,2
ranting,2
recommended,2
photographic,2
misfit,2
fish,2
expert,2
reassurance,2
celebrate,2
grasp,2
dafuq,2
cityofcircuits,2
crossed,2
temptation,2
chopin,2
gogh,2
mt,2
epic,2
rank,2
management,2
gee,2
received,2
stephanie,2
gun,2
geisha,2
leading,2
grin,2
diamond,2
bowl,2
zombie,2
reactive,2
evangelical,2
woke,2
equality,2
neon,2
apparent,2
lyrical,2
powder,2
preoccupied,2
narcissism,2
bank,2
posed,2
linear,2
persona,2
memorize,2
varies,2
grandfather,2
lana,2
witty,2
crisis,2
pose,2
sand,2
venlafaxine,2
weasley,2
ugh,2
slope,2
stole,2
3d,2
islam,2
xddd,2
explode,2
butt,2
chef,2
defy,2
sexual,2
spit,2
novel,2
initial,2
data,2
imaginary,2
organize,2
permission,2
visa,2
matched,2
coordination,2
favor,2
weaknight,2
afternoon,2
meanwhile,2
sacrifice,2
charged,2
retard,2
hysterically,2
son,2
anyones,2
rushing,2
catering,2
trusting,2
generate,2
hail,2
commented,2
viewing,2
crushed,2
withdrawal,2
sensual,2
dilemma,2
forehead,2
desired,2
roof,2
idealised,2
jim,2
penis,2
plainly,2
divorced,2
beforehand,2
ethan,2
magnificent,2
repair,2
comprehend,2
fluid,2
favour,2
interrupted,2
drained,2
cod,2
esteem,2
recluse,2
isfx,2
eloquent,2
spiritual,2
glory,2
gluttony,2
munging,2
phobic,2
instant,2
mph,2
stella,2
insomnia,2
november,2
flag,2
radiation,2
kageyama,2
sociable,2
believed,2
jacket,2
correlating,2
amy,2
maintenance,2
sincere,2
helpfull,2
deciding,2
political,2
disagreement,2
andrew,2
statistic,2
spear,2
whisper,2
dick,2
wonx92t,2
satie,2
indecisive,2
enemy,2
identity,2
jeremy,2
presented,2
success,2
surreal,2
takagi,2
aggressiveness,2
inability,2
supernatural,2
denying,2
fluctuate,2
materialistic,2
ixtp,2
grudge,2
xsxj,2
grounded,2
pathetic,2
occurrence,2
mid,2
effexor,2
electric,2
moist,2
sooooo,2
16personalities,2
hire,2
excel,2
hurry,2
wide,2
slept,2
element,2
ultra,2
watered,2
literature,2
comparing,2
arthur,2
sugar,2
adaptability,2
lolz,2
brandon,2
underworld,2
muddy,2
felix,2
nerd,2
ordinary,2
romanticize,2
include,2
cashier,2
meaningful,2
guardian,2
noice,2
disrespect,2
sloth,2
elizabeth,2
injustice,2
coffin,2
betrayal,2
lower,2
covering,2
politically,2
richard,2
patter,2
apart,2
classroom,2
thx,2
twin,2
mmmmm,2
lurking,2
trump,2
tut,2
shortly,2
biological,2
distinction,2
syntactical,2
microbiology,2
hidden,2
bible,2
goo,2
gold,2
bbc,2
homosexual,2
soldier,2
pace,2
ignorant,2
numerous,2
indifferent,2
reliable,2
xxfp,2
gardening,2
chameleon,2
apple,2
asm,2
junk,2
buzzing,2
riff,2
capricorn,2
alternate,2
diagnosis,2
literal,2
egg,2
interior,2
conventional,2
tag,2
homework,2
tame,2
bashing,2
trigger,2
preferably,2
arkigos,2
sell,2
unemployed,2
beta,2
grip,2
grandpa,2
satisfied,2
wonderland,2
megavideo,2
competitiveness,2
jigsaw,2
nursing,2
observed,2
til,2
bench,2
bottle,2
encourage,2
recent,2
taller,2
adept,2
bath,2
refer,2
plain,2
desperate,2
pc,2
extend,2
questioned,2
seriousness,2
congratulate,2
choromatsu,2
poking,2
halloween,2
available,2
gasoline,2
lamp,2
worker,2
mathematical,2
careful,2
brash,2
explaining,2
frenetic,2
heaven,2
unbelievably,2
shudder,2
joking,2
mebbe,2
ridiculous,2
seether,2
amélie,2
bag,2
indication,2
contest,2
olivia,2
collage,2
dull,2
minimalism,2
slate,2
hygiene,2
chosen,2
merlin,2
invite,2
dragging,2
portal,2
knight,2
photograph,2
desktop,2
distinctly,2
provided,2
raven,2
mypersonality,2
lmfao,2
acne,2
cake,2
revenge,2
joel,2
harrys,2
drake,2
pronounce,2
smartest,2
undergo,2
catching,2
doorframe,2
hierarchy,2
neurotic,2
spamming,2
photoshop,2
fogg,2
contains,2
descendant,2
jordan,2
wed,2
terrified,2
inevitably,2
shorter,2
dedicated,2
obligation,2
listing,2
compromising,2
significant,2
refined,2
fancy,2
downstairs,2
nicely,2
communicator,2
mouthwash,2
innocent,2
tight,2
sucker,2
apathy,2
ppl,2
dylan,2
plot,2
queen,2
agrees,2
laptop,2
snort,2
jumble,2
stacked,2
agent,2
strongest,2
oppressed,2
greedy,2
bull,2
graphology,2
schooled,2
courage,2
depressing,2
smiley,2
rant,2
esp,2
compassion,2
yer,2
murder,2
sunny,2
cave,2
returning,2
prospective,2
inebriato,2
baseball,2
legend,2
resemble,2
trick,2
sfp,2
constitutes,2
albert,2
alchemist,2
insecurity,2
verse,2
notification,2
cp6,2
superhero,2
bet,2
witnessing,2
existing,2
allergic,2
isf,2
specially,2
depend,2
doze,2
generation,2
messing,2
consecutive,2
de,2
completes,2
offensive,2
replace,2
bicycle,2
untill,2
misunderstanding,2
barely,2
oddly,2
dy,2
breakup,2
occasional,2
thrill,2
traveling,2
institution,2
cinderella,2
pleasant,2
ballet,2
diana,2
contribute,2
apologizing,2
decorated,2
incompetent,2
picked,2
absorb,2
petite,2
dj,2
pasted,2
socialising,2
angle,2
stone,2
reassuring,2
carry,2
cost,2
perform,2
tortoise,2
cheek,2
matchbox,2
estjing,2
happier,2
maria,2
legal,2
ocpd,2
financial,2
mathematics,2
semi,2
tall,2
oooh,2
therapist,2
buddy,2
healthcare,2
deem,2
exercise,2
partially,2
foreign,2
shutter,2
yell,2
destination,2
rocket,2
relieving,2
encouraged,2
salsa,2
privilege,2
rage,2
matilda,2
jacob,2
mina,2
seminary,2
7th,2
december,2
remove,2
affordable,2
metalwork,2
chloe,2
grandparent,2
cosmos,2
ladybug,2
blonde,2
convenient,2
amity,2
phrase,2
baratheon,2
pajama,2
zen,2
creature,2
rounded,2
rap,2
efficient,2
pi,2
yu,2
span,2
creep,2
thered,2
chris,2
sen,2
insightful,2
allura,2
borrowed,2
sam,2
rely,2
exhaust,2
invisible,2
airbender,2
failing,2
uninterested,2
visitor,2
disintegrating,2
peeve,2
atmosphere,2
jones,2
suspected,2
picking,2
generalized,2
hitler,2
immune,2
assign,2
inxp,2
leo,2
sexy,2
lesson,2
bowling,2
soo,2
lols,2
pinkrasputin,2
quoted,2
barbara,2
accordingly,2
cared,2
passer,2
marrying,2
guide,2
darkness,2
meditation,2
appreciation,2
trans,2
wing,2
canadian,2
hendrix,2
funky,2
blackout,2
diverse,2
provide,2
nail,2
coding,2
manipulate,2
vulnerable,2
laziness,2
eastern,2
craving,2
wore,2
forgetful,2
charles,2
prejudice,2
akaashi,2
nose,2
dump,2
talented,2
workplace,2
gospel,2
pottermore,2
cocaine,2
descartes,2
trailer,2
expressive,2
squidward,2
zannos,2
target,2
someday,2
matt,2
eharmony,2
warned,2
doubting,2
clique,2
progress,2
flat,2
reckful,2
teddy,2
funnier,2
labrador,2
heat,2
alert,2
empty,2
choosing,2
magical,2
neighbor,2
lance,2
replaced,2
winning,2
majorly,2
mission,2
helpless,2
command,2
fluent,2
illustration,2
heroin,2
republic,2
smashing,2
britney,2
hardworking,2
rise,2
perfectionism,2
cassie,2
wholly,2
extjs,2
cleaning,2
shed,2
risk,2
absence,2
abt,2
relatable,2
inspiring,2
sometime,2
cigarette,2
unusual,2
faolan,2
autistic,2
devorah,2
communist,2
creepy,2
proper,2
cannabis,2
coke,2
threw,2
significantly,2
screwed,2
becuase,2
affirmation,2
effective,2
slanting,2
unconventional,2
empire,2
afford,2
bullying,2
clarinet,2
dire,2
garbled,2
forgotten,2
prevents,2
throwing,2
turning,2
arbell,2
removing,2
engineer,2
chronically,2
comparison,2
havnt,2
impulsive,2
unfamiliar,2
philosopher,2
aura,2
unlike,2
spare,2
fj,2
sin,2
diaper,2
opened,2
bro,2
lined,2
rochester,2
influenced,2
gordo,2
upcoming,2
lsd,2
flyleaf,2
naharis,2
closet,2
ck,2
layout,2
observant,2
intrusive,2
meow,2
clarity,2
deleted,2
conspiracy,2
virtual,2
recorded,2
unused,2
staff,2
celebs,2
nowadays,2
realist,2
befriend,2
finite,2
suffered,2
recurring,2
fis,2
attacked,2
curse,2
expand,2
incapable,2
rachel,2
horror,2
humanmetrics,2
ingredient,2
bacon,2
irritating,2
flesh,2
boxter9,2
sally,2
howve,2
attachment,2
puzzled,2
bachelor,2
behave,2
amp,2
locked,2
roast,2
sociology,2
pineapple,2
president,2
abrasive,2
everyones,2
race,2
collecting,2
spoken,2
reluctant,2
lighting,2
coast,2
joe,2
basketball,2
liberal,2
molested,2
berenstein,2
convincing,2
celebration,2
emergency,2
ops,2
thrive,2
british,2
rehabilitation,1
conditioned,1
chugging,1
trifix,1
shuffled,1
sensorish,1
rooster,1
wired,1
suspicion,1
stickied,1
greeennnnn,1
reddit,1
impled,1
poulain,1
definitive,1
limiting,1
sawyer,1
stewie,1
fulfilling,1
gloominess,1
coupled,1
patron,1
selchiechildofcassandra,1
freespirit,1
row,1
ookay,1
touching,1
withdrew,1
discipline,1
enquire,1
ey,1
disastrously,1
pared,1
relevent,1
sap,1
mold,1
spell66,1
unsafe,1
perennial,1
aligned,1
gen,1
ouran,1
marrage,1
auctioned,1
suppresed,1
buddhist,1
twilight,1
believable,1
rapid,1
pocket,1
speshul,1
canary,1
juvenile,1
disorientation,1
tab,1
rut,1
acquisition,1
navez,1
theoretically,1
minuscule,1
reliving,1
beenfeeling,1
raking,1
dudette,1
cathy,1
mexican,1
mikhail,1
heathcliff,1
vie,1
resourceful,1
flakiness,1
voeux,1
weirdness,1
updated,1
liiiiiivvveeee,1
worrying,1
distraction,1
resting,1
generalisation,1
unclear,1
sans,1
whilst,1
playin,1
script,1
grail,1
carol,1
hari,1
dynamite,1
thorn,1
inserted,1
paul,1
daydream,1
beano,1
rationalist,1
lavish,1
thanking,1
ui,1
burger,1
agan,1
angelic,1
bonus,1
contradicts,1
bartending,1
sevenfold,1
provocing,1
enfxs,1
aya,1
insinuating,1
laser,1
jaimerais,1
elliott,1
desert,1
communicates,1
palmer,1
femininity,1
tobacco,1
vol,1
summed,1
ication,1
humiliate,1
proficiency,1
txt,1
military,1
hahahahaa,1
explodes,1
greeting,1
carbon,1
disoriented,1
commodity,1
venting,1
matriarch,1
yoga,1
subtypes,1
tf,1
concentrating,1
disappeared,1
craziest,1
siggghhhh,1
madonna,1
mister,1
workspace,1
wilco,1
annoy,1
minimalist,1
tert,1
promoting,1
federal,1
indicative,1
ambivert,1
territorial,1
clover,1
contradiction,1
sjp,1
newbie,1
fiennes,1
receiving,1
wrapping,1
mg,1
approval,1
backyard,1
switzerland,1
naama,1
min,1
unacceptable,1
pinkish,1
hdr,1
myra,1
rollercoasters,1
reckless,1
coworkers,1
dunaway,1
eragon,1
lh,1
fart,1
spatially,1
isolate,1
joked,1
snobby,1
flickr,1
jeff,1
liberty,1
frédéric,1
coat,1
ontario,1
eduard,1
shaping,1
allot,1
prowess,1
murray,1
katakana,1
skid,1
iron,1
yt,1
trainwreck,1
bouncing,1
eeeee,1
refused,1
crabby,1
deprecating,1
vegan,1
shorten,1
spencer,1
asmrs,1
rico,1
golf,1
skyscraper,1
passage,1
awwwwwwww,1
nihilistic,1
auditory,1
rate,1
outrageously,1
hummel,1
vocaroo,1
christie,1
domination,1
ethical,1
tribute,1
hosting,1
stolen,1
duff,1
henry,1
ominous,1
downhill,1
disclose,1
bulldozed,1
benefactor,1
reed,1
compatible,1
gifted,1
horrified,1
destin,1
bust,1
ferb,1
osteen,1
additional,1
eerie,1
alleyn,1
ft,1
fixated,1
yowza,1
pls,1
centerlised,1
daryl,1
recognition,1
supremely,1
clyde,1
patting,1
21st,1
blurt,1
product,1
mania,1
handful,1
firefly,1
faced,1
llike,1
flip,1
implies,1
contradicting,1
automatic,1
consuming,1
jot,1
boiled,1
appreciates,1
fueling,1
perpetuating,1
parting,1
inaugural,1
extracted,1
rifle,1
bearing,1
raawx,1
obstacle,1
tomb,1
bonnie,1
outter,1
whomever,1
mountainside,1
bale,1
ashamed,1
fearer,1
proposing,1
attic,1
taked,1
evilly,1
texture,1
caprio,1
plushwitch,1
sacrificing,1
completed,1
crushcrushcrush,1
maga,1
rhetoric,1
infused,1
austrian,1
consistantly,1
lookout,1
herd,1
friendzoned,1
subculture,1
gansey,1
gravy,1
cooky,1
narrator,1
defintion,1
faye,1
oxygen,1
stability1,1
paix,1
whist,1
sasha,1
graphicallyalex,1
danisnotonfire,1
cloudy,1
geographic,1
gosling,1
fascinates,1
delinquency,1
copied,1
biscuit,1
marcher,1
loathing,1
zodiac,1
bran,1
kat,1
legolas,1
fp,1
select,1
pn,1
ase,1
mermaid,1
embarrassment,1
trite,1
stahp,1
calmly,1
fam,1
thankless,1
ellen,1
destroyed,1
bodywork,1
counting,1
skillet,1
luc,1
mummy,1
s3,1
hards,1
chilli,1
m8,1
qui,1
predicament,1
soy,1
fhhh,1
ntps,1
hopped,1
darker,1
scripted,1
noble,1
3image,1
keys2,1
improval,1
scissors,1
graffiti,1
daron,1
rehearsed,1
repress,1
broadway,1
irritates,1
invention,1
peg,1
forte,1
procrastinator,1
chinchilla,1
shading,1
ing,1
digitalceremony,1
packet,1
sinister,1
brotherhood,1
samantha,1
liveliness2,1
pbah,1
buyer,1
facing,1
browneyes94,1
rae,1
cardboard,1
unsuccessful,1
introduces,1
bead,1
fucker,1
lecturing,1
luckier,1
economics,1
carve,1
repens,1
misogynistic,1
kynesthetic,1
crossword,1
zoning,1
jade,1
tangent,1
xsxp,1
totalbiscuit,1
generic,1
print,1
judgemental,1
integrity,1
ryrymini,1
extravagant,1
pitched,1
pure,1
inbetween,1
responsible,1
blackmail,1
dwyer,1
edna,1
sakamoto,1
entrepreneur,1
cavity,1
isabella,1
realising,1
glittering,1
sir,1
wilhelm,1
pharmacist,1
benjimac,1
md,1
redwood,1
exceptionally,1
khil,1
thicke,1
intent,1
siouxsie,1
justify,1
starved,1
symbolic,1
nintendo,1
confuzzles,1
transportation,1
cabin,1
tasking,1
administration,1
salāmu,1
icefall,1
throuugh,1
snobbish,1
physiological,1
prepackaged,1
tender,1
cog,1
prescott,1
hypothetically,1
yarg,1
cruelly,1
correction,1
duct,1
eurobeat,1
som,1
inventory,1
lily,1
unimportant,1
naiive,1
perc2,1
chased,1
sandy,1
amadeus,1
owner,1
mumbling,1
gig,1
insistent,1
fiver,1
soaking,1
chewy,1
ecologist,1
clutz,1
psyphon,1
kubrick,1
vivaldi,1
choosier,1
intellegence,1
addicted,1
ethos,1
lessens,1
intricate,1
garbanzo,1
veronica,1
relevant,1
homage,1
zoem,1
reform,1
kiddo,1
bone,1
orphan,1
moisturizer,1
allisreal,1
fixed,1
peterson,1
joyce,1
plague,1
indecision,1
ii,1
owning,1
sustaining,1
temmie,1
margaret,1
cardinal,1
devoid,1
stoicism,1
assassinated,1
invoke,1
unimaginable,1
feast,1
2u,1
belittled,1
eliminated,1
parakeet,1
papyrus,1
paler,1
sosad,1
hedonistic,1
stalin,1
impactful,1
abusive,1
journaling,1
outfit,1
comfortably,1
offindid,1
biography,1
pacific,1
pisces,1
righty,1
screamed,1
oriented,1
langdon,1
funneled,1
cody,1
fitness,1
cognition,1
conveyed,1
killinit,1
noah,1
grasping,1
undergoing,1
cutter,1
tammie,1
imperative,1
parrish,1
friendliest,1
sneaking,1
central,1
ptsd,1
ener,1
anastacia,1
trash,1
opps,1
drying,1
compelled,1
pronounced,1
somethings,1
tasted,1
butting,1
admittedly,1
fowl,1
conceivably,1
tertinery,1
gentlefolk,1
suave,1
inamost,1
indicitive,1
posing,1
invited,1
persistent,1
kurosawa,1
intellectualism,1
furniture,1
consciousness,1
prevented,1
viewed,1
frustration,1
propagate,1
starving,1
overtaking,1
settling,1
resident,1
spotted,1
creepiness,1
armpit,1
trivial,1
quitting,1
therell,1
sergei,1
juneau,1
rollercoaster,1
dracula,1
xntj,1
pixie,1
strategize,1
stock,1
weakest,1
yous,1
exhibit,1
agghhhhh,1
cyber,1
wholl,1
typer,1
amusement,1
negotiated,1
substitute,1
tri,1
toooo,1
humane,1
scented,1
motivational,1
camp,1
lengthy,1
conflicted,1
philosophical,1
meantime,1
bounced,1
jrr,1
enabler,1
wardrobe,1
overemotional,1
jay,1
dominated,1
entertains,1
egypt,1
albeit,1
inconsistantcy,1
thoughh,1
rewritethisthread,1
controversy,1
cleared,1
burlap,1
mmmmmmmmmm,1
niece,1
speaks,1
casted,1
breed,1
gauge,1
misconception,1
sentance,1
psychopathic,1
morbid,1
efrom,1
selected,1
sits,1
wearin,1
sever,1
franz,1
maintaining,1
actress,1
uptight,1
luggage,1
psychosomatic,1
proactive,1
chasee,1
samuel,1
scroll,1
ouo,1
holmes,1
conversationally,1
defeating,1
wrap,1
ixfj,1
arnie,1
imbalance,1
elf,1
massive,1
neurological,1
classy,1
internalrealm,1
andddd,1
potentially,1
peeta,1
moreso,1
magician,1
accomplishment,1
cultural,1
device,1
novelty,1
surge,1
ant,1
adorbs,1
mysterie,1
proving,1
straighten,1
overreact,1
heir,1
incidence,1
storyteller,1
karaoke,1
khal,1
chilling,1
ixxps,1
spca,1
scholar,1
energising,1
noticeable,1
quantity,1
grainygrainygrainy,1
shoving,1
rampant,1
magazine,1
endure,1
daylight,1
overpower,1
spooky,1
wrecky,1
xstps,1
hale,1
pulled,1
awe,1
teeth,1
baked,1
flees,1
visiting,1
olympics,1
ludosfriend,1
malaise,1
linkin,1
rowling,1
dang,1
achiever,1
gaining,1
heightened,1
seat,1
fond,1
offender,1
ups,1
ime,1
thrash,1
casket,1
daydreamy,1
bummed,1
negotiable,1
achieved,1
hamburger,1
amate,1
lewis,1
centred,1
pessimistic,1
gooey,1
mike,1
throat,1
condensed,1
assed,1
shaped,1
meth,1
abandon,1
parlor,1
dreading,1
consult,1
retiring,1
redirect,1
jealousy,1
hindered,1
boot,1
creek,1
redface,1
981wa,1
quail,1
seam,1
tail,1
obstetrician,1
accounting,1
gwahahaha,1
tact,1
trunchball,1
mukbang,1
classis,1
boston,1
soba,1
fashionista,1
recognized,1
pulling,1
upbringing,1
mammal,1
slip,1
schooling,1
gotton,1
equipment,1
landing,1
domestic,1
jake,1
snake,1
entx,1
gravity,1
bunny,1
loveable,1
splatter,1
assigned,1
wishy,1
sultan,1
outcast,1
puddle,1
slopers,1
californication,1
restroom,1
nevermind,1
woo,1
corvette,1
minimalistic,1
bus,1
possession,1
logging,1
billiard,1
drool,1
chime,1
skate,1
swing,1
marlowe,1
runoff,1
prevalence,1
caper,1
chamber,1
excitement,1
enterprise,1
androgynous,1
janet,1
psychic,1
fourtines,1
conservation,1
umf,1
negotiate,1
lonley,1
equate,1
arrested,1
bjork,1
busier,1
booksandbutterflies,1
actively,1
hears,1
exibit,1
fierce,1
fog,1
al,1
prohibits,1
plastic,1
tailor,1
sheer,1
festering,1
whis,1
megan,1
cking,1
cp6s,1
desperation,1
preaching,1
renaissance,1
craves,1
decoration,1
sega,1
hulk,1
avec,1
odds,1
wandering,1
negation,1
authority,1
surfboard,1
brained,1
harping,1
aspire,1
indirectly,1
orgasmic,1
absentminded,1
turbulent,1
mail,1
separated,1
adapt,1
timbre,1
vviper,1
slapped,1
memorized,1
dreamer,1
sulphur,1
yayyy,1
reputation,1
sings,1
cutest,1
toilet,1
aquantances,1
oppose,1
goofing,1
sparkling,1
romanticising,1
atrocious,1
ortherwise,1
masking,1
pretentious,1
outwardly,1
bite,1
duty,1
xstj,1
lowering,1
apprentice,1
procastrinate,1
nutcase,1
scandinavian,1
huntress,1
finland,1
oculus,1
uncharted,1
afar,1
itching,1
levi,1
cancel,1
geeze,1
stuffing,1
deply,1
requires,1
characterize,1
embarassed,1
protocol,1
fetal,1
campy,1
mama,1
brilliance,1
calmer,1
chalk,1
memorization,1
admin,1
accelerating,1
suprised,1
accomplish,1
looonngggg,1
utter,1
grasped,1
artistry,1
marveling,1
lucas,1
frost,1
xnfj,1
nicer,1
hunted,1
esxj,1
matured,1
fauna,1
hareton,1
sorrow,1
organic,1
flexibility,1
simplify,1
downfall,1
sweat,1
rephrase,1
vitus,1
hardon,1
previously,1
barbie,1
figuring,1
nauseates,1
dawn,1
nanny,1
drain,1
semiology,1
damage,1
stoked,1
quintillion,1
silvery,1
oprah,1
rarest,1
fitted,1
agricultural,1
solidarity,1
obliged,1
enlightenment,1
wootz,1
3b,1
competence,1
humanistic,1
bony,1
encouragement,1
tastier,1
awarded,1
spree,1
x93if,1
apps,1
unnoticed,1
lesser,1
yomastercard,1
talentless,1
ancestor,1
frightens,1
tun,1
reliant,1
gaze,1
gunslinger,1
aimforthebrain,1
newly,1
bolded,1
panorama,1
defranco,1
redo,1
adele,1
perfection,1
assortment,1
courageous,1
anderer,1
ringer,1
prank,1
squarepants,1
rejecting,1
reaching,1
shaved,1
polar,1
september,1
unlocked,1
catalog,1
soundcloud,1
mic,1
moan,1
inequality,1
stack,1
preppy,1
quagmire,1
hombre,1
enabling,1
virile,1
ponyjoyride,1
beggar,1
auditioned,1
sniffly,1
minimise,1
bodily,1
retook,1
notable,1
breathtaking,1
granny,1
equilibrium,1
visereys,1
nazi,1
breakthrough,1
insisted,1
drunkeness,1
canvas,1
disclaimer,1
challenging,1
hardened,1
interviewed,1
gist,1
hailed,1
gigi,1
beam,1
slaughterhouse,1
pesonalities,1
revised,1
dante,1
correlate,1
facade,1
prediction,1
shying,1
teary,1
whove,1
attempted,1
kaa,1
afterwards,1
cheesy,1
cad,1
solicitor,1
excruciating,1
legality,1
elbow,1
howd,1
belonging,1
reincarnation,1
confide,1
unanimous,1
noone,1
swimmingly,1
prague,1
technology,1
comical,1
kim,1
cough,1
universally,1
degrassi,1
solving,1
nodding,1
melt,1
portraying,1
sounding,1
swimsuit,1
nombre,1
cheech,1
yoing,1
unsympathetic,1
naturalistic,1
extended,1
ptimistic,1
cuddling,1
articulating,1
ima,1
gravitated,1
nun,1
scrooge,1
twix,1
paramedic,1
gizmo,1
chimney,1
cycling,1
tit,1
negativity,1
discovering,1
unt,1
scampering,1
mainline,1
acutally,1
mudder,1
sunrise,1
attuned,1
kelso,1
introducing,1
skipped,1
sculpting,1
devenir,1
12x18,1
disgust,1
sharia,1
simpleton,1
energised,1
scruffy,1
supportive,1
undestand,1
indicate,1
unintended,1
sweden,1
dc,1
wound,1
blushing,1
imparting,1
flora,1
endlessly,1
colourful,1
hotel,1
offened,1
accuracy,1
decded,1
smaller,1
spick,1
maximum,1
artsiness,1
coherent,1
encase,1
capability,1
ginny,1
copiously,1
larry,1
gluing,1
renting,1
overworked,1
yummy,1
adoption,1
assure,1
predetermined,1
minister,1
punny,1
cent,1
ryuichi,1
dealt,1
grazing,1
sydney,1
debated,1
nocebo,1
staryu,1
coursework,1
crafter79,1
eclectic,1
perk,1
calmness,1
temper,1
initialed,1
vacuum,1
fluctuation,1
testx99,1
syntax,1
tdg,1
musketeer,1
engoy,1
unprofessional,1
ajfa,1
lacking,1
stigma,1
lightening,1
sh,1
thc,1
lesarn,1
overwhelm,1
companion,1
angelina,1
grizzly,1
facto,1
reveal,1
cyanne,1
childlish,1
cette,1
marc,1
wacky,1
dangit,1
subset,1
wale,1
2x,1
mispronounce,1
happines,1
spic,1
influencing,1
acerbusvenator,1
gangrene,1
adobe,1
downside,1
curiousity,1
splashedcolors,1
chiyo,1
7a,1
invaded,1
connecting,1
judgment,1
doug,1
menace,1
probable,1
gooood,1
wronged,1
stranded,1
intra,1
europe,1
artery,1
hepburn,1
kart,1
shoutout,1
cab,1
affecting,1
fur,1
likey,1
noot,1
rene,1
goof,1
learner,1
yapping,1
teenager,1
chan,1
clayton,1
synthetic,1
¤w,1
doormat,1
berenstain,1
tim,1
fate,1
impractical,1
wo,1
illustrates,1
python,1
calla,1
scatter,1
trunk,1
memorial,1
entertain,1
doom,1
danced,1
sia,1
brace,1
gnight,1
programmed,1
ww2,1
escalate,1
brennan,1
dressing,1
complain,1
calculative,1
squirrelly,1
da,1
icon,1
frequnetly,1
hound,1
jenny,1
gladly,1
midwest,1
somekind,1
xnfps,1
pleasantly,1
led,1
styling,1
manic,1
oregonian,1
gyffindor,1
seekjess,1
perceptive,1
sifting,1
chiptunes,1
blast,1
tribe,1
impulse,1
maz,1
lookbook,1
toxic,1
matty,1
astronomy,1
fav,1
executed,1
xxtxs,1
beautifful,1
discontent,1
ispiration,1
dirk,1
officer,1
mwahahahahah,1
renew,1
jour,1
registered,1
melodygirl,1
peach,1
interacted,1
bizarre,1
stepin,1
ledger,1
ity,1
brutal,1
donald,1
mencken,1
carrot,1
mere,1
paternal,1
sucky,1
pursue,1
funk,1
moreover,1
unrequited,1
lazyyyyyyy,1
uuuugh,1
rome,1
quantitative,1
consensus,1
corroded,1
usa,1
jeez,1
showoff,1
dancer,1
smash,1
mdear,1
sensation,1
temporary,1
dominance1,1
inborn,1
yard,1
ninth,1
antonio,1
suffocating,1
recharge,1
misleading,1
uncanny,1
empathise,1
particulary,1
odyssey,1
immigrated,1
contacting,1
progressing,1
hindley,1
truffaut,1
bass,1
openly,1
decipher,1
resume,1
thrilling,1
inferno,1
sigmund,1
calc,1
utilizes,1
gang,1
mp3s,1
disturbs,1
shifty,1
nyaa,1
tease,1
thor,1
western,1
isabelle,1
increasingly,1
reaaaally,1
garage,1
tension,1
sphinx,1
rolled,1
misophonia,1
resentment,1
springy,1
exchanging,1
unintersting,1
presentation,1
terrify,1
weetbix,1
stuttering,1
messiness,1
recruited,1
lamontagne,1
stealing,1
bonjour,1
swallow,1
negatively,1
claimed,1
slicing,1
revolutionary,1
troubled,1
dieing,1
appointment,1
centre,1
baggy,1
whining,1
administered,1
brocoli,1
dd,1
uncooperative,1
sword,1
wellbeing,1
billie,1
esfpish,1
stoic,1
chewing,1
tl,1
jamie,1
freely,1
whimsical,1
lovin,1
blistered,1
knockout,1
configuration,1
snapshot,1
bulbasaur,1
laidback,1
gym,1
valjean,1
ooops,1
obrien,1
exterminate,1
memorizing,1
edmund,1
brit,1
excerpt,1
downloading,1
innacurate,1
overlooked,1
ideally,1
perfectionistic,1
bearded,1
whisperer,1
robbie,1
heterochromia,1
handed,1
calf,1
maugham,1
jughead,1
gross,1
venice,1
rescheduling,1
leak,1
monde,1
rubbish,1
tweedy,1
howdo,1
broadly,1
cease,1
athon,1
hanzo,1
necissarily,1
sabrina,1
validating,1
invalid,1
mil,1
citation,1
doc,1
koutarou,1
trainer,1
findem,1
kasaantv,1
prettiest,1
moderately,1
gloryholes,1
soraya,1
manson,1
naming,1
i8dwq0nxwlc,1
digital,1
operates,1
beaten,1
craziness,1
evangelion,1
scan,1
unnatural,1
madison,1
antiseptic,1
norcal,1
predatory,1
pastor,1
structurally,1
physician,1
cursive,1
oversized,1
freshman,1
universality,1
bound,1
taurus,1
tadah,1
freeway,1
undertale,1
innocence,1
daichi,1
fuzzball,1
ad,1
admission,1
contagious,1
minion,1
spelled,1
nerving,1
aphrodite,1
developmentally,1
traffic,1
worship,1
syd,1
aged,1
nearing,1
nurturing,1
gamble,1
simultaneously,1
ki,1
weekday,1
laughable,1
boris,1
havde,1
fidgeting,1
40m,1
ticket,1
huiwcleon,1
disappointment,1
dive,1
tatum,1
cruise,1
swim,1
kitten,1
xbox,1
calculus,1
shrink,1
rational,1
americana,1
dam,1
popeyes,1
railing,1
length,1
kon,1
andrea,1
counsellingalthough,1
ramble,1
fwbs,1
compose,1
hoi,1
footstep,1
mccartney,1
hl,1
spanx,1
ageism,1
vital,1
misunderstood,1
warmth2,1
phineas,1
chatting,1
kuroo,1
energizes,1
retirement,1
oskar,1
interspersed,1
eliza,1
accomplishing,1
folder,1
sore,1
cancelled,1
undead,1
williams,1
rica,1
vega,1
figuringitalloutasalways,1
ist,1
superior,1
delivers,1
cluster,1
quotidien,1
feelin,1
criticizing,1
recruiting,1
martina,1
fireproof,1
perception,1
dolphin,1
yayyyy,1
deux,1
niffenegger,1
anniversaire,1
fabuleux,1
employed,1
nosy,1
candyland,1
laly,1
flashlight,1
queue,1
vegetable,1
damelie,1
inhibited,1
vehicle,1
exersice,1
honor,1
voiced,1
sickness,1
oberyon,1
prepare,1
dial,1
bah,1
rigorous,1
gothic,1
kyle,1
fascination,1
relaxing,1
legally,1
operating,1
bahaha,1
package,1
supply,1
tire,1
grasshopper,1
sacramento,1
iei,1
anecdote,1
rendition,1
invasive,1
biomedical,1
analytical,1
2b,1
wallflower,1
evaluating,1
trembling,1
chong,1
defence,1
introoverted,1
ooo,1
unwanted,1
esteemed,1
hustling,1
youthful,1
likeable,1
guianan,1
batting,1
shouldve,1
insta,1
mourning,1
aka,1
carell,1
amazon,1
gently,1
retribution,1
asia,1
envelope,1
grammatically,1
lighthearted,1
restless,1
bugger,1
released,1
rated,1
extinction,1
sends,1
frightened,1
shrooms,1
calloway,1
caravane,1
siren,1
buck,1
heath,1
glancing,1
lit,1
planner,1
harm,1
scatterbrained,1
envision,1
vvvvvvvs,1
aggression,1
euphoria,1
majoring,1
emerson,1
hardware,1
miyazaki,1
technician,1
bergman,1
schizoid,1
fabricate,1
cancer,1
bolstering,1
fund,1
wonderd,1
sagittarius,1
xylophone,1
lipgloss,1
chwoey,1
altruistic,1
enders,1
silent,1
august,1
market,1
solociation,1
backpack,1
applicator,1
adolescent,1
limbo,1
junjou,1
davis,1
advise,1
tackle,1
spatial,1
absolute,1
relying,1
kindness,1
silhouetree,1
tuts,1
understaning,1
enroll,1
heroism,1
vid,1
vacillation,1
console,1
pound,1
zelda,1
watercolor,1
thorough,1
detox,1
lithuanian,1
foo,1
caribbean,1
thoroughly,1
grrr,1
linking,1
biggots,1
yelled,1
ur9,1
indifference,1
ookami,1
nobel,1
vividly,1
smarter,1
mbpt,1
diverge,1
upstairs,1
convey,1
le9aceymuse,1
filmed,1
1980s,1
cajun,1
volunteered,1
oral,1
misery,1
panicking,1
myes,1
redeemofself,1
subjectively,1
hottie,1
suddently,1
bow,1
publicly,1
jai,1
nooo,1
vilnius,1
devin87,1
tellement,1
loyalty,1
overrated,1
dictate,1
zac,1
symphatetic,1
sd,1
lethargic,1
spectacle,1
association,1
xdd,1
que,1
aweseom,1
bragging,1
exfx,1
gracias,1
sunbathing,1
surefire,1
chanceitboy1998,1
jon,1
clubbing,1
emoji58,1
fleurs,1
apt,1
inxj,1
misplacement,1
antithesis,1
personalitycafè,1
hedgehog,1
jungx92s,1
legitimacy,1
spurred,1
tread,1
anf,1
ranged,1
1k,1
mistery,1
terrifies,1
fitting,1
thier,1
elliot,1
millenial,1
terrific,1
retune,1
whitlams,1
friggen,1
skorts,1
gibby,1
ambitious,1
ben,1
shutting,1
psychologist,1
physique,1
reinforce,1
caden,1
outgrown,1
spurt,1
walter,1
trained,1
ronan,1
ocarina,1
5w,1
mannered,1
ruler,1
confront,1
messaged,1
maroon,1
doglet,1
analyticalnonsense,1
neglectful,1
evereth,1
deen,1
jazzy,1
overboard,1
revisiting,1
prophet,1
pete,1
forestry,1
prob,1
armstrong,1
arsehole,1
kiddy,1
subsequently,1
krav,1
clutched,1
marshal,1
enxps,1
decently,1
mimesis,1
coil,1
toe,1
tryout,1
valentina,1
oof,1
deceitful,1
strawberry,1
sherman,1
peppermint,1
commenting,1
gostop,1
disgusting,1
representative,1
oat,1
momentum,1
graduating,1
complains,1
manatee,1
athos,1
daisy,1
trauma,1
reign,1
relalte,1
azula,1
stretched,1
ageless,1
racist,1
ceiling,1
penny,1
european,1
persian,1
turnoff,1
locker,1
ixfjs,1
simpler,1
alarm,1
alexie,1
flamboyantly,1
grander,1
crafting,1
jp,1
dirt,1
remade,1
humiliating,1
pleasurable,1
edgar,1
ummmmm,1
nissan,1
tryhard,1
execution,1
explosion,1
vladimir,1
dey,1
alors,1
thorgy,1
isolating,1
io,1
comforting,1
watcher,1
cassavetes,1
freeman,1
tinker,1
earthy,1
durden,1
scrutiny,1
earmark,1
haymitch,1
ifsp,1
caffeine,1
stoner,1
contrary,1
memorable,1
dramatised,1
holly,1
reflective,1
painfully,1
alaykum,1
zuckerberg,1
consistancy,1
clutch,1
automatonic,1
nudity,1
aisha,1
extensively,1
stepdancing,1
weep,1
yalls,1
notebook,1
underdeveloped,1
cocoa,1
garfunkel,1
gaystraight,1
leather,1
simmilar,1
humanely,1
guerrilla,1
crudeness,1
fighter,1
retarded,1
scheme,1
foiled,1
abruptly,1
³￣,1
explored,1
similiar,1
kimmy,1
slating,1
interfering,1
er30jog,1
interacts,1
mistyping,1
adored,1
shedding,1
recreational,1
purposely,1
plebeian,1
spontaneity,1
quasi,1
approaching,1
caff,1
greed,1
racer,1
acquisitive,1
liaison,1
bluntly,1
hypersensitive,1
resolution,1
multi,1
infx,1
188kb,1
structural,1
banter,1
questionable,1
rubber,1
wikipedia,1
fds,1
pond,1
frickin,1
collectively,1
commercial,1
pup,1
scifi,1
vulnerability,1
poison,1
miscommunication,1
secured,1
cogner,1
pinkmatter,1
compass,1
wherever,1
20th,1
shaking,1
uncreative,1
guston,1
appreciating,1
creasing,1
waaay,1
meetup,1
zee,1
tier,1
cozy,1
pale,1
amethyst,1
brah,1
curiously,1
june,1
criticised,1
ennea,1
mellark,1
onthego,1
infpblog,1
pantheism,1
ozone,1
horn,1
burton,1
athletics,1
rn,1
hux,1
salmon,1
darned,1
ethereal,1
bloc,1
masturbate,1
tanaka,1
interpersonal,1
cliff,1
iffy,1
claustrophobic,1
subtly,1
teased,1
verbally,1
formulate,1
fluff,1
scurrying,1
hahahahahahaha,1
posessions,1
abosolute,1
suite,1
tarkovsky,1
suffer,1
nomadic,1
permanently,1
scratch,1
donx92t,1
choosen,1
fishy,1
travis,1
astigmatism,1
comedic,1
loyalist,1
sonderer,1
puberty,1
japan,1
jess,1
voted,1
ordeal,1
wishful,1
ticism,1
snapped,1
ahaha,1
thailand,1
luckily,1
modicum,1
intoverts,1
mightnt,1
gah,1
chili,1
solitaire,1
hilariously,1
unspoken,1
bossy,1
edward,1
imma,1
morphine,1
elvisa,1
ultio,1
myersbriggs,1
dallas,1
wisest,1
ditch,1
incomparable,1
marilyn,1
bachata,1
transferred,1
offending,1
surfing,1
22nd,1
lissie,1
intend,1
parking,1
favs,1
phenomenon,1
treasuretower,1
hahahahahah,1
analyze,1
timid,1
bent,1
flirty,1
vip,1
established,1
ame,1
pungent,1
larger,1
sci,1
recognise,1
dropping,1
smelling,1
ate,1
yeesh,1
waldo,1
implified,1
cobain,1
oatmeal,1
tafe,1
consequentially,1
hypochondriac,1
exponentially,1
sytems,1
cucu,1
darcy,1
heading,1
ahumanrenaisance,1
carly,1
branch,1
wreck,1
mart,1
introduced,1
torment,1
morriseys,1
shex92s,1
disappoint,1
rhodes,1
lee,1
overdo,1
undergone,1
clinically,1
70f,1
nabokov,1
resulted,1
typism,1
sawamura,1
discussing,1
confirm,1
dignity,1
wholeheartedly,1
theoretical,1
sife,1
negan,1
sayin,1
shelter,1
understated,1
xavier,1
lúcio,1
greece,1
bragger,1
skating,1
tuxedo,1
anywho,1
limerence,1
inspirational,1
blurred,1
valid,1
hugh,1
obi,1
ot,1
screech,1
amybeth,1
charlotte,1
wad,1
serving,1
brownest,1
votre,1
strider,1
rosselini,1
nervosa,1
radiohead,1
visited,1
perciever,1
application,1
coraline,1
subconsciously,1
stuffed,1
corny,1
governor,1
spicy,1
eveyone,1
arachnophobe,1
vacillate,1
mechanical,1
antagonize,1
symptom,1
false,1
contemptful,1
praying,1
climb,1
x94,1
pedagogy,1
disturb,1
custom,1
wage,1
pastime,1
ooooh,1
fewer,1
industrious,1
freudian,1
soundgarden,1
cooler,1
anthropology,1
sardined,1
karoh,1
merchant,1
soppixo,1
plethora,1
faint,1
abandoning,1
centaur,1
snart,1
excruciatingly,1
regimented,1
quadrillion,1
bringing,1
cutie,1
hamilton,1
bra,1
leonard,1
micro,1
luanne,1
ornament,1
steven,1
hiphop,1
appropriate,1
profoundly,1
nut,1
glen,1
disguised,1
pack,1
remembers,1
hall,1
shane,1
imaginative,1
booty,1
natasha,1
jabber,1
grand,1
hoarder,1
krillin,1
greasy,1
martial,1
supergirl,1
refers,1
rebel,1
taboo,1
dismiss,1
biochemistry,1
microwave,1
passionately,1
1000x,1
cn,1
beacuase,1
ron,1
sopris,1
portrayed,1
vulture,1
courted,1
jyushimatsu,1
handled,1
agency,1
filthyfranktv,1
involvement,1
showy,1
heartbreaker,1
sjw,1
kyojin,1
permafrost,1
supporter,1
dreamt,1
uninhibited,1
harley,1
shakugan,1
lift,1
beautifully,1
policeman,1
yang,1
themadswede,1
matching,1
lolzies,1
hum,1
obamas,1
australian,1
bain,1
experimenter,1
motivate,1
underlying,1
anticipation,1
dsm,1
richelieu,1
steal,1
nessacary,1
ftping,1
applicable,1
sheesh,1
muey,1
mcgonagall,1
charisma,1
mure,1
socializing,1
knack,1
replying,1
np,1
knowingly,1
bella,1
nutshell,1
paranoia,1
asker,1
spends,1
starburst,1
mooshball,1
burning,1
kissing,1
consience,1
unreal,1
prove,1
pot,1
unity,1
googling,1
eeexactly,1
defined,1
usage,1
themindreader,1
ouroboros,1
multivariable,1
chile,1
cackle,1
reread,1
accomplished,1
award,1
handiace,1
rushmore,1
uninspiring,1
finesse,1
cologne,1
introspective,1
thin,1
joyous,1
thou,1
inappropriately,1
receive,1
pumped,1
freckle,1
hyperactivity,1
enchanted,1
aramis,1
deseree,1
crossing,1
tentative,1
monty,1
rip,1
bold,1
voodo,1
nonsensical,1
meme,1
foermosr,1
actully,1
terminal,1
delighted,1
hermione,1
orderly,1
improving,1
sheep,1
dual,1
desperately,1
linger,1
onstage,1
disagrees,1
halt,1
elusivefeather,1
wider,1
gracious,1
underwear,1
johannes,1
quora,1
hover,1
north,1
polished,1
shylock,1
boner,1
sansa,1
insist,1
midterm,1
blantant,1
whaa,1
aha,1
airy,1
impracticality,1
blahblahblah,1
revolution,1
speeeled,1
dangling,1
avoider,1
vincent,1
productivity,1
email,1
angst,1
uh,1
warmed,1
blech,1
organizing,1
calculating,1
prepared,1
portishead,1
istjentj,1
rough,1
shana,1
wheeze,1
twas,1
turtle,1
timothydelaghetto,1
tipped,1
celticanoir,1
banzai,1
sais,1
slavery,1
spy,1
relic,1
solo,1
turkey,1
cappie,1
bueno,1
neglect,1
listens,1
notion,1
detect,1
paris,1
regained,1
conquering,1
indy,1
protestant,1
identifies,1
killing,1
knife,1
heterosexual,1
thoughs,1
virtuoso,1
meditating,1
stumped,1
wal,1
candy1577,1
preach,1
patch,1
diametrically,1
inbi,1
behavioral,1
aesthete,1
energize,1
hotaru,1
elastic,1
brighten,1
earliest,1
hooray,1
sequitural,1
unit,1
ny,1
meekness,1
jam,1
unmotivated,1
recognizing,1
jpeg,1
malakai,1
picasa,1
domain,1
simpson,1
kane,1
tenacious,1
aeroplane,1
negitive,1
irritation,1
landscape,1
booking,1
liberalist,1
mary,1
faramir,1
escapist,1
pinned,1
golden,1
aye,1
jimmers,1
speculating,1
beef,1
tanning,1
parachuting,1
kung,1
mistaking,1
yey,1
gearbox,1
bleach,1
mhh,1
chick,1
hatchet,1
majestic,1
equivalent,1
pandering,1
orwell,1
overbearing,1
metaphor,1
wingish,1
incorrect,1
yoú,1
percent,1
terezi,1
unconfident,1
paladin,1
brake,1
deadhorace,1
hastily,1
unicorn,1
spelling,1
thinner,1
photographer,1
lynx,1
gathering,1
explicable,1
stepbrother,1
advanced,1
stepfather,1
stake,1
trichollotomania,1
vaulted,1
grass,1
benja,1
amoung,1
cretaceous,1
ol,1
tract,1
disaster,1
fortunate,1
xdddd,1
investing,1
reboots,1
colorado,1
jquery,1
persuade,1
costumer,1
coincidentally,1
wickedqueen,1
northern,1
photorealistically,1
lawrence,1
limbic,1
hogwarts,1
freddie,1
tomodachi,1
lpage,1
ariel,1
trader,1
vendetta,1
ingenious,1
firing,1
naomad,1
blink,1
tinder,1
compiled,1
droles,1
affezwilling,1
probems,1
yall,1
blocked,1
canine,1
accountable,1
narcolepsy,1
ukraine,1
mccree,1
pinkman,1
pacifying,1
chirping,1
steely,1
decidedly,1
harmful,1
unravels,1
notified,1
electronics,1
roxy,1
sensorhood,1
gifs,1
victor,1
miniature,1
marzipan01,1
noon,1
heater,1
bargain,1
slaughtered,1
april,1
defeated,1
thatcher,1
relieved,1
sought,1
karasuno,1
doubtful,1
kayaking,1
sniff,1
guessed,1
acoustic,1
escape,1
ratonal,1
incapacitation,1
parasite,1
settled,1
aquarius,1
interactive,1
demeaning,1
dryer,1
squish,1
nonexistent,1
enanagram,1
warhol,1
inaction,1
niceness,1
dumbest,1
destruct,1
produce,1
doula,1
whereas,1
farted,1
gim,1
steak,1
poop,1
chapelle,1
dandy,1
quotient,1
wisp,1
enjoyment,1
helsing,1
session,1
hunger,1
wherether,1
demeanor,1
commonly,1
kaku,1
ziggurat,1
hesitation,1
aroused,1
hashing,1
eduardo,1
clashing,1
journalism,1
ruin,1
recreation,1
confronting,1
anarchy,1
colin,1
altered,1
celebrity,1
successful,1
frozen,1
jazz,1
charcoal,1
arguing,1
antidepressant,1
shoudl,1
conversational,1
cummings,1
lannisters,1
concour,1
legit,1
ongoing,1
definately,1
discount,1
daisychain,1
etf,1
meeeeeeeeeeeeeeeeeeeeeeeeeeeeeeeeeeeeeeeeeeeeeeeeeeeeeeeeee,1
reawakened,1
rayon,1
montage,1
apocalypse,1
watson,1
4ness,1
letterpads,1
criminologist,1
nekoninja,1
zilla,1
jawz,1
employee,1
salad,1
nervousness,1
paced,1
pri,1
sustain,1
weak,1
juice,1
desirable,1
seep,1
earphone,1
october,1
paired,1
reveals,1
owned,1
enlarge,1
brainwash,1
positively,1
canyon,1
advertisement,1
fueled,1
trap,1
tabby,1
lik3ly,1
overthinking,1
sheldon,1
pounding,1
collaborate,1
coasting,1
ace,1
mindedness,1
mata,1
pondered,1
seduction,1
informed,1
outta,1
equiped,1
elsewhere,1
badboys,1
relocated,1
vibrant,1
pouvez,1
reptile,1
comparatively,1
angelcat,1
stutter,1
applying,1
prospect,1
urge,1
virgo,1
cater,1
spag,1
shae,1
pupolar,1
perceptiveness,1
complimented,1
nfj,1
elaborated,1
triple,1
ditzy,1
linguistics,1
eventual,1
consist,1
epiphany,1
tan,1
hick,1
spearheaded,1
5ness,1
focuued,1
caneaster,1
preschool,1
aaaaaaaaa,1
macho,1
tidy,1
marauder,1
imediatly,1
hospitality,1
arrogance,1
properly,1
remark,1
blahblahblahblahblah,1
represents,1
interpret,1
tablo,1
replaying,1
saltare,1
mousy,1
npc,1
arya,1
parable,1
east,1
embarassing,1
accidentally,1
electroswing,1
kiedis,1
mustve,1
hippie,1
dreamlike,1
sticky,1
gather,1
disconnected,1
eneagram,1
dnamy,1
shortage,1
impress,1
boogel,1
pissed,1
pixar,1
fortune,1
impairing,1
surprisingly,1
7wsomething,1
whaat,1
stepped,1
peeling,1
scoop,1
lending,1
shouyou,1
indoctrinated,1
minecraft,1
verbalize,1
winced,1
abusing,1
sfs,1
stalk,1
gambit,1
chooses,1
withdrawn,1
therapy,1
delicately,1
demon,1
burgerpants,1
squating,1
senpai,1
koizumi,1
framed,1
lori,1
authenticity,1
courtesan,1
chain,1
dem,1
autism,1
tilted,1
hershel,1
howl,1
wavy,1
bermuda,1
carroll,1
whiskas,1
ax,1
competing,1
winn,1
widow,1
ahs,1
treasure,1
eon,1
circus,1
soothing,1
futur,1
kodomo,1
crashed,1
muffin,1
corrupt,1
poorly,1
leisure,1
xplained,1
threatened,1
argumentative,1
anadyomenos,1
pile,1
infantile,1
nickelodeon,1
saradomin,1
sofa,1
hoot,1
bell,1
casting,1
counsellor,1
targaryen,1
tale,1
pep,1
pin,1
cowboy,1
michio,1
bud,1
curriculum,1
burying,1
isfpish,1
jinseis,1
mellowed,1
merry,1
hrm,1
stifle,1
barring,1
fiance,1
meditate,1
gel,1
fu,1
ukulele,1
healthier,1
aired,1
sapphire,1
bio,1
align,1
leisurely,1
robotic,1
dreamcast,1
csi,1
vocal,1
regina,1
breastfeeding,1
emptiness,1
washy,1
surpressing,1
faucet,1
theatre,1
elaur,1
6ths,1
bitchin,1
hemp,1
refurbished,1
drifting,1
inxjs,1
ford,1
chatterbox,1
abraded,1
blaming,1
xxxxx,1
terribly,1
bassiclly,1
astrology,1
yelawolf,1
mercy,1
overused,1
felicia,1
league,1
clown,1
releate,1
politeness,1
tactless,1
vain,1
racialist,1
gg,1
rottweiler,1
shapelier,1
donate,1
silverware,1
dizzygirl,1
fwb,1
andrei,1
ponytail,1
burnout,1
cx9cur,1
handy,1
ooouuuuhhhhh,1
chandelier,1
6a,1
microsoft,1
bizzump,1
mindset,1
megalomaniacambitious,1
pollack,1
jew,1
agrarian,1
labeled,1
childofprodigy,1
anorexia,1
minority,1
starkindler201,1
burden,1
drea,1
necesarrily,1
rashida,1
surname,1
hockey,1
pregnant,1
otani,1
velvet,1
roaming,1
cri,1
ty,1
indulgent,1
namiki,1
squirrel,1
nuclear,1
adaptation,1
eyeshadow,1
crash,1
stj,1
reliever,1
junkie,1
silver,1
tangle,1
football,1
soccer,1
vast,1
pickthebrain,1
admiration,1
brazil,1
liontiger,1
shove,1
esxps,1
pleased,1
huuuuuge,1
lazyness,1
nutrition,1
exterior,1
brownish,1
lucy,1
disturbed,1
translates,1
barbaric,1
hogwash,1
pychic,1
reached,1
fetched,1
bons,1
pumpkin,1
police,1
deadpan,1
amazingly,1
cheater,1
assembled,1
phillipines,1
je,1
stretch,1
sadist,1
harbour,1
spontaineity,1
sleeper,1
farting,1
fondness,1
wagon,1
arendelle,1
monsieur,1
chrome,1
ideology,1
restriction,1
dominance,1
torture,1
2k18,1
diva,1
beginner,1
resonated,1
soonish,1
adhere,1
srv,1
undeniably,1
hideout,1
ce,1
semitic,1
adventurer,1
stacham,1
mutually,1
millay,1
lash,1
dis,1
wat,1
nye,1
ballerina,1
riot,1
financially,1
miraculous,1
messy,1
tiiimmmeeeee,1
isjs,1
packed,1
demonic,1
chew,1
mommy,1
imgur,1
quentin,1
vocalize,1
explains,1
chewed,1
tingle,1
flipping,1
training,1
android,1
traveled,1
heated,1
prevent,1
stuart,1
possessive,1
heartless,1
krabs,1
insulting,1
whod,1
wary,1
unexplored,1
categorize,1
resemblence,1
reject,1
saturday,1
becaused,1
miracle,1
continuing,1
motivating,1
neural,1
nuance,1
mikan,1
h2o,1
corporation,1
giggle,1
anemic,1
welcoming,1
indipendent,1
arrow,1
mill,1
thigh,1
congratulation,1
omfgcata,1
ryuunosuke,1
appetite,1
junkrat,1
weet,1
sensational,1
luv,1
sara,1
remain,1
donna,1
curve,1
dwell,1
towel,1
whaaat,1
allen,1
praised,1
doe,1
upto,1
x93many,1
fruition,1
dismissing,1
3pm,1
factory,1
unobtainable,1
underrepresented,1
violated,1
lashed,1
carlin,1
endorphin,1
exceed,1
unconquerable,1
bollock,1
ahhhh,1
domething,1
perscafè,1
infuriated,1
brunes,1
barbed,1
boisterous,1
pitter,1
recipe,1
obtain,1
correctness,1
ln,1
grabbing,1
lgbt,1
pompous,1
gem,1
subway,1
smilies,1
miilion,1
washing,1
wayyyy,1
subside,1
beth,1
genova,1
independently,1
senorita,1
lolita,1
departure,1
eyeroll,1
fad,1
placing,1
blatantly,1
intimate,1
grate,1
rent,1
noelle,1
prep,1
arse,1
cubicle,1
pointed,1
beyonce,1
innovative,1
♡♡♡,1
fraction,1
4am,1
walkin,1
accurately,1
detest,1
brightens,1
purposefully,1
largest,1
martyr,1
philia,1
hypocritical,1
enter,1
looser,1
mopping,1
stim,1
cesspool,1
goku,1
wire,1
xxxj,1
cleaner,1
optimism,1
adventurous,1
definite,1
tock,1
stumbled,1
assassin,1
beating,1
devote,1
respectively,1
gadget,1
noodle,1
distaste,1
piglet,1
raisin,1
counter,1
revealed,1
houston,1
wblack,1
fury,1
recieving,1
aversion,1
tech,1
roughly,1
compete,1
deffo,1
nakie,1
tarantino,1
eureka,1
kee,1
lindsay,1
mega,1
huck,1
announce,1
hallorann,1
neccesarily,1
rexgg76lkru,1
twain,1
providing,1
efx,1
undyne,1
auburn,1
confirmation,1
consideration,1
seni,1
fizz,1
valued,1
ahah,1
horny,1
invincible,1
rosings,1
electrocution,1
culturist,1
everythings,1
streaming,1
misanthrope,1
cinema,1
apportent,1
absurd,1
esque,1
freekin,1
initiating,1
mdma,1
inactive,1
socialise,1
resists,1
adaptable,1
bubbly,1
hypocrisy,1
ac,1
happiest,1
favoured,1
wallow,1
chat02,1
mystical,1
redundant,1
psyche,1
blasted,1
prupose,1
centered,1
disregarding,1
mango,1
apologised,1
stench,1
earning,1
interviewer,1
1lb,1
subtype,1
pan,1
produced,1
valentine,1
tampon,1
emoji15,1
tyrion,1
1st,1
aw,1
211626i,1
keislowski,1
hone,1
sprite,1
leann,1
bike,1
eccentric,1
shingeki,1
detrimental,1
heartrate,1
outrageous,1
paramore,1
bridal,1
intuitively,1
pb,1
vanish,1
aiming,1
percy,1
mindmates,1
diogenes,1
volunteering,1
flakey,1
moth,1
teeming,1
praise,1
intriguing,1
starfruit,1
jabberbroccoli,1
dlls,1
kanye,1
installed,1
stilton,1
firewatch,1
ultimately,1
foxy,1
fat,1
freakery,1
shifting,1
provoked,1
tutor,1
truely,1
thts,1
bleh,1
indestructible,1
prescription,1
involve,1
rebelling,1
presume,1
equvilant,1
welder,1
wendixy,1
dweller,1
musty,1
unaware,1
colonial,1
brighton,1
itmejp,1
carefree,1
brioche,1
holistic,1
dceu,1
measuring,1
uplifting,1
compelling,1
struck,1
shirtless,1
linux,1
sixth,1
beatty,1
intensity,1
terminology,1
dearest,1
professor,1
quintessentially,1
hilary,1
touché,1
territory,1
tailoring,1
horsepower,1
unaired,1
warn,1
lil,1
scott,1
predetermines,1
seamstress,1
draco,1
fir,1
thunderstorm,1
excite,1
depressive,1
thingy,1
dognap,1
deactivated,1
deadly,1
satan,1
ronikinz,1
nelly,1
reliability,1
schindler,1
bronte,1
sadistic,1
ohara,1
humility,1
pretended,1
penguin,1
philieas,1
welll,1
tripped,1
licensed,1
fiercely,1
heinlein,1
guthrie,1
skyrim,1
prideful,1
medicine,1
timing,1
creates,1
expending,1
grooming,1
ridden,1
serenading,1
ought,1
geology,1
flooding,1
limedegree,1
ban,1
jts,1
ro,1
tourist,1
shania,1
footprint,1
mandatory,1
thrust,1
beatles,1
beer,1
electronica,1
stamped,1
offered,1
whirlwind,1
ryry,1
crocodile,1
denizen,1
brave,1
shiny,1
unbreakable,1
insensitivity,1
bliss,1
fatal,1
handheld,1
winkle,1
rolex,1
infidelity,1
timer,1
synopsis,1
faking,1
keirsey,1
doctorate,1
judaism,1
amass,1
poll,1
mattered,1
undecided,1
keg,1
abused,1
disorganised,1
kamyl,1
5am,1
floral,1
garfield,1
boyd,1
megalomaniac,1
womb,1
significance,1
ted,1
provides,1
interier,1
lowest,1
remaining,1
fleet,1
manual,1
ftr,1
verne,1
jungian,1
stanhope,1
themed,1
grant,1
cambridge,1
raphael,1
crazyeddie,1
width,1
healing,1
halle,1
xntjs,1
portion,1
spirituality,1
voilà,1
confessing,1
milady,1
ying,1
indyannajoan,1
compensate,1
rachmaninoff,1
judgmental,1
endless,1
strung,1
wallet,1
causation,1
lovekitty,1
tantrum,1
heather,1
identical,1
jab,1
vermont,1
dissatisfied,1
ghetto,1
unloved,1
quayle,1
max,1
traditionalist,1
overstated,1
protein,1
ocean,1
prohibitively,1
neighborhood,1
swoon,1
cheerful,1
eatin,1
counterpart,1
willingness,1
leah,1
melodic,1
displayed,1
zoologist,1
chow,1
simon,1
settle,1
processed,1
sincères,1
airport,1
dot,1
slapping,1
psycho,1
candidate,1
supreme,1
overload,1
jonathan,1
tutorial,1
haruki,1
rouse,1
quois,1
understands,1
groove,1
saxophone,1
biggies,1
bc,1
othe,1
nest,1
sphereofsilences,1
gaming,1
assylum,1
impala,1
firstly,1
defines,1
distinguish,1
hospitalized,1
thrilled,1
whim,1
stoning,1
hohoho,1
orgy,1
strangles,1
attend,1
dilly,1
bobby,1
butter,1
chilliness,1
rewarding,1
recommends,1
connects,1
naked,1
seeping,1
encyclopedia,1
producing,1
hbo,1
saint,1
sucked,1
obama,1
disappears,1
legalize,1
protection,1
saul,1
coloration,1
bounce,1
stanley,1
zealand,1
dimensional,1
harmless,1
differs,1
x93oppositex94,1
station,1
obligatory,1
catatonic,1
anthony,1
bares,1
capitalism,1
wheel,1
missandei,1
smallest,1
expiriance,1
scrambled,1
shocking,1
twistin,1
popped,1
guard,1
stamp,1
17km,1
predator,1
worded,1
thy,1
geography,1
resonate,1
peanut,1
korean,1
inspire,1
perceives,1
appalling,1
ole,1
tate,1
psychedelic,1
criterion,1
dr,1
administrator,1
rcmp,1
satoshi,1
applied,1
diving,1
zack,1
congratulatory,1
dehumanization,1
hebbian,1
auxilary,1
ifs,1
corner,1
xstjs,1
depended,1
epilator,1
requirement,1
structured,1
touched,1
blown,1
nominate,1
owt,1
jewellery,1
pardon,1
wednesday,1
differing,1
visually,1
gelatinous,1
tournament,1
bark,1
proportion,1
prefers,1
grateful,1
type5,1
embarrassing,1
endearment,1
sulky,1
swiss,1
gracie,1
charachter,1
whoever,1
stammer,1
benefit,1
principled,1
rearrange,1
laissez,1
psyko,1
grinchmas,1
ahem,1
lostworld,1
hitting,1
owlness,1
ai,1
translate,1
reasoning1,1
valk,1
portrait,1
roxxxy,1
invaluable,1
escaping,1
walkthroughs,1
attracts,1
london,1
ludwig,1
discussed,1
cheating,1
yeahs,1
ifp,1
latter,1
maintains,1
apprehensive,1
berman,1
tambourine,1
veil,1
stern,1
kennerley,1
ordered,1
liner,1
idol,1
typological,1
francois,1
anatomy,1
exercising,1
discharge,1
avenged,1
sremmurd,1
firmly,1
responsiblity,1
crazed,1
learns,1
9th,1
germany,1
fearful,1
mightve,1
speculation,1
fought,1
soap,1
earworms,1
ere,1
jolting,1
tsidakis,1
skewed,1
pent,1
wet,1
mmorpgs,1
batts,1
hilton,1
endured,1
enp,1
leopard,1
dimple,1
doughnutsu200b,1
academy,1
carpentry,1
atticus,1
addicting,1
managing,1
mesmerizing,1
component,1
chopstick,1
sparrow,1
electricity,1
xntx,1
lace,1
reoccurs,1
wahh,1
jackman,1
wilkerson,1
christianity,1
devour,1
likelihood,1
conchords,1
stannis,1
unauthentic,1
irish,1
kindly,1
prisoner,1
orson,1
tsundere,1
fundamental,1
insinuate,1
2000s,1
tod,1
nighter,1
coyote,1
concious,1
avoidant,1
199x,1
pyschologigal,1
hgtv,1
breadth,1
persistence,1
carey,1
booklover,1
inevitable,1
entering,1
inexperienced,1
cock,1
murakamis,1
dispassionate,1
fill,1
pryor,1
establishing,1
dillettante,1
unlikely,1
hyperemotional,1
doggie,1
electronic,1
unconcerned,1
ritualistic,1
duncan,1
gushing,1
hyperventilating,1
agenda,1
5mil,1
clearing,1
paralegal,1
debatable,1
forcing,1
meritocrat,1
xntps,1
cautious,1
dungeon,1
preferring,1
carded,1
keen,1
backpacker,1
whatya,1
inquisitive,1
dunham,1
phenomenal,1
remotely,1
multilayered,1
chasing,1
farm,1
tank,1
merged,1
rune,1
typewise,1
choreography,1
asy,1
mcbride,1
yarn,1
ostracise,1
campus,1
jock,1
dartagnan,1
certainty,1
brow,1
regretted,1
contract,1
destructive,1
auxillary,1
sack,1
misadventured,1
librarian,1
gathered,1
snob,1
nearsighted,1
enxp,1
trapt,1
swearing,1
suh,1
mutter,1
wavish,1
effortlessly,1
scale,1
analyzing,1
vocalist,1
derm,1
iguana,1
10k,1
published,1
eyelid,1
amatsuki,1
punctual,1
grave,1
nfpi,1
stéréo,1
dished,1
parenting,1
entry,1
humorous,1
chin,1
george,1
cameo,1
tempting,1
karamatsu,1
folky,1
behavour,1
ambivalent,1
alley,1
meatheads,1
quran,1
martin,1
schizotypal,1
crucible,1
grizzled,1
dominates,1
magnet,1
humble,1
serak,1
constance,1
awkwardly,1
insignificant,1
titty,1
nasa,1
bethany,1
lighter,1
acrylic,1
jelous,1
underachiever,1
burnt,1
onion,1
swag,1
hike,1
château,1
delivered,1
chibi,1
resurfaces,1
biasesd,1
rider,1
squeal,1
lively,1
polish,1
initiative,1
supported,1
scorpio,1
privacy,1
unimpressed,1
ﾉωﾉ,1
frolic,1
residence,1
creeped,1
strategic,1
historically,1
noggin,1
suspicious,1
linkedin,1
gamma,1
neh,1
deliberately,1
crendor,1
contributing,1
betting,1
selina,1
temple,1
hating,1
oak,1
ichimatsu,1
inform,1
lem,1
hampered,1
moor,1
romantica,1
cest,1
schubert,1
tape,1
exchange,1
imperfection,1
krumms,1
rooming,1
tshirts,1
sympathy,1
eargasm,1
hellhole,1
booth,1
fashionable,1
screenplay,1
murderlize,1
adagio,1
lithuania,1
ntrospective,1
soliciting,1
gardevoir,1
sat,1
inconsiderate,1
retro,1
dasiey,1
merrick,1
selective,1
tinted,1
fence,1
infpaul,1
unorthodox,1
bumpin,1
dawson,1
orgiving,1
singapore,1
vinyl,1
drogo,1
giveaway,1
folie,1
porthos,1
sleeve,1
phrasing,1
overcoming,1
engulfed,1
dub,1
attentive,1
chaos,1
practitioner,1
asperger,1
protest,1
naive,1
drugged,1
effectiveness,1
rival,1
generates,1
intervene,1
herbalism,1
escalated,1
vaughan,1
lightyears,1
erratic,1
inheritance,1
arrietty,1
ferrier,1
virginity,1
thermo,1
eventful,1
graphite,1
ennegram,1
drag,1
sextuplet,1
hellllo,1
closeness,1
expected,1
slant,1
applies,1
uploading,1
socialze,1
dutch,1
devotion,1
steamroll,1
talon235,1
tourism,1
inexpressive,1
cathedral,1
fanciful,1
turquoise,1
bast,1
illiterate,1
appeared,1
instruction,1
ob,1
deviantart,1
programming,1
fulfills,1
deodorant,1
parody,1
keeper,1
strait,1
safely,1
catherine,1
gloryhole,1
intellect,1
millennials,1
cage,1
overdraft,1
jhameel,1
derail,1
sate,1
impersonal,1
turd,1
rapy,1
quacker,1
incorrectly,1
addition,1
igmar,1
11am,1
promote,1
permit,1
ofc,1
spread,1
woolf,1
sooooooooo,1
feline,1
packing,1
quelques,1
staggering,1
titled,1
philippine,1
murdering,1
pinpoint,1
nonverbal,1
extraordinarily,1
kurt,1
astronomically,1
drew,1
involves,1
olea,1
adhd,1
stargazing,1
osomatsu,1
accidenthttp,1
lookiing,1
address,1
l5ae6,1
cosplay,1
propensity,1
devalue,1
reasonably,1
mindlessly,1
marktwain,1
pump,1
moly,1
disorgainized,1
conflicting,1
proctor,1
clyme,1
disable,1
distract,1
methodical,1
liter,1
colouring,1
ranking,1
irk,1
benedict,1
determining,1
missy,1
gawd,1
ruined,1
subscribed,1
ailment,1
arise,1
trifolium,1
sias,1
yeahhh,1
dee,1
border,1
dodgy,1
yaay,1
lizzie,1
idiotic,1
midway,1
irrationally,1
stuti,1
efficency,1
sewing,1
plug,1
sagans,1
intensified,1
kay,1
filter,1
easygoing,1
marilla,1
caution,1
unhappiness,1
likewise,1
zooey,1
bitterly,1
retire,1
enneatypes,1
arabian,1
resembling,1
bys,1
howlin,1
freeing,1
ummmm,1
increased,1
onerepublic,1
chicnstu,1
freeze,1
mismatch,1
stimpy,1
striking,1
mikazaki,1
resign,1
scent,1
pov,1
authentic,1
malleable,1
permissive,1
erm,1
cow,1
farrah,1
beloved,1
vastly,1
potency,1
answering,1
zuko,1
pridefull,1
counterpoint,1
doodled,1
quieter,1
occupied,1
underestimate,1
dinosaur,1
refusing,1
xxfj,1
lautners,1
replicate,1
prosperity,1
mardi,1
blablabla,1
niti,1
definetly,1
suicide,1
leat,1
corporate,1
meotherwise,1
vunar,1
indoor,1
th,1
dissociation,1
mush,1
occur,1
soviet,1
hypocrite,1
whatx97,1
meek,1
send,1
pepsi,1
unspecific,1
sunshine,1
unforgivable,1
eiderdown,1
shift,1
oz,1
transitioned,1
300k,1
racial,1
vodka,1
astronaut,1
myselt,1
procedure,1
s1,1
rocking,1
intimacy,1
evaluate,1
unpopular,1
bummer,1
artfully,1
verre,1
sean,1
gland,1
well…,1
smelly,1
overcompensating,1
shaky,1
percieved,1
lust,1
aesthetic,1
avoided,1
horrifying,1
downright,1
pairing,1
largely,1
lioness,1
pianist,1
cole,1
theology,1
leukemia,1
disco,1
sunk,1
brahms,1
deffend,1
andré,1
fallacy,1
passepartout,1
translation,1
maggie,1
negotiating,1
garlic,1
fairy,1
devilish,1
insert,1
preview,1
underground,1
gubler,1
spine,1
resurface,1
histrionic,1
hahahahahahahaha,1
philosofical,1
mcnulty,1
withdraw,1
plight,1
frosting,1
whatll,1
bijouxx,1
floriographer,1
robbed,1
skunk,1
spawn,1
maaaaybe,1
trustfull,1
nesi,1
despair,1
alternating,1
grading,1
chippities,1
democratic,1
wordsworth,1
dork,1
mirror,1
wordplay,1
suppressive,1
placeholder,1
tobio,1
uncontrollable,1
kenobi,1
antipode,1
coin,1
inducing,1
socrates,1
cracking,1
gaff,1
tint,1
obliterate,1
progression,1
realm,1
regulating,1
server,1
recover,1
overcome,1
handling,1
neverattachedbefore,1
hinata,1
dalai,1
metalworker,1
esfx,1
flynn,1
gov,1
melisandre,1
implication,1
animated,1
yeeeey,1
bush,1
kayness,1
needyetc,1
berthiaume,1
boiling,1
hypnotised,1
popping,1
graphically,1
apologising,1
crippling,1
directional,1
situational,1
ironed,1
enxj,1
elsa,1
hatching,1
ssri,1
feeding,1
retreating,1
confined,1
range,1
train,1
promised,1
sway,1
tritype,1
directing,1
tarantula,1
solved,1
checklist,1
10th,1
waah,1
thanked,1
rationality,1
filipino,1
enzo,1
nevertheless,1
destroying,1
huckleberry,1
terabithia,1
seductive,1
outsider,1
wielder,1
dean,1
veer,1
psychocandy,1
alphys,1
bohemian,1
nasal,1
cascada,1
gymnopedies,1
lovegood,1
gras,1
slippery,1
socialism,1
cp,1
gtr,1
diplo,1
derek,1
jennette,1
loa,1
jeopardy,1
screenshot,1
oliver,1
desouza,1
suggesting,1
thea,1
clinic,1
snail,1
macarenas,1
manly,1
hardwork,1
kirby,1
alll,1
flowed,1
approachable,1
exhilarating,1
bbb,1
shadow,1
swede,1
blasting,1
collie,1
bossing,1
admiring,1
prostitution,1
horton,1
snowflake,1
googled,1
burr,1
brewing,1
eie,1
monring,1
indian,1
cool13,1
pause,1
godard,1
overwhleming,1
tricky,1
advantageous,1
qualify,1
sneaky,1
mute,1
jamaican,1
chicken,1
influential,1
5pm,1
airhead,1
basing,1
royalty,1
honorary,1
uselessly,1
declaring,1
kylo,1
necromancing,1
dread,1
prevails,1
gots,1
hangout,1
perfectionist,1
genie,1
confrontational,1
purely,1
rained,1
feelrs,1
aging,1
uwu,1
tash,1
tuned,1
precious,1
completing,1
arrangement,1
mitsuko,1
cocktail,1
hindrance,1
lama,1
asshole,1
channing,1
raw,1
tris,1
impatient,1
mythology,1
exterminating,1
exit,1
demanding,1
sparring,1
2helpfulness,1
alongside,1
dicaprio,1
soulmates,1
graded,1
unprecedented,1
11th,1
babble,1
hotter,1
treated,1
infjigsaw,1
karkat,1
pushy,1
wolfgang,1
medicate,1
prison,1
dumped,1
atom,1
bitterness,1
alaska,1
fairness,1
accuse,1
donkey,1
miranda,1
marine,1
measurable,1
gushiness,1
ef,1
watt,1
insincere,1
questionare,1
corpse,1
ditziest,1
marsha,1
outward,1
method,1
yoosung,1
src,1
beast,1
frankly,1
melb,1
reminiscing,1
ph,1
irritate,1
peltless,1
victoria,1
ripening,1
cd,1
static,1
cleveland,1
jail,1
balderdash,1
yogurt,1
capture,1
concerning,1
garbage,1
arcade,1
pesky,1
deserted,1
binder,1
thermal,1
layton,1
musicophilia,1
unreasonable,1
polanski,1
undesirable,1
antisocial,1
haunting,1
rediculous,1
sober,1
7mb,1
elegance,1
grammatical,1
suprisingly,1
selfishness,1
bullwinkle,1
tolerant,1
trope,1
contradictory,1
porridge,1
bambi,1
newsagent,1
overlap,1
convesations,1
erik,1
mazda,1
fincher,1
loled,1
hugging,1
desc,1
sting,1
potato,1
stalker,1
jabbing,1
fiscal,1
rescue,1
principal,1
scariest,1
defention,1
disavowal,1
england,1
boiler,1
cohesion,1
trail,1
chu,1
bitchy,1
ze,1
freya,1
map,1
instrumentation,1
unconditionally,1
mongolia,1
specialize,1
clueless,1
untrue,1
trek,1
goamare,1
scenic,1
berry,1
validation,1
grid,1
bruised,1
lone,1
ponder,1
storm,1
aaaand,1
roger,1
methinks,1
easter,1
thief,1
owes,1
rogers,1
forgetfulness,1
jet,1
italia,1
incorporate,1
refreshing,1
overseas,1
code,1
rescued,1
moderator,1
cheeky,1
reeses,1
snowfall,1
chanting,1
distorting,1
sei,1
au,1
redhead,1
primer,1
frederic,1
marginal,1
headstrong,1
researching,1
shaming,1
relaxation,1
gaskarths,1
di,1
vulgarity,1
dose,1
varying,1
misnomer,1
dwane,1
partly,1
orrr,1
rollseyes,1
grim,1
tug,1
scrap,1
urgh,1
soooooooo,1
darrell,1
tinkering,1
constricts,1
afterlife,1
avow,1
graf,1
ambiverted,1
noir,1
prerequisite,1
cast,1
bezel,1
vanilla,1
aspiration,1
s5,1
blondie,1
innately,1
condition,1
apostrophe,1
anastasia,1
malakian,1
stifled,1
dishing,1
measured,1
passport,1
bluemajorelle,1
forceful,1
szechuan,1
costa,1
accent,1
fridge,1
echo,1
gander,1
successfully,1
basket,1
jamiebond,1
impressed,1
empowered,1
maturity,1
ik,1
grief,1
eyelash,1
uninfluenced,1
careless,1
metaphorical,1
southpark,1
steve,1
hamster,1
reflects,1
bursting,1
ivid,1
liiiive,1
esourceful,1
highway,1
ironically,1
poppin,1
myth,1
platonically,1
stepmom,1
tipping,1
